İlçe,Metrekare,Oda_Sayısı,Binanın_Yaşı,Fiyatı,Site_Icerisinde,Bulundugu_Kat,Kat_Sayisi,Isitma_Tipi,Veri_Kaynagi,Isitma_Skoru,İlçe_Kod,Oda_Metrekare,Yaş_Grup,Metrekare_Log,Oda_Sayisi_Log,Metrekare_x_Oda,Yas_x_Metrekare,İlçe_Gücü,Giris_Kat_Mi,Site_Bonus,Kat_Orani,Ilce_Oda_Key,İlçe_Oda_Gücü
Beşiktaş,190,5.0,7.5,18000000.0,0.0,3.0,8,Doğalgaz,Emlakjet,1.0,8,37.254901960784316,1,5.25227342804663,1.791759469228055,950.0,1425.0,29936740.139211137,0,0.0,0.3703703703703704,Beşiktaş_5,38385762.711864404
Beşiktaş,300,6.0,30.0,8500000.0,0.0,3.0,8,Doğalgaz,Emlakjet,1.0,8,49.18032786885246,3,5.707110264748875,1.9459101490553132,1800.0,9000.0,29936740.139211137,0,0.0,0.3703703703703704,Beşiktaş_6,42748333.333333336
Beşiktaş,350,7.0,30.0,16500000.0,0.0,3.0,8,Doğalgaz,Emlakjet,1.0,8,49.29577464788733,3,5.860786223465865,2.0794415416798357,2450.0,10500.0,29936740.139211137,0,0.0,0.3703703703703704,Beşiktaş_7,47342307.692307696
Beşiktaş,450,8.0,7.5,22000000.0,0.0,3.0,8,Doğalgaz,Emlakjet,1.0,8,55.55555555555556,1,6.111467339502679,2.1972245773362196,3600.0,3375.0,29936740.139211137,0,0.0,0.3703703703703704,Beşiktaş_8,29345454.545454547
Beşiktaş,160,4.0,30.0,4250000.0,0.0,3.0,8,Doğalgaz,Emlakjet,1.0,8,39.024390243902445,3,5.081404364984463,1.6094379124341003,640.0,4800.0,29936740.139211137,0,0.0,0.3703703703703704,Beşiktaş_4,27622500.0
Beşiktaş,65,3.0,30.0,875000.0,0.0,3.0,8,Doğalgaz,Emlakjet,1.0,8,20.967741935483872,3,4.189654742026425,1.3862943611198906,195.0,1950.0,29936740.139211137,0,0.0,0.3703703703703704,Beşiktaş_3,27756909.722222224
Beşiktaş,350,6.0,30.0,28000000.0,0.0,3.0,8,Doğalgaz,Emlakjet,1.0,8,57.37704918032787,3,5.860786223465865,1.9459101490553132,2100.0,10500.0,29936740.139211137,0,0.0,0.3703703703703704,Beşiktaş_6,42748333.333333336
Beşiktaş,90,3.0,30.0,1250000.0,0.0,3.0,8,Doğalgaz,Emlakjet,1.0,8,29.032258064516128,3,4.51085950651685,1.3862943611198906,270.0,2700.0,29936740.139211137,0,0.0,0.3703703703703704,Beşiktaş_3,27756909.722222224
Beşiktaş,160,4.0,30.0,4950000.0,0.0,3.0,8,Doğalgaz,Emlakjet,1.0,8,39.024390243902445,3,5.081404364984463,1.6094379124341003,640.0,4800.0,29936740.139211137,0,0.0,0.3703703703703704,Beşiktaş_4,27622500.0
Beşiktaş,190,5.0,18.0,7600000.0,0.0,3.0,8,Doğalgaz,Emlakjet,1.0,8,37.254901960784316,2,5.25227342804663,1.791759469228055,950.0,3420.0,29936740.139211137,0,0.0,0.3703703703703704,Beşiktaş_5,38385762.711864404
Beşiktaş,270,7.0,7.5,8500000.0,0.0,3.0,8,Doğalgaz,Emlakjet,1.0,8,38.02816901408451,1,5.602118820879701,2.0794415416798357,1890.0,2025.0,29936740.139211137,0,0.0,0.3703703703703704,Beşiktaş_7,47342307.692307696
Beşiktaş,200,5.0,30.0,2500000.0,0.0,3.0,8,Doğalgaz,Emlakjet,1.0,8,39.21568627450981,3,5.303304908059076,1.791759469228055,1000.0,6000.0,29936740.139211137,0,0.0,0.3703703703703704,Beşiktaş_5,38385762.711864404
Beşiktaş,200,4.0,30.0,3650000.0,0.0,3.0,8,Doğalgaz,Emlakjet,1.0,8,48.78048780487805,3,5.303304908059076,1.6094379124341003,800.0,6000.0,29936740.139211137,0,0.0,0.3703703703703704,Beşiktaş_4,27622500.0
Beşiktaş,236,5.0,10.0,21000000.0,0.0,3.0,8,Doğalgaz,Emlakjet,1.0,8,46.274509803921575,1,5.4680601411351315,1.791759469228055,1180.0,2360.0,29936740.139211137,0,0.0,0.3703703703703704,Beşiktaş_5,38385762.711864404
Beşiktaş,420,6.0,4.0,35000000.0,0.0,3.0,8,Doğalgaz,Emlakjet,1.0,8,68.85245901639345,0,6.042632833682381,1.9459101490553132,2520.0,1680.0,29936740.139211137,0,0.0,0.3703703703703704,Beşiktaş_6,42748333.333333336
Beşiktaş,168,3.0,2.0,10500000.0,0.0,3.0,8,Doğalgaz,Emlakjet,1.0,8,54.193548387096776,0,5.1298987149230735,1.3862943611198906,504.0,336.0,29936740.139211137,0,0.0,0.3703703703703704,Beşiktaş_3,27756909.722222224
Beşiktaş,212,4.0,2.0,18200000.0,0.0,3.0,8,Doğalgaz,Emlakjet,1.0,8,51.707317073170735,0,5.3612921657094255,1.6094379124341003,848.0,424.0,29936740.139211137,0,0.0,0.3703703703703704,Beşiktaş_4,27622500.0
Beşiktaş,130,5.0,30.0,2000000.0,0.0,3.0,8,Doğalgaz,Emlakjet,1.0,8,25.490196078431374,3,4.875197323201151,1.791759469228055,650.0,3900.0,29936740.139211137,0,0.0,0.3703703703703704,Beşiktaş_5,38385762.711864404
Beşiktaş,120,3.5,30.0,3800000.0,0.0,3.0,8,Doğalgaz,Emlakjet,1.0,8,33.333333333333336,3,4.795790545596741,1.5040773967762742,420.0,3600.0,29936740.139211137,0,0.0,0.3703703703703704,Beşiktaş_3,27756909.722222224
Beşiktaş,600,6.0,4.0,80000000.0,0.0,3.0,8,Doğalgaz,Emlakjet,1.0,8,98.36065573770492,0,6.398594934535208,1.9459101490553132,3600.0,2400.0,29936740.139211137,0,0.0,0.3703703703703704,Beşiktaş_6,42748333.333333336
Beşiktaş,180,4.0,30.0,17000000.0,0.0,3.0,8,Doğalgaz,Emlakjet,1.0,8,43.90243902439025,3,5.198497031265826,1.6094379124341003,720.0,5400.0,29936740.139211137,0,0.0,0.3703703703703704,Beşiktaş_4,27622500.0
Beşiktaş,240,5.0,10.0,9000000.0,0.0,3.0,8,Doğalgaz,Emlakjet,1.0,8,47.05882352941177,1,5.484796933490655,1.791759469228055,1200.0,2400.0,29936740.139211137,0,0.0,0.3703703703703704,Beşiktaş_5,38385762.711864404
Beşiktaş,130,4.0,30.0,2000000.0,0.0,3.0,8,Doğalgaz,Emlakjet,1.0,8,31.707317073170735,3,4.875197323201151,1.6094379124341003,520.0,3900.0,29936740.139211137,0,0.0,0.3703703703703704,Beşiktaş_4,27622500.0
Beşiktaş,130,4.0,30.0,1525000.0,0.0,3.0,8,Doğalgaz,Emlakjet,1.0,8,31.707317073170735,3,4.875197323201151,1.6094379124341003,520.0,3900.0,29936740.139211137,0,0.0,0.3703703703703704,Beşiktaş_4,27622500.0
Beşiktaş,80,3.0,30.0,1150000.0,0.0,3.0,8,Doğalgaz,Emlakjet,1.0,8,25.806451612903224,3,4.394449154672439,1.3862943611198906,240.0,2400.0,29936740.139211137,0,0.0,0.3703703703703704,Beşiktaş_3,27756909.722222224
Beşiktaş,70,2.0,30.0,2100000.0,0.0,3.0,8,Doğalgaz,Emlakjet,1.0,8,33.33333333333333,3,4.2626798770413155,1.0986122886681098,140.0,2100.0,29936740.139211137,0,0.0,0.3703703703703704,Beşiktaş_2,14200681.818181818
Beşiktaş,650,7.0,7.5,110000000.0,0.0,3.0,8,Doğalgaz,Emlakjet,1.0,8,91.54929577464789,1,6.478509642208569,2.0794415416798357,4550.0,4875.0,29936740.139211137,0,0.0,0.3703703703703704,Beşiktaş_7,47342307.692307696
Beşiktaş,260,5.0,30.0,42000000.0,0.0,3.0,8,Doğalgaz,Emlakjet,1.0,8,50.98039215686275,3,5.564520407322694,1.791759469228055,1300.0,7800.0,29936740.139211137,0,0.0,0.3703703703703704,Beşiktaş_5,38385762.711864404
Beşiktaş,240,6.0,30.0,14000000.0,0.0,3.0,8,Doğalgaz,Emlakjet,1.0,8,39.34426229508197,3,5.484796933490655,1.9459101490553132,1440.0,7200.0,29936740.139211137,0,0.0,0.3703703703703704,Beşiktaş_6,42748333.333333336
Beşiktaş,320,6.0,30.0,16000000.0,0.0,3.0,8,Doğalgaz,Emlakjet,1.0,8,52.459016393442624,3,5.771441123130016,1.9459101490553132,1920.0,9600.0,29936740.139211137,0,0.0,0.3703703703703704,Beşiktaş_6,42748333.333333336
Beşiktaş,180,4.0,30.0,17000000.0,0.0,3.0,8,Doğalgaz,Emlakjet,1.0,8,43.90243902439025,3,5.198497031265826,1.6094379124341003,720.0,5400.0,29936740.139211137,0,0.0,0.3703703703703704,Beşiktaş_4,27622500.0
Beşiktaş,125,4.0,30.0,3250000.0,0.0,3.0,8,Doğalgaz,Emlakjet,1.0,8,30.487804878048784,3,4.836281906951478,1.6094379124341003,500.0,3750.0,29936740.139211137,0,0.0,0.3703703703703704,Beşiktaş_4,27622500.0
Beşiktaş,210,4.0,7.5,7500000.0,0.0,3.0,8,Doğalgaz,Emlakjet,1.0,8,51.21951219512196,1,5.351858133476067,1.6094379124341003,840.0,1575.0,29936740.139211137,0,0.0,0.3703703703703704,Beşiktaş_4,27622500.0
Beşiktaş,175,4.0,30.0,11000000.0,0.0,3.0,8,Doğalgaz,Emlakjet,1.0,8,42.6829268292683,3,5.170483995038151,1.6094379124341003,700.0,5250.0,29936740.139211137,0,0.0,0.3703703703703704,Beşiktaş_4,27622500.0
Beşiktaş,110,4.0,30.0,1950000.0,0.0,3.0,8,Doğalgaz,Emlakjet,1.0,8,26.82926829268293,3,4.709530201312334,1.6094379124341003,440.0,3300.0,29936740.139211137,0,0.0,0.3703703703703704,Beşiktaş_4,27622500.0
Beşiktaş,350,8.0,30.0,11000000.0,0.0,3.0,8,Doğalgaz,Emlakjet,1.0,8,43.20987654320988,3,5.860786223465865,2.1972245773362196,2800.0,10500.0,29936740.139211137,0,0.0,0.3703703703703704,Beşiktaş_8,29345454.545454547
Beşiktaş,100,3.0,18.0,7000000.0,0.0,3.0,8,Doğalgaz,Emlakjet,1.0,8,32.25806451612903,2,4.61512051684126,1.3862943611198906,300.0,1800.0,29936740.139211137,0,0.0,0.3703703703703704,Beşiktaş_3,27756909.722222224
Beşiktaş,230,3.0,30.0,14000000.0,0.0,3.0,8,Doğalgaz,Emlakjet,1.0,8,74.19354838709677,3,5.442417710521793,1.3862943611198906,690.0,6900.0,29936740.139211137,0,0.0,0.3703703703703704,Beşiktaş_3,27756909.722222224
Beşiktaş,130,4.0,30.0,1950000.0,0.0,3.0,8,Doğalgaz,Emlakjet,1.0,8,31.707317073170735,3,4.875197323201151,1.6094379124341003,520.0,3900.0,29936740.139211137,0,0.0,0.3703703703703704,Beşiktaş_4,27622500.0
Beşiktaş,120,4.0,10.0,3100000.0,0.0,3.0,8,Doğalgaz,Emlakjet,1.0,8,29.26829268292683,1,4.795790545596741,1.6094379124341003,480.0,1200.0,29936740.139211137,0,0.0,0.3703703703703704,Beşiktaş_4,27622500.0
Beşiktaş,150,4.0,10.0,7500000.0,0.0,3.0,8,Doğalgaz,Emlakjet,1.0,8,36.58536585365854,1,5.017279836814924,1.6094379124341003,600.0,1500.0,29936740.139211137,0,0.0,0.3703703703703704,Beşiktaş_4,27622500.0
Beşiktaş,80,3.0,30.0,1200000.0,0.0,3.0,8,Doğalgaz,Emlakjet,1.0,8,25.806451612903224,3,4.394449154672439,1.3862943611198906,240.0,2400.0,29936740.139211137,0,0.0,0.3703703703703704,Beşiktaş_3,27756909.722222224
Beşiktaş,85,3.0,30.0,1000000.0,0.0,3.0,8,Doğalgaz,Emlakjet,1.0,8,27.419354838709676,3,4.454347296253507,1.3862943611198906,255.0,2550.0,29936740.139211137,0,0.0,0.3703703703703704,Beşiktaş_3,27756909.722222224
Beşiktaş,80,2.0,30.0,1950000.0,0.0,3.0,8,Doğalgaz,Emlakjet,1.0,8,38.095238095238095,3,4.394449154672439,1.0986122886681098,160.0,2400.0,29936740.139211137,0,0.0,0.3703703703703704,Beşiktaş_2,14200681.818181818
Beşiktaş,200,5.0,30.0,2500000.0,0.0,3.0,8,Doğalgaz,Emlakjet,1.0,8,39.21568627450981,3,5.303304908059076,1.791759469228055,1000.0,6000.0,29936740.139211137,0,0.0,0.3703703703703704,Beşiktaş_5,38385762.711864404
Beşiktaş,120,4.0,10.0,3650000.0,0.0,3.0,8,Doğalgaz,Emlakjet,1.0,8,29.26829268292683,1,4.795790545596741,1.6094379124341003,480.0,1200.0,29936740.139211137,0,0.0,0.3703703703703704,Beşiktaş_4,27622500.0
Beşiktaş,110,4.0,10.0,3650000.0,0.0,3.0,8,Doğalgaz,Emlakjet,1.0,8,26.82926829268293,1,4.709530201312334,1.6094379124341003,440.0,1100.0,29936740.139211137,0,0.0,0.3703703703703704,Beşiktaş_4,27622500.0
Beşiktaş,380,6.0,7.5,40000000.0,0.0,3.0,8,Doğalgaz,Emlakjet,1.0,8,62.29508196721312,1,5.942799375126701,1.9459101490553132,2280.0,2850.0,29936740.139211137,0,0.0,0.3703703703703704,Beşiktaş_6,42748333.333333336
Beşiktaş,220,4.0,4.0,30000000.0,0.0,3.0,8,Doğalgaz,Emlakjet,1.0,8,53.65853658536586,0,5.3981627015177525,1.6094379124341003,880.0,880.0,29936740.139211137,0,0.0,0.3703703703703704,Beşiktaş_4,27622500.0
Beşiktaş,217,3.0,10.0,25000000.0,0.0,3.0,8,Doğalgaz,Emlakjet,1.0,8,70.0,1,5.384495062789089,1.3862943611198906,651.0,2170.0,29936740.139211137,0,0.0,0.3703703703703704,Beşiktaş_3,27756909.722222224
Beşiktaş,221,4.0,10.0,30000000.0,0.0,3.0,8,Doğalgaz,Emlakjet,1.0,8,53.90243902439025,1,5.402677381872279,1.6094379124341003,884.0,2210.0,29936740.139211137,0,0.0,0.3703703703703704,Beşiktaş_4,27622500.0
Beşiktaş,180,4.0,30.0,8600000.0,0.0,3.0,8,Doğalgaz,Emlakjet,1.0,8,43.90243902439025,3,5.198497031265826,1.6094379124341003,720.0,5400.0,29936740.139211137,0,0.0,0.3703703703703704,Beşiktaş_4,27622500.0
Beşiktaş,220,4.0,4.0,33000000.0,0.0,3.0,8,Doğalgaz,Emlakjet,1.0,8,53.65853658536586,0,5.3981627015177525,1.6094379124341003,880.0,880.0,29936740.139211137,0,0.0,0.3703703703703704,Beşiktaş_4,27622500.0
Beşiktaş,120,3.0,30.0,1750000.0,0.0,3.0,8,Doğalgaz,Emlakjet,1.0,8,38.70967741935484,3,4.795790545596741,1.3862943611198906,360.0,3600.0,29936740.139211137,0,0.0,0.3703703703703704,Beşiktaş_3,27756909.722222224
Beşiktaş,115,3.0,30.0,5450000.0,0.0,3.0,8,Doğalgaz,Emlakjet,1.0,8,37.096774193548384,3,4.7535901911063645,1.3862943611198906,345.0,3450.0,29936740.139211137,0,0.0,0.3703703703703704,Beşiktaş_3,27756909.722222224
Beşiktaş,95,3.0,30.0,2400000.0,0.0,3.0,8,Doğalgaz,Emlakjet,1.0,8,30.64516129032258,3,4.564348191467836,1.3862943611198906,285.0,2850.0,29936740.139211137,0,0.0,0.3703703703703704,Beşiktaş_3,27756909.722222224
Beşiktaş,190,4.0,10.0,9400000.0,0.0,3.0,8,Doğalgaz,Emlakjet,1.0,8,46.34146341463415,1,5.25227342804663,1.6094379124341003,760.0,1900.0,29936740.139211137,0,0.0,0.3703703703703704,Beşiktaş_4,27622500.0
Beşiktaş,340,6.0,30.0,40000000.0,0.0,3.0,8,Doğalgaz,Emlakjet,1.0,8,55.73770491803279,3,5.831882477283517,1.9459101490553132,2040.0,10200.0,29936740.139211137,0,0.0,0.3703703703703704,Beşiktaş_6,42748333.333333336
Beşiktaş,890,3.0,30.0,98000000.0,0.0,3.0,8,Doğalgaz,Emlakjet,1.0,8,287.09677419354836,3,6.792344427470809,1.3862943611198906,2670.0,26700.0,29936740.139211137,0,0.0,0.3703703703703704,Beşiktaş_3,27756909.722222224
Beşiktaş,600,6.0,7.5,118000000.0,0.0,3.0,8,Doğalgaz,Emlakjet,1.0,8,98.36065573770492,1,6.398594934535208,1.9459101490553132,3600.0,4500.0,29936740.139211137,0,0.0,0.3703703703703704,Beşiktaş_6,42748333.333333336
Beşiktaş,421,3.0,30.0,12500000.0,0.0,3.0,8,Doğalgaz,Emlakjet,1.0,8,135.80645161290323,3,6.045005314036012,1.3862943611198906,1263.0,12630.0,29936740.139211137,0,0.0,0.3703703703703704,Beşiktaş_3,27756909.722222224
Beşiktaş,140,4.0,30.0,4400000.0,0.0,3.0,8,Doğalgaz,Emlakjet,1.0,8,34.146341463414636,3,4.948759890378168,1.6094379124341003,560.0,4200.0,29936740.139211137,0,0.0,0.3703703703703704,Beşiktaş_4,27622500.0
Beşiktaş,340,7.0,30.0,30000000.0,0.0,3.0,8,Doğalgaz,Emlakjet,1.0,8,47.887323943661976,3,5.831882477283517,2.0794415416798357,2380.0,10200.0,29936740.139211137,0,0.0,0.3703703703703704,Beşiktaş_7,47342307.692307696
Beşiktaş,320,6.0,30.0,26000000.0,0.0,3.0,8,Doğalgaz,Emlakjet,1.0,8,52.459016393442624,3,5.771441123130016,1.9459101490553132,1920.0,9600.0,29936740.139211137,0,0.0,0.3703703703703704,Beşiktaş_6,42748333.333333336
Beşiktaş,110,2.0,30.0,7500000.0,0.0,3.0,8,Doğalgaz,Emlakjet,1.0,8,52.38095238095238,3,4.709530201312334,1.0986122886681098,220.0,3300.0,29936740.139211137,0,0.0,0.3703703703703704,Beşiktaş_2,14200681.818181818
Beşiktaş,900,3.0,10.0,60000000.0,0.0,3.0,8,Doğalgaz,Emlakjet,1.0,8,290.3225806451613,1,6.803505257608338,1.3862943611198906,2700.0,9000.0,29936740.139211137,0,0.0,0.3703703703703704,Beşiktaş_3,27756909.722222224
Beşiktaş,95,3.0,30.0,2750000.0,0.0,3.0,8,Doğalgaz,Emlakjet,1.0,8,30.64516129032258,3,4.564348191467836,1.3862943611198906,285.0,2850.0,29936740.139211137,0,0.0,0.3703703703703704,Beşiktaş_3,27756909.722222224
Beşiktaş,300,5.0,30.0,29000000.0,0.0,3.0,8,Doğalgaz,Emlakjet,1.0,8,58.82352941176471,3,5.707110264748875,1.791759469228055,1500.0,9000.0,29936740.139211137,0,0.0,0.3703703703703704,Beşiktaş_5,38385762.711864404
Beşiktaş,187,4.0,30.0,13000000.0,0.0,3.0,8,Doğalgaz,Emlakjet,1.0,8,45.60975609756098,3,5.236441962829949,1.6094379124341003,748.0,5610.0,29936740.139211137,0,0.0,0.3703703703703704,Beşiktaş_4,27622500.0
Beşiktaş,100,3.0,10.0,2950000.0,0.0,3.0,8,Doğalgaz,Emlakjet,1.0,8,32.25806451612903,1,4.61512051684126,1.3862943611198906,300.0,1000.0,29936740.139211137,0,0.0,0.3703703703703704,Beşiktaş_3,27756909.722222224
Beşiktaş,120,3.0,1.0,1875000.0,0.0,3.0,8,Doğalgaz,Emlakjet,1.0,8,38.70967741935484,0,4.795790545596741,1.3862943611198906,360.0,120.0,29936740.139211137,0,0.0,0.3703703703703704,Beşiktaş_3,27756909.722222224
Beşiktaş,144,4.0,4.0,2500000.0,0.0,3.0,8,Doğalgaz,Emlakjet,1.0,8,35.1219512195122,0,4.976733742420574,1.6094379124341003,576.0,576.0,29936740.139211137,0,0.0,0.3703703703703704,Beşiktaş_4,27622500.0
Beşiktaş,85,3.0,4.0,1250000.0,0.0,3.0,8,Doğalgaz,Emlakjet,1.0,8,27.419354838709676,0,4.454347296253507,1.3862943611198906,255.0,340.0,29936740.139211137,0,0.0,0.3703703703703704,Beşiktaş_3,27756909.722222224
Beşiktaş,125,3.0,1.0,1750000.0,0.0,3.0,8,Doğalgaz,Emlakjet,1.0,8,40.32258064516129,0,4.836281906951478,1.3862943611198906,375.0,125.0,29936740.139211137,0,0.0,0.3703703703703704,Beşiktaş_3,27756909.722222224
Beşiktaş,72,2.0,7.5,2500000.0,0.0,3.0,8,Doğalgaz,Emlakjet,1.0,8,34.285714285714285,1,4.290459441148391,1.0986122886681098,144.0,540.0,29936740.139211137,0,0.0,0.3703703703703704,Beşiktaş_2,14200681.818181818
Beşiktaş,90,3.0,30.0,845000.0,0.0,3.0,8,Doğalgaz,Emlakjet,1.0,8,29.032258064516128,3,4.51085950651685,1.3862943611198906,270.0,2700.0,29936740.139211137,0,0.0,0.3703703703703704,Beşiktaş_3,27756909.722222224
Beşiktaş,85,3.0,10.0,2100000.0,0.0,3.0,8,Doğalgaz,Emlakjet,1.0,8,27.419354838709676,1,4.454347296253507,1.3862943611198906,255.0,850.0,29936740.139211137,0,0.0,0.3703703703703704,Beşiktaş_3,27756909.722222224
Beşiktaş,400,8.0,30.0,32500000.0,0.0,3.0,8,Doğalgaz,Emlakjet,1.0,8,49.382716049382715,3,5.993961427306569,2.1972245773362196,3200.0,12000.0,29936740.139211137,0,0.0,0.3703703703703704,Beşiktaş_8,29345454.545454547
Beşiktaş,320,6.0,30.0,12000000.0,0.0,3.0,8,Doğalgaz,Emlakjet,1.0,8,52.459016393442624,3,5.771441123130016,1.9459101490553132,1920.0,9600.0,29936740.139211137,0,0.0,0.3703703703703704,Beşiktaş_6,42748333.333333336
Beşiktaş,276,4.0,7.5,37500000.0,0.0,3.0,8,Doğalgaz,Emlakjet,1.0,8,67.31707317073172,1,5.6240175061873385,1.6094379124341003,1104.0,2070.0,29936740.139211137,0,0.0,0.3703703703703704,Beşiktaş_4,27622500.0
Beşiktaş,280,3.0,7.5,8500000.0,0.0,3.0,8,Doğalgaz,Emlakjet,1.0,8,90.32258064516128,1,5.638354669333745,1.3862943611198906,840.0,2100.0,29936740.139211137,0,0.0,0.3703703703703704,Beşiktaş_3,27756909.722222224
Beşiktaş,212,4.0,10.0,18200000.0,0.0,3.0,8,Doğalgaz,Emlakjet,1.0,8,51.707317073170735,1,5.3612921657094255,1.6094379124341003,848.0,2120.0,29936740.139211137,0,0.0,0.3703703703703704,Beşiktaş_4,27622500.0
Beşiktaş,420,6.0,2.0,32900000.0,0.0,3.0,8,Doğalgaz,Emlakjet,1.0,8,68.85245901639345,0,6.042632833682381,1.9459101490553132,2520.0,840.0,29936740.139211137,0,0.0,0.3703703703703704,Beşiktaş_6,42748333.333333336
Beşiktaş,400,6.0,13.0,35000000.0,0.0,3.0,8,Doğalgaz,Emlakjet,1.0,8,65.57377049180329,2,5.993961427306569,1.9459101490553132,2400.0,5200.0,29936740.139211137,0,0.0,0.3703703703703704,Beşiktaş_6,42748333.333333336
Beşiktaş,143,3.0,2.0,10500000.0,0.0,3.0,8,Doğalgaz,Emlakjet,1.0,8,46.12903225806451,0,4.969813299576001,1.3862943611198906,429.0,286.0,29936740.139211137,0,0.0,0.3703703703703704,Beşiktaş_3,27756909.722222224
Beşiktaş,240,4.5,18.0,11000000.0,0.0,3.0,8,Doğalgaz,Emlakjet,1.0,8,52.173913043478265,2,5.484796933490655,1.7047480922384253,1080.0,4320.0,29936740.139211137,0,0.0,0.3703703703703704,Beşiktaş_4,27622500.0
Beşiktaş,600,3.0,30.0,13000000.0,0.0,3.0,8,Doğalgaz,Emlakjet,1.0,8,193.54838709677418,3,6.398594934535208,1.3862943611198906,1800.0,18000.0,29936740.139211137,0,0.0,0.3703703703703704,Beşiktaş_3,27756909.722222224
Beşiktaş,85,3.0,30.0,1100000.0,0.0,3.0,8,Doğalgaz,Emlakjet,1.0,8,27.419354838709676,3,4.454347296253507,1.3862943611198906,255.0,2550.0,29936740.139211137,0,0.0,0.3703703703703704,Beşiktaş_3,27756909.722222224
Beşiktaş,100,4.0,30.0,1250000.0,0.0,3.0,8,Doğalgaz,Emlakjet,1.0,8,24.390243902439025,3,4.61512051684126,1.6094379124341003,400.0,3000.0,29936740.139211137,0,0.0,0.3703703703703704,Beşiktaş_4,27622500.0
Beşiktaş,240,5.0,18.0,21000000.0,0.0,3.0,8,Doğalgaz,Emlakjet,1.0,8,47.05882352941177,2,5.484796933490655,1.791759469228055,1200.0,4320.0,29936740.139211137,0,0.0,0.3703703703703704,Beşiktaş_5,38385762.711864404
Beşiktaş,90,3.0,10.0,1580000.0,0.0,3.0,8,Doğalgaz,Emlakjet,1.0,8,29.032258064516128,1,4.51085950651685,1.3862943611198906,270.0,900.0,29936740.139211137,0,0.0,0.3703703703703704,Beşiktaş_3,27756909.722222224
Beşiktaş,320,7.0,18.0,10950000.0,0.0,3.0,8,Doğalgaz,Emlakjet,1.0,8,45.07042253521127,2,5.771441123130016,2.0794415416798357,2240.0,5760.0,29936740.139211137,0,0.0,0.3703703703703704,Beşiktaş_7,47342307.692307696
Beşiktaş,120,4.0,10.0,1700000.0,0.0,3.0,8,Doğalgaz,Emlakjet,1.0,8,29.26829268292683,1,4.795790545596741,1.6094379124341003,480.0,1200.0,29936740.139211137,0,0.0,0.3703703703703704,Beşiktaş_4,27622500.0
Beşiktaş,130,4.0,30.0,2500000.0,0.0,3.0,8,Doğalgaz,Emlakjet,1.0,8,31.707317073170735,3,4.875197323201151,1.6094379124341003,520.0,3900.0,29936740.139211137,0,0.0,0.3703703703703704,Beşiktaş_4,27622500.0
Beşiktaş,125,4.0,30.0,1500000.0,0.0,3.0,8,Doğalgaz,Emlakjet,1.0,8,30.487804878048784,3,4.836281906951478,1.6094379124341003,500.0,3750.0,29936740.139211137,0,0.0,0.3703703703703704,Beşiktaş_4,27622500.0
Beşiktaş,95,4.0,30.0,1100000.0,0.0,3.0,8,Doğalgaz,Emlakjet,1.0,8,23.170731707317074,3,4.564348191467836,1.6094379124341003,380.0,2850.0,29936740.139211137,0,0.0,0.3703703703703704,Beşiktaş_4,27622500.0
Beşiktaş,90,2.0,30.0,1990000.0,0.0,3.0,8,Doğalgaz,Emlakjet,1.0,8,42.857142857142854,3,4.51085950651685,1.0986122886681098,180.0,2700.0,29936740.139211137,0,0.0,0.3703703703703704,Beşiktaş_2,14200681.818181818
Beşiktaş,135,4.0,30.0,2000000.0,0.0,3.0,8,Doğalgaz,Emlakjet,1.0,8,32.926829268292686,3,4.912654885736052,1.6094379124341003,540.0,4050.0,29936740.139211137,0,0.0,0.3703703703703704,Beşiktaş_4,27622500.0
Beşiktaş,260,5.5,10.0,34000000.0,0.0,3.0,8,Doğalgaz,Emlakjet,1.0,8,46.42857142857143,1,5.564520407322694,1.8718021769015913,1430.0,2600.0,29936740.139211137,0,0.0,0.3703703703703704,Beşiktaş_5,38385762.711864404
Beşiktaş,100,2.0,18.0,9500000.0,0.0,3.0,8,Doğalgaz,Emlakjet,1.0,8,47.61904761904762,2,4.61512051684126,1.0986122886681098,200.0,1800.0,29936740.139211137,0,0.0,0.3703703703703704,Beşiktaş_2,14200681.818181818
Beşiktaş,350,6.0,7.5,25000000.0,0.0,3.0,8,Doğalgaz,Emlakjet,1.0,8,57.37704918032787,1,5.860786223465865,1.9459101490553132,2100.0,2625.0,29936740.139211137,0,0.0,0.3703703703703704,Beşiktaş_6,42748333.333333336
Beşiktaş,210,7.0,30.0,7500000.0,0.0,3.0,8,Doğalgaz,Emlakjet,1.0,8,29.577464788732396,3,5.351858133476067,2.0794415416798357,1470.0,6300.0,29936740.139211137,0,0.0,0.3703703703703704,Beşiktaş_7,47342307.692307696
Beşiktaş,150,3.0,30.0,4700000.0,0.0,3.0,8,Doğalgaz,Emlakjet,1.0,8,48.387096774193544,3,5.017279836814924,1.3862943611198906,450.0,4500.0,29936740.139211137,0,0.0,0.3703703703703704,Beşiktaş_3,27756909.722222224
Beşiktaş,110,3.0,30.0,1050000.0,0.0,3.0,8,Doğalgaz,Emlakjet,1.0,8,35.483870967741936,3,4.709530201312334,1.3862943611198906,330.0,3300.0,29936740.139211137,0,0.0,0.3703703703703704,Beşiktaş_3,27756909.722222224
Beşiktaş,195,4.5,13.0,19000000.0,0.0,3.0,8,Doğalgaz,Emlakjet,1.0,8,42.39130434782609,2,5.278114659230517,1.7047480922384253,877.5,2535.0,29936740.139211137,0,0.0,0.3703703703703704,Beşiktaş_4,27622500.0
Beşiktaş,140,4.0,10.0,8500000.0,0.0,3.0,8,Doğalgaz,Emlakjet,1.0,8,34.146341463414636,1,4.948759890378168,1.6094379124341003,560.0,1400.0,29936740.139211137,0,0.0,0.3703703703703704,Beşiktaş_4,27622500.0
Beşiktaş,200,5.0,10.0,9100000.0,0.0,3.0,8,Doğalgaz,Emlakjet,1.0,8,39.21568627450981,1,5.303304908059076,1.791759469228055,1000.0,2000.0,29936740.139211137,0,0.0,0.3703703703703704,Beşiktaş_5,38385762.711864404
Beşiktaş,240,5.0,7.5,10500000.0,0.0,3.0,8,Doğalgaz,Emlakjet,1.0,8,47.05882352941177,1,5.484796933490655,1.791759469228055,1200.0,1800.0,29936740.139211137,0,0.0,0.3703703703703704,Beşiktaş_5,38385762.711864404
Beşiktaş,70,2.0,30.0,825000.0,0.0,3.0,8,Doğalgaz,Emlakjet,1.0,8,33.33333333333333,3,4.2626798770413155,1.0986122886681098,140.0,2100.0,29936740.139211137,0,0.0,0.3703703703703704,Beşiktaş_2,14200681.818181818
Beşiktaş,320,5.5,18.0,33800000.0,0.0,3.0,8,Doğalgaz,Emlakjet,1.0,8,57.142857142857146,2,5.771441123130016,1.8718021769015913,1760.0,5760.0,29936740.139211137,0,0.0,0.3703703703703704,Beşiktaş_5,38385762.711864404
Beşiktaş,120,3.0,30.0,2750000.0,0.0,3.0,8,Doğalgaz,Emlakjet,1.0,8,38.70967741935484,3,4.795790545596741,1.3862943611198906,360.0,3600.0,29936740.139211137,0,0.0,0.3703703703703704,Beşiktaş_3,27756909.722222224
Beşiktaş,200,5.0,10.0,11000000.0,0.0,3.0,8,Doğalgaz,Emlakjet,1.0,8,39.21568627450981,1,5.303304908059076,1.791759469228055,1000.0,2000.0,29936740.139211137,0,0.0,0.3703703703703704,Beşiktaş_5,38385762.711864404
Beşiktaş,100,3.0,30.0,4100000.0,0.0,3.0,8,Doğalgaz,Emlakjet,1.0,8,32.25806451612903,3,4.61512051684126,1.3862943611198906,300.0,3000.0,29936740.139211137,0,0.0,0.3703703703703704,Beşiktaş_3,27756909.722222224
Beşiktaş,150,4.0,30.0,2750000.0,0.0,3.0,8,Doğalgaz,Emlakjet,1.0,8,36.58536585365854,3,5.017279836814924,1.6094379124341003,600.0,4500.0,29936740.139211137,0,0.0,0.3703703703703704,Beşiktaş_4,27622500.0
Beşiktaş,150,4.0,30.0,2200000.0,0.0,3.0,8,Doğalgaz,Emlakjet,1.0,8,36.58536585365854,3,5.017279836814924,1.6094379124341003,600.0,4500.0,29936740.139211137,0,0.0,0.3703703703703704,Beşiktaş_4,27622500.0
Beşiktaş,180,3.0,30.0,4950000.0,0.0,3.0,8,Doğalgaz,Emlakjet,1.0,8,58.064516129032256,3,5.198497031265826,1.3862943611198906,540.0,5400.0,29936740.139211137,0,0.0,0.3703703703703704,Beşiktaş_3,27756909.722222224
Beşiktaş,360,6.0,13.0,24000000.0,0.0,3.0,8,Doğalgaz,Emlakjet,1.0,8,59.016393442622956,2,5.8888779583328805,1.9459101490553132,2160.0,4680.0,29936740.139211137,0,0.0,0.3703703703703704,Beşiktaş_6,42748333.333333336
Beşiktaş,96,2.0,13.0,4200000.0,0.0,3.0,8,Doğalgaz,Emlakjet,1.0,8,45.714285714285715,2,4.574710978503383,1.0986122886681098,192.0,1248.0,29936740.139211137,0,0.0,0.3703703703703704,Beşiktaş_2,14200681.818181818
Beşiktaş,550,7.0,4.0,120000000.0,0.0,3.0,8,Doğalgaz,Emlakjet,1.0,8,77.46478873239437,0,6.311734809152915,2.0794415416798357,3850.0,2200.0,29936740.139211137,0,0.0,0.3703703703703704,Beşiktaş_7,47342307.692307696
Beşiktaş,330,6.0,30.0,10200000.0,0.0,3.0,8,Doğalgaz,Emlakjet,1.0,8,54.09836065573771,3,5.802118375377063,1.9459101490553132,1980.0,9900.0,29936740.139211137,0,0.0,0.3703703703703704,Beşiktaş_6,42748333.333333336
Beşiktaş,115,3.0,30.0,3650000.0,0.0,3.0,8,Doğalgaz,Emlakjet,1.0,8,37.096774193548384,3,4.7535901911063645,1.3862943611198906,345.0,3450.0,29936740.139211137,0,0.0,0.3703703703703704,Beşiktaş_3,27756909.722222224
Beşiktaş,100,4.0,30.0,1750000.0,0.0,3.0,8,Doğalgaz,Emlakjet,1.0,8,24.390243902439025,3,4.61512051684126,1.6094379124341003,400.0,3000.0,29936740.139211137,0,0.0,0.3703703703703704,Beşiktaş_4,27622500.0
Beşiktaş,380,5.0,13.0,14000000.0,0.0,3.0,8,Doğalgaz,Emlakjet,1.0,8,74.50980392156863,2,5.942799375126701,1.791759469228055,1900.0,4940.0,29936740.139211137,0,0.0,0.3703703703703704,Beşiktaş_5,38385762.711864404
Beşiktaş,100,3.0,30.0,1100000.0,0.0,3.0,8,Doğalgaz,Emlakjet,1.0,8,32.25806451612903,3,4.61512051684126,1.3862943611198906,300.0,3000.0,29936740.139211137,0,0.0,0.3703703703703704,Beşiktaş_3,27756909.722222224
Beşiktaş,450,6.0,7.5,36000000.0,0.0,3.0,8,Doğalgaz,Emlakjet,1.0,8,73.77049180327869,1,6.111467339502679,1.9459101490553132,2700.0,3375.0,29936740.139211137,0,0.0,0.3703703703703704,Beşiktaş_6,42748333.333333336
Beşiktaş,550,8.0,13.0,45500000.0,0.0,3.0,8,Doğalgaz,Emlakjet,1.0,8,67.90123456790124,2,6.311734809152915,2.1972245773362196,4400.0,7150.0,29936740.139211137,0,0.0,0.3703703703703704,Beşiktaş_8,29345454.545454547
Beşiktaş,250,5.0,30.0,35000000.0,0.0,3.0,8,Doğalgaz,Emlakjet,1.0,8,49.01960784313726,3,5.5254529391317835,1.791759469228055,1250.0,7500.0,29936740.139211137,0,0.0,0.3703703703703704,Beşiktaş_5,38385762.711864404
Beşiktaş,210,4.0,13.0,18000000.0,0.0,3.0,8,Doğalgaz,Emlakjet,1.0,8,51.21951219512196,2,5.351858133476067,1.6094379124341003,840.0,2730.0,29936740.139211137,0,0.0,0.3703703703703704,Beşiktaş_4,27622500.0
Beşiktaş,160,4.5,4.0,11000000.0,0.0,3.0,8,Doğalgaz,Emlakjet,1.0,8,34.78260869565218,0,5.081404364984463,1.7047480922384253,720.0,640.0,29936740.139211137,0,0.0,0.3703703703703704,Beşiktaş_4,27622500.0
Beşiktaş,200,4.0,30.0,17500000.0,0.0,3.0,8,Doğalgaz,Emlakjet,1.0,8,48.78048780487805,3,5.303304908059076,1.6094379124341003,800.0,6000.0,29936740.139211137,0,0.0,0.3703703703703704,Beşiktaş_4,27622500.0
Beşiktaş,110,3.5,7.5,8000000.0,0.0,3.0,8,Doğalgaz,Emlakjet,1.0,8,30.555555555555554,1,4.709530201312334,1.5040773967762742,385.0,825.0,29936740.139211137,0,0.0,0.3703703703703704,Beşiktaş_3,27756909.722222224
Beşiktaş,140,3.0,30.0,8500000.0,0.0,3.0,8,Doğalgaz,Emlakjet,1.0,8,45.16129032258064,3,4.948759890378168,1.3862943611198906,420.0,4200.0,29936740.139211137,0,0.0,0.3703703703703704,Beşiktaş_3,27756909.722222224
Beşiktaş,90,3.0,30.0,895000.0,0.0,3.0,8,Doğalgaz,Emlakjet,1.0,8,29.032258064516128,3,4.51085950651685,1.3862943611198906,270.0,2700.0,29936740.139211137,0,0.0,0.3703703703703704,Beşiktaş_3,27756909.722222224
Beşiktaş,90,3.0,30.0,1200000.0,0.0,3.0,8,Doğalgaz,Emlakjet,1.0,8,29.032258064516128,3,4.51085950651685,1.3862943611198906,270.0,2700.0,29936740.139211137,0,0.0,0.3703703703703704,Beşiktaş_3,27756909.722222224
Beşiktaş,135,3.5,30.0,1850000.0,0.0,3.0,8,Doğalgaz,Emlakjet,1.0,8,37.5,3,4.912654885736052,1.5040773967762742,472.5,4050.0,29936740.139211137,0,0.0,0.3703703703703704,Beşiktaş_3,27756909.722222224
Beşiktaş,225,5.0,7.5,28000000.0,0.0,3.0,8,Doğalgaz,Emlakjet,1.0,8,44.11764705882353,1,5.420534999272286,1.791759469228055,1125.0,1687.5,29936740.139211137,0,0.0,0.3703703703703704,Beşiktaş_5,38385762.711864404
Beşiktaş,77,3.0,7.5,6000000.0,0.0,3.0,8,Doğalgaz,Emlakjet,1.0,8,24.838709677419356,1,4.356708826689592,1.3862943611198906,231.0,577.5,29936740.139211137,0,0.0,0.3703703703703704,Beşiktaş_3,27756909.722222224
Beşiktaş,130,4.0,30.0,3100000.0,0.0,3.0,8,Doğalgaz,Emlakjet,1.0,8,31.707317073170735,3,4.875197323201151,1.6094379124341003,520.0,3900.0,29936740.139211137,0,0.0,0.3703703703703704,Beşiktaş_4,27622500.0
Beşiktaş,105,4.0,10.0,3000000.0,0.0,3.0,8,Doğalgaz,Emlakjet,1.0,8,25.60975609756098,1,4.663439094112067,1.6094379124341003,420.0,1050.0,29936740.139211137,0,0.0,0.3703703703703704,Beşiktaş_4,27622500.0
Beşiktaş,210,4.0,4.0,14350000.0,0.0,3.0,8,Doğalgaz,Emlakjet,1.0,8,51.21951219512196,0,5.351858133476067,1.6094379124341003,840.0,840.0,29936740.139211137,0,0.0,0.3703703703703704,Beşiktaş_4,27622500.0
Beşiktaş,750,3.0,7.5,54500000.0,0.0,3.0,8,Doğalgaz,Emlakjet,1.0,8,241.93548387096774,1,6.621405651764134,1.3862943611198906,2250.0,5625.0,29936740.139211137,0,0.0,0.3703703703703704,Beşiktaş_3,27756909.722222224
Beşiktaş,90,2.0,7.5,4250000.0,0.0,3.0,8,Doğalgaz,Emlakjet,1.0,8,42.857142857142854,1,4.51085950651685,1.0986122886681098,180.0,675.0,29936740.139211137,0,0.0,0.3703703703703704,Beşiktaş_2,14200681.818181818
Beşiktaş,140,4.0,30.0,1050000.0,0.0,3.0,8,Doğalgaz,Emlakjet,1.0,8,34.146341463414636,3,4.948759890378168,1.6094379124341003,560.0,4200.0,29936740.139211137,0,0.0,0.3703703703703704,Beşiktaş_4,27622500.0
Beşiktaş,1100,3.0,13.0,250000000.0,0.0,3.0,8,Doğalgaz,Emlakjet,1.0,8,354.83870967741933,2,7.00397413672268,1.3862943611198906,3300.0,14300.0,29936740.139211137,0,0.0,0.3703703703703704,Beşiktaş_3,27756909.722222224
Beşiktaş,137,3.0,10.0,2550000.0,0.0,3.0,8,Doğalgaz,Emlakjet,1.0,8,44.193548387096776,1,4.927253685157205,1.3862943611198906,411.0,1370.0,29936740.139211137,0,0.0,0.3703703703703704,Beşiktaş_3,27756909.722222224
Beşiktaş,145,3.0,1.0,10500000.0,0.0,3.0,8,Doğalgaz,Emlakjet,1.0,8,46.774193548387096,0,4.983606621708336,1.3862943611198906,435.0,145.0,29936740.139211137,0,0.0,0.3703703703703704,Beşiktaş_3,27756909.722222224
Beşiktaş,150,4.0,30.0,2200000.0,0.0,3.0,8,Doğalgaz,Emlakjet,1.0,8,36.58536585365854,3,5.017279836814924,1.6094379124341003,600.0,4500.0,29936740.139211137,0,0.0,0.3703703703703704,Beşiktaş_4,27622500.0
Beşiktaş,340,4.0,4.0,44000000.0,0.0,3.0,8,Doğalgaz,Emlakjet,1.0,8,82.92682926829269,0,5.831882477283517,1.6094379124341003,1360.0,1360.0,29936740.139211137,0,0.0,0.3703703703703704,Beşiktaş_4,27622500.0
Beşiktaş,190,3.0,7.5,6400000.0,0.0,3.0,8,Doğalgaz,Emlakjet,1.0,8,61.29032258064516,1,5.25227342804663,1.3862943611198906,570.0,1425.0,29936740.139211137,0,0.0,0.3703703703703704,Beşiktaş_3,27756909.722222224
Beşiktaş,550,6.0,30.0,48000000.0,0.0,3.0,8,Doğalgaz,Emlakjet,1.0,8,90.16393442622952,3,6.311734809152915,1.9459101490553132,3300.0,16500.0,29936740.139211137,0,0.0,0.3703703703703704,Beşiktaş_6,42748333.333333336
Beşiktaş,160,4.0,30.0,14500000.0,0.0,3.0,8,Doğalgaz,Emlakjet,1.0,8,39.024390243902445,3,5.081404364984463,1.6094379124341003,640.0,4800.0,29936740.139211137,0,0.0,0.3703703703703704,Beşiktaş_4,27622500.0
Beşiktaş,240,5.0,7.5,35000000.0,0.0,3.0,8,Doğalgaz,Emlakjet,1.0,8,47.05882352941177,1,5.484796933490655,1.791759469228055,1200.0,1800.0,29936740.139211137,0,0.0,0.3703703703703704,Beşiktaş_5,38385762.711864404
Beşiktaş,180,3.0,13.0,4550000.0,0.0,3.0,8,Doğalgaz,Emlakjet,1.0,8,58.064516129032256,2,5.198497031265826,1.3862943611198906,540.0,2340.0,29936740.139211137,0,0.0,0.3703703703703704,Beşiktaş_3,27756909.722222224
Beşiktaş,100,3.0,10.0,1250000.0,0.0,3.0,8,Doğalgaz,Emlakjet,1.0,8,32.25806451612903,1,4.61512051684126,1.3862943611198906,300.0,1000.0,29936740.139211137,0,0.0,0.3703703703703704,Beşiktaş_3,27756909.722222224
Beşiktaş,110,4.0,30.0,3400000.0,0.0,3.0,8,Doğalgaz,Emlakjet,1.0,8,26.82926829268293,3,4.709530201312334,1.6094379124341003,440.0,3300.0,29936740.139211137,0,0.0,0.3703703703703704,Beşiktaş_4,27622500.0
Beşiktaş,320,8.0,13.0,7500000.0,0.0,3.0,8,Doğalgaz,Emlakjet,1.0,8,39.50617283950618,2,5.771441123130016,2.1972245773362196,2560.0,4160.0,29936740.139211137,0,0.0,0.3703703703703704,Beşiktaş_8,29345454.545454547
Beşiktaş,3201,3.0,10.0,75000000.0,0.0,3.0,8,Doğalgaz,Emlakjet,1.0,8,1032.5806451612902,1,8.07153089355666,1.3862943611198906,9603.0,32010.0,29936740.139211137,0,0.0,0.3703703703703704,Beşiktaş_3,27756909.722222224
Beşiktaş,220,3.0,7.5,29000000.0,0.0,3.0,8,Doğalgaz,Emlakjet,1.0,8,70.96774193548387,1,5.3981627015177525,1.3862943611198906,660.0,1650.0,29936740.139211137,0,0.0,0.3703703703703704,Beşiktaş_3,27756909.722222224
Beşiktaş,340,5.0,7.5,49000000.0,0.0,3.0,8,Doğalgaz,Emlakjet,1.0,8,66.66666666666667,1,5.831882477283517,1.791759469228055,1700.0,2550.0,29936740.139211137,0,0.0,0.3703703703703704,Beşiktaş_5,38385762.711864404
Beşiktaş,550,8.0,13.0,48000000.0,0.0,3.0,8,Doğalgaz,Emlakjet,1.0,8,67.90123456790124,2,6.311734809152915,2.1972245773362196,4400.0,7150.0,29936740.139211137,0,0.0,0.3703703703703704,Beşiktaş_8,29345454.545454547
Beşiktaş,200,4.0,30.0,15000000.0,0.0,3.0,8,Doğalgaz,Emlakjet,1.0,8,48.78048780487805,3,5.303304908059076,1.6094379124341003,800.0,6000.0,29936740.139211137,0,0.0,0.3703703703703704,Beşiktaş_4,27622500.0
Beşiktaş,130,3.0,1.0,6750000.0,0.0,3.0,8,Doğalgaz,Emlakjet,1.0,8,41.935483870967744,0,4.875197323201151,1.3862943611198906,390.0,130.0,29936740.139211137,0,0.0,0.3703703703703704,Beşiktaş_3,27756909.722222224
Beşiktaş,380,5.0,13.0,15000000.0,0.0,3.0,8,Doğalgaz,Emlakjet,1.0,8,74.50980392156863,2,5.942799375126701,1.791759469228055,1900.0,4940.0,29936740.139211137,0,0.0,0.3703703703703704,Beşiktaş_5,38385762.711864404
Beşiktaş,165,5.0,13.0,3200000.0,0.0,3.0,8,Doğalgaz,Emlakjet,1.0,8,32.35294117647059,2,5.111987788356544,1.791759469228055,825.0,2145.0,29936740.139211137,0,0.0,0.3703703703703704,Beşiktaş_5,38385762.711864404
Beşiktaş,110,3.0,7.5,2400000.0,0.0,3.0,8,Doğalgaz,Emlakjet,1.0,8,35.483870967741936,1,4.709530201312334,1.3862943611198906,330.0,825.0,29936740.139211137,0,0.0,0.3703703703703704,Beşiktaş_3,27756909.722222224
Beşiktaş,140,4.0,10.0,3000000.0,0.0,3.0,8,Doğalgaz,Emlakjet,1.0,8,34.146341463414636,1,4.948759890378168,1.6094379124341003,560.0,1400.0,29936740.139211137,0,0.0,0.3703703703703704,Beşiktaş_4,27622500.0
Beşiktaş,85,2.0,10.0,1600000.0,0.0,3.0,8,Doğalgaz,Emlakjet,1.0,8,40.476190476190474,1,4.454347296253507,1.0986122886681098,170.0,850.0,29936740.139211137,0,0.0,0.3703703703703704,Beşiktaş_2,14200681.818181818
Beşiktaş,140,4.0,10.0,3000000.0,0.0,3.0,8,Doğalgaz,Emlakjet,1.0,8,34.146341463414636,1,4.948759890378168,1.6094379124341003,560.0,1400.0,29936740.139211137,0,0.0,0.3703703703703704,Beşiktaş_4,27622500.0
Şişli,172,7.0,13.0,10000000.0,0.0,3.0,8,Doğalgaz,Emlakjet,1.0,21,24.225352112676056,2,5.153291594497779,2.0794415416798357,1204.0,2236.0,31775387.323943663,0,0.0,0.3703703703703704,Şişli_7,10000000.0
Şişli,150,2.0,7.5,3100000.0,0.0,3.0,8,Doğalgaz,Emlakjet,1.0,21,71.42857142857143,1,5.017279836814924,1.0986122886681098,300.0,1125.0,31775387.323943663,0,0.0,0.3703703703703704,Şişli_2,17720000.0
Beşiktaş,256,3.0,13.0,8000000.0,0.0,3.0,8,Doğalgaz,Emlakjet,1.0,8,82.58064516129032,2,5.54907608489522,1.3862943611198906,768.0,3328.0,29936740.139211137,0,0.0,0.3703703703703704,Beşiktaş_3,27756909.722222224
Beşiktaş,615,3.0,30.0,18000000.0,0.0,3.0,8,Doğalgaz,Emlakjet,1.0,8,198.38709677419354,3,6.423246963533519,1.3862943611198906,1845.0,18450.0,29936740.139211137,0,0.0,0.3703703703703704,Beşiktaş_3,27756909.722222224
Beşiktaş,250,8.0,30.0,3300000.0,0.0,3.0,8,Doğalgaz,Emlakjet,1.0,8,30.8641975308642,3,5.5254529391317835,2.1972245773362196,2000.0,7500.0,29936740.139211137,0,0.0,0.3703703703703704,Beşiktaş_8,29345454.545454547
Beşiktaş,320,7.0,30.0,6750000.0,0.0,3.0,8,Doğalgaz,Emlakjet,1.0,8,45.07042253521127,3,5.771441123130016,2.0794415416798357,2240.0,9600.0,29936740.139211137,0,0.0,0.3703703703703704,Beşiktaş_7,47342307.692307696
Beşiktaş,350,6.0,7.5,45000000.0,0.0,3.0,8,Doğalgaz,Emlakjet,1.0,8,57.37704918032787,1,5.860786223465865,1.9459101490553132,2100.0,2625.0,29936740.139211137,0,0.0,0.3703703703703704,Beşiktaş_6,42748333.333333336
Beşiktaş,800,3.0,7.5,60000000.0,0.0,3.0,8,Doğalgaz,Emlakjet,1.0,8,258.06451612903226,1,6.68586094706836,1.3862943611198906,2400.0,6000.0,29936740.139211137,0,0.0,0.3703703703703704,Beşiktaş_3,27756909.722222224
Beşiktaş,180,4.0,30.0,8600000.0,0.0,3.0,8,Doğalgaz,Emlakjet,1.0,8,43.90243902439025,3,5.198497031265826,1.6094379124341003,720.0,5400.0,29936740.139211137,0,0.0,0.3703703703703704,Beşiktaş_4,27622500.0
Beşiktaş,140,4.0,30.0,4300000.0,0.0,3.0,8,Doğalgaz,Emlakjet,1.0,8,34.146341463414636,3,4.948759890378168,1.6094379124341003,560.0,4200.0,29936740.139211137,0,0.0,0.3703703703703704,Beşiktaş_4,27622500.0
Beşiktaş,550,6.0,13.0,100000000.0,0.0,3.0,8,Doğalgaz,Emlakjet,1.0,8,90.16393442622952,2,6.311734809152915,1.9459101490553132,3300.0,7150.0,29936740.139211137,0,0.0,0.3703703703703704,Beşiktaş_6,42748333.333333336
Beşiktaş,210,3.0,13.0,12000000.0,0.0,3.0,8,Doğalgaz,Emlakjet,1.0,8,67.74193548387096,2,5.351858133476067,1.3862943611198906,630.0,2730.0,29936740.139211137,0,0.0,0.3703703703703704,Beşiktaş_3,27756909.722222224
Beşiktaş,245,6.0,7.5,32000000.0,0.0,3.0,8,Doğalgaz,Emlakjet,1.0,8,40.16393442622951,1,5.5053315359323625,1.9459101490553132,1470.0,1837.5,29936740.139211137,0,0.0,0.3703703703703704,Beşiktaş_6,42748333.333333336
Beşiktaş,160,2.0,7.5,3900000.0,0.0,3.0,8,Doğalgaz,Emlakjet,1.0,8,76.19047619047619,1,5.081404364984463,1.0986122886681098,320.0,1200.0,29936740.139211137,0,0.0,0.3703703703703704,Beşiktaş_2,14200681.818181818
Beşiktaş,145,4.0,1.0,10800000.0,0.0,3.0,8,Doğalgaz,Emlakjet,1.0,8,35.36585365853659,0,4.983606621708336,1.6094379124341003,580.0,145.0,29936740.139211137,0,0.0,0.3703703703703704,Beşiktaş_4,27622500.0
Beşiktaş,500,8.0,13.0,48000000.0,0.0,3.0,8,Doğalgaz,Emlakjet,1.0,8,61.7283950617284,2,6.2166061010848646,2.1972245773362196,4000.0,6500.0,29936740.139211137,0,0.0,0.3703703703703704,Beşiktaş_8,29345454.545454547
Beşiktaş,145,3.0,7.5,7500000.0,0.0,3.0,8,Doğalgaz,Emlakjet,1.0,8,46.774193548387096,1,4.983606621708336,1.3862943611198906,435.0,1087.5,29936740.139211137,0,0.0,0.3703703703703704,Beşiktaş_3,27756909.722222224
Beşiktaş,200,4.0,30.0,2500000.0,0.0,3.0,8,Doğalgaz,Emlakjet,1.0,8,48.78048780487805,3,5.303304908059076,1.6094379124341003,800.0,6000.0,29936740.139211137,0,0.0,0.3703703703703704,Beşiktaş_4,27622500.0
Beşiktaş,320,7.0,7.5,19500000.0,0.0,3.0,8,Doğalgaz,Emlakjet,1.0,8,45.07042253521127,1,5.771441123130016,2.0794415416798357,2240.0,2400.0,29936740.139211137,0,0.0,0.3703703703703704,Beşiktaş_7,47342307.692307696
Beşiktaş,224,4.0,7.5,7500000.0,0.0,3.0,8,Doğalgaz,Emlakjet,1.0,8,54.63414634146342,1,5.41610040220442,1.6094379124341003,896.0,1680.0,29936740.139211137,0,0.0,0.3703703703703704,Beşiktaş_4,27622500.0
Beşiktaş,295,4.0,7.5,58500000.0,0.0,3.0,8,Doğalgaz,Emlakjet,1.0,8,71.95121951219512,1,5.69035945432406,1.6094379124341003,1180.0,2212.5,29936740.139211137,0,0.0,0.3703703703703704,Beşiktaş_4,27622500.0
Beşiktaş,120,3.0,10.0,2750000.0,0.0,3.0,8,Doğalgaz,Emlakjet,1.0,8,38.70967741935484,1,4.795790545596741,1.3862943611198906,360.0,1200.0,29936740.139211137,0,0.0,0.3703703703703704,Beşiktaş_3,27756909.722222224
Beşiktaş,100,3.0,30.0,1200000.0,0.0,3.0,8,Doğalgaz,Emlakjet,1.0,8,32.25806451612903,3,4.61512051684126,1.3862943611198906,300.0,3000.0,29936740.139211137,0,0.0,0.3703703703703704,Beşiktaş_3,27756909.722222224
Beşiktaş,70,3.0,2.0,2125000.0,0.0,3.0,8,Doğalgaz,Emlakjet,1.0,8,22.58064516129032,0,4.2626798770413155,1.3862943611198906,210.0,140.0,29936740.139211137,0,0.0,0.3703703703703704,Beşiktaş_3,27756909.722222224
Beşiktaş,240,7.0,13.0,3650000.0,0.0,3.0,8,Doğalgaz,Emlakjet,1.0,8,33.802816901408455,2,5.484796933490655,2.0794415416798357,1680.0,3120.0,29936740.139211137,0,0.0,0.3703703703703704,Beşiktaş_7,47342307.692307696
Beşiktaş,440,3.0,13.0,13000000.0,0.0,3.0,8,Doğalgaz,Emlakjet,1.0,8,141.93548387096774,2,6.089044875446846,1.3862943611198906,1320.0,5720.0,29936740.139211137,0,0.0,0.3703703703703704,Beşiktaş_3,27756909.722222224
Beşiktaş,330,3.0,7.5,12000000.0,0.0,3.0,8,Doğalgaz,Emlakjet,1.0,8,106.45161290322581,1,5.802118375377063,1.3862943611198906,990.0,2475.0,29936740.139211137,0,0.0,0.3703703703703704,Beşiktaş_3,27756909.722222224
Beşiktaş,750,7.0,13.0,270000000.0,0.0,3.0,8,Doğalgaz,Emlakjet,1.0,8,105.63380281690141,2,6.621405651764134,2.0794415416798357,5250.0,9750.0,29936740.139211137,0,0.0,0.3703703703703704,Beşiktaş_7,47342307.692307696
Şişli,150,2.0,7.5,4200000.0,0.0,3.0,8,Doğalgaz,Emlakjet,1.0,21,71.42857142857143,1,5.017279836814924,1.0986122886681098,300.0,1125.0,31775387.323943663,0,0.0,0.3703703703703704,Şişli_2,17720000.0
Beşiktaş,280,4.0,7.5,11000000.0,0.0,3.0,8,Doğalgaz,Emlakjet,1.0,8,68.29268292682927,1,5.638354669333745,1.6094379124341003,1120.0,2100.0,29936740.139211137,0,0.0,0.3703703703703704,Beşiktaş_4,27622500.0
Beşiktaş,400,8.0,30.0,25000000.0,0.0,3.0,8,Doğalgaz,Emlakjet,1.0,8,49.382716049382715,3,5.993961427306569,2.1972245773362196,3200.0,12000.0,29936740.139211137,0,0.0,0.3703703703703704,Beşiktaş_8,29345454.545454547
Beşiktaş,100,3.0,30.0,2400000.0,0.0,3.0,8,Doğalgaz,Emlakjet,1.0,8,32.25806451612903,3,4.61512051684126,1.3862943611198906,300.0,3000.0,29936740.139211137,0,0.0,0.3703703703703704,Beşiktaş_3,27756909.722222224
Beşiktaş,120,3.0,30.0,3400000.0,0.0,3.0,8,Doğalgaz,Emlakjet,1.0,8,38.70967741935484,3,4.795790545596741,1.3862943611198906,360.0,3600.0,29936740.139211137,0,0.0,0.3703703703703704,Beşiktaş_3,27756909.722222224
Beşiktaş,250,3.0,7.5,6400000.0,0.0,3.0,8,Doğalgaz,Emlakjet,1.0,8,80.64516129032258,1,5.5254529391317835,1.3862943611198906,750.0,1875.0,29936740.139211137,0,0.0,0.3703703703703704,Beşiktaş_3,27756909.722222224
Beşiktaş,185,4.0,4.0,22000000.0,0.0,3.0,8,Doğalgaz,Emlakjet,1.0,8,45.1219512195122,0,5.225746673713202,1.6094379124341003,740.0,740.0,29936740.139211137,0,0.0,0.3703703703703704,Beşiktaş_4,27622500.0
Beşiktaş,260,3.0,7.5,5700000.0,0.0,3.0,8,Doğalgaz,Emlakjet,1.0,8,83.87096774193549,1,5.564520407322694,1.3862943611198906,780.0,1950.0,29936740.139211137,0,0.0,0.3703703703703704,Beşiktaş_3,27756909.722222224
Beşiktaş,427,7.0,10.0,8500000.0,0.0,3.0,8,Doğalgaz,Emlakjet,1.0,8,60.140845070422536,1,6.059123195581797,2.0794415416798357,2989.0,4270.0,29936740.139211137,0,0.0,0.3703703703703704,Beşiktaş_7,47342307.692307696
Beşiktaş,160,4.0,7.5,17500000.0,0.0,3.0,8,Doğalgaz,Emlakjet,1.0,8,39.024390243902445,1,5.081404364984463,1.6094379124341003,640.0,1200.0,29936740.139211137,0,0.0,0.3703703703703704,Beşiktaş_4,27622500.0
Beşiktaş,190,4.0,4.0,25000000.0,0.0,3.0,8,Doğalgaz,Emlakjet,1.0,8,46.34146341463415,0,5.25227342804663,1.6094379124341003,760.0,760.0,29936740.139211137,0,0.0,0.3703703703703704,Beşiktaş_4,27622500.0
Beşiktaş,160,4.0,7.5,18000000.0,0.0,3.0,8,Doğalgaz,Emlakjet,1.0,8,39.024390243902445,1,5.081404364984463,1.6094379124341003,640.0,1200.0,29936740.139211137,0,0.0,0.3703703703703704,Beşiktaş_4,27622500.0
Beşiktaş,190,4.0,7.5,19000000.0,0.0,3.0,8,Doğalgaz,Emlakjet,1.0,8,46.34146341463415,1,5.25227342804663,1.6094379124341003,760.0,1425.0,29936740.139211137,0,0.0,0.3703703703703704,Beşiktaş_4,27622500.0
Beşiktaş,245,5.0,4.0,37500000.0,0.0,3.0,8,Doğalgaz,Emlakjet,1.0,8,48.03921568627451,0,5.5053315359323625,1.791759469228055,1225.0,980.0,29936740.139211137,0,0.0,0.3703703703703704,Beşiktaş_5,38385762.711864404
Beşiktaş,100,3.0,7.5,16500000.0,0.0,3.0,8,Doğalgaz,Emlakjet,1.0,8,32.25806451612903,1,4.61512051684126,1.3862943611198906,300.0,750.0,29936740.139211137,0,0.0,0.3703703703703704,Beşiktaş_3,27756909.722222224
Beşiktaş,245,5.0,4.0,28000000.0,0.0,3.0,8,Doğalgaz,Emlakjet,1.0,8,48.03921568627451,0,5.5053315359323625,1.791759469228055,1225.0,980.0,29936740.139211137,0,0.0,0.3703703703703704,Beşiktaş_5,38385762.711864404
Beşiktaş,275,5.0,7.5,18000000.0,0.0,3.0,8,Doğalgaz,Emlakjet,1.0,8,53.92156862745098,1,5.62040086571715,1.791759469228055,1375.0,2062.5,29936740.139211137,0,0.0,0.3703703703703704,Beşiktaş_5,38385762.711864404
Beşiktaş,185,5.0,30.0,8200000.0,0.0,3.0,8,Doğalgaz,Emlakjet,1.0,8,36.27450980392157,3,5.225746673713202,1.791759469228055,925.0,5550.0,29936740.139211137,0,0.0,0.3703703703703704,Beşiktaş_5,38385762.711864404
Beşiktaş,220,7.0,30.0,3600000.0,0.0,3.0,8,Doğalgaz,Emlakjet,1.0,8,30.985915492957748,3,5.3981627015177525,2.0794415416798357,1540.0,6600.0,29936740.139211137,0,0.0,0.3703703703703704,Beşiktaş_7,47342307.692307696
Beşiktaş,750,5.0,7.5,70000000.0,0.0,3.0,8,Doğalgaz,Emlakjet,1.0,8,147.05882352941177,1,6.621405651764134,1.791759469228055,3750.0,5625.0,29936740.139211137,0,0.0,0.3703703703703704,Beşiktaş_5,38385762.711864404
Beşiktaş,280,4.0,7.5,12000000.0,0.0,3.0,8,Doğalgaz,Emlakjet,1.0,8,68.29268292682927,1,5.638354669333745,1.6094379124341003,1120.0,2100.0,29936740.139211137,0,0.0,0.3703703703703704,Beşiktaş_4,27622500.0
Beşiktaş,750,8.0,7.5,40000000.0,0.0,3.0,8,Doğalgaz,Emlakjet,1.0,8,92.5925925925926,1,6.621405651764134,2.1972245773362196,6000.0,5625.0,29936740.139211137,0,0.0,0.3703703703703704,Beşiktaş_8,29345454.545454547
Beşiktaş,720,6.0,7.5,25000000.0,0.0,3.0,8,Doğalgaz,Emlakjet,1.0,8,118.03278688524591,1,6.580639137284949,1.9459101490553132,4320.0,5400.0,29936740.139211137,0,0.0,0.3703703703703704,Beşiktaş_6,42748333.333333336
Beşiktaş,750,8.0,7.5,40000000.0,0.0,3.0,8,Doğalgaz,Emlakjet,1.0,8,92.5925925925926,1,6.621405651764134,2.1972245773362196,6000.0,5625.0,29936740.139211137,0,0.0,0.3703703703703704,Beşiktaş_8,29345454.545454547
Beşiktaş,250,3.0,7.5,6000000.0,0.0,3.0,8,Doğalgaz,Emlakjet,1.0,8,80.64516129032258,1,5.5254529391317835,1.3862943611198906,750.0,1875.0,29936740.139211137,0,0.0,0.3703703703703704,Beşiktaş_3,27756909.722222224
Beşiktaş,280,4.0,7.5,11000000.0,0.0,3.0,8,Doğalgaz,Emlakjet,1.0,8,68.29268292682927,1,5.638354669333745,1.6094379124341003,1120.0,2100.0,29936740.139211137,0,0.0,0.3703703703703704,Beşiktaş_4,27622500.0
Beşiktaş,600,5.0,7.5,30000000.0,0.0,3.0,8,Doğalgaz,Emlakjet,1.0,8,117.64705882352942,1,6.398594934535208,1.791759469228055,3000.0,4500.0,29936740.139211137,0,0.0,0.3703703703703704,Beşiktaş_5,38385762.711864404
Beşiktaş,800,3.0,7.5,60000000.0,0.0,3.0,8,Doğalgaz,Emlakjet,1.0,8,258.06451612903226,1,6.68586094706836,1.3862943611198906,2400.0,6000.0,29936740.139211137,0,0.0,0.3703703703703704,Beşiktaş_3,27756909.722222224
Beşiktaş,355,3.0,7.5,12500000.0,0.0,3.0,8,Doğalgaz,Emlakjet,1.0,8,114.51612903225806,1,5.87493073085203,1.3862943611198906,1065.0,2662.5,29936740.139211137,0,0.0,0.3703703703703704,Beşiktaş_3,27756909.722222224
Avcılar,260,3.0,7.5,14000000.0,0.0,3.0,8,Doğalgaz,Emlakjet,1.0,2,83.87096774193549,1,5.564520407322694,1.3862943611198906,780.0,1950.0,1690377.7777777778,0,0.0,0.3703703703703704,Avcılar_3,1644685.7142857143
Avcılar,135,4.0,7.5,849000.0,0.0,3.0,8,Doğalgaz,Emlakjet,1.0,2,32.926829268292686,1,4.912654885736052,1.6094379124341003,540.0,1012.5,1690377.7777777778,0,0.0,0.3703703703703704,Avcılar_4,1475107.142857143
Avcılar,95,3.0,30.0,640000.0,0.0,3.0,8,Doğalgaz,Emlakjet,1.0,2,30.64516129032258,3,4.564348191467836,1.3862943611198906,285.0,2850.0,1690377.7777777778,0,0.0,0.3703703703703704,Avcılar_3,1644685.7142857143
Avcılar,95,3.0,10.0,430000.0,0.0,3.0,8,Doğalgaz,Emlakjet,1.0,2,30.64516129032258,1,4.564348191467836,1.3862943611198906,285.0,950.0,1690377.7777777778,0,0.0,0.3703703703703704,Avcılar_3,1644685.7142857143
Avcılar,70,2.0,30.0,280000.0,0.0,3.0,8,Doğalgaz,Emlakjet,1.0,2,33.33333333333333,3,4.2626798770413155,1.0986122886681098,140.0,2100.0,1690377.7777777778,0,0.0,0.3703703703703704,Avcılar_2,744937.5
Avcılar,95,3.0,18.0,585000.0,0.0,3.0,8,Doğalgaz,Emlakjet,1.0,2,30.64516129032258,2,4.564348191467836,1.3862943611198906,285.0,1710.0,1690377.7777777778,0,0.0,0.3703703703703704,Avcılar_3,1644685.7142857143
Avcılar,115,4.0,30.0,530000.0,0.0,3.0,8,Doğalgaz,Emlakjet,1.0,2,28.04878048780488,3,4.7535901911063645,1.6094379124341003,460.0,3450.0,1690377.7777777778,0,0.0,0.3703703703703704,Avcılar_4,1475107.142857143
Avcılar,220,4.0,7.5,5100000.0,0.0,3.0,8,Doğalgaz,Emlakjet,1.0,2,53.65853658536586,1,5.3981627015177525,1.6094379124341003,880.0,1650.0,1690377.7777777778,0,0.0,0.3703703703703704,Avcılar_4,1475107.142857143
Avcılar,115,3.0,7.5,1900000.0,0.0,3.0,8,Doğalgaz,Emlakjet,1.0,2,37.096774193548384,1,4.7535901911063645,1.3862943611198906,345.0,862.5,1690377.7777777778,0,0.0,0.3703703703703704,Avcılar_3,1644685.7142857143
Avcılar,100,3.0,30.0,490000.0,0.0,3.0,8,Doğalgaz,Emlakjet,1.0,2,32.25806451612903,3,4.61512051684126,1.3862943611198906,300.0,3000.0,1690377.7777777778,0,0.0,0.3703703703703704,Avcılar_3,1644685.7142857143
Avcılar,160,5.0,7.5,1500000.0,0.0,3.0,8,Doğalgaz,Emlakjet,1.0,2,31.372549019607845,1,5.081404364984463,1.791759469228055,800.0,1200.0,1690377.7777777778,0,0.0,0.3703703703703704,Avcılar_5,1273105.2631578948
Avcılar,90,3.0,13.0,520000.0,0.0,3.0,8,Doğalgaz,Emlakjet,1.0,2,29.032258064516128,2,4.51085950651685,1.3862943611198906,270.0,1170.0,1690377.7777777778,0,0.0,0.3703703703703704,Avcılar_3,1644685.7142857143
Avcılar,90,3.0,30.0,410000.0,0.0,3.0,8,Doğalgaz,Emlakjet,1.0,2,29.032258064516128,3,4.51085950651685,1.3862943611198906,270.0,2700.0,1690377.7777777778,0,0.0,0.3703703703703704,Avcılar_3,1644685.7142857143
Avcılar,75,3.0,7.5,830000.0,0.0,3.0,8,Doğalgaz,Emlakjet,1.0,2,24.193548387096772,1,4.330733340286331,1.3862943611198906,225.0,562.5,1690377.7777777778,0,0.0,0.3703703703703704,Avcılar_3,1644685.7142857143
Avcılar,120,3.0,10.0,1350000.0,0.0,3.0,8,Doğalgaz,Emlakjet,1.0,2,38.70967741935484,1,4.795790545596741,1.3862943611198906,360.0,1200.0,1690377.7777777778,0,0.0,0.3703703703703704,Avcılar_3,1644685.7142857143
Avcılar,95,3.0,10.0,825000.0,0.0,3.0,8,Doğalgaz,Emlakjet,1.0,2,30.64516129032258,1,4.564348191467836,1.3862943611198906,285.0,950.0,1690377.7777777778,0,0.0,0.3703703703703704,Avcılar_3,1644685.7142857143
Avcılar,230,6.0,10.0,1499000.0,0.0,3.0,8,Doğalgaz,Emlakjet,1.0,2,37.704918032786885,1,5.442417710521793,1.9459101490553132,1380.0,2300.0,1690377.7777777778,0,0.0,0.3703703703703704,Avcılar_6,3135736.8421052634
Avcılar,195,6.0,10.0,1550000.0,0.0,3.0,8,Doğalgaz,Emlakjet,1.0,2,31.9672131147541,1,5.278114659230517,1.9459101490553132,1170.0,1950.0,1690377.7777777778,0,0.0,0.3703703703703704,Avcılar_6,3135736.8421052634
Avcılar,120,3.0,10.0,1895000.0,0.0,3.0,8,Doğalgaz,Emlakjet,1.0,2,38.70967741935484,1,4.795790545596741,1.3862943611198906,360.0,1200.0,1690377.7777777778,0,0.0,0.3703703703703704,Avcılar_3,1644685.7142857143
Avcılar,70,3.0,7.5,425000.0,0.0,3.0,8,Doğalgaz,Emlakjet,1.0,2,22.58064516129032,1,4.2626798770413155,1.3862943611198906,210.0,525.0,1690377.7777777778,0,0.0,0.3703703703703704,Avcılar_3,1644685.7142857143
Avcılar,140,4.0,4.0,1419000.0,0.0,3.0,8,Doğalgaz,Emlakjet,1.0,2,34.146341463414636,0,4.948759890378168,1.6094379124341003,560.0,560.0,1690377.7777777778,0,0.0,0.3703703703703704,Avcılar_4,1475107.142857143
Avcılar,265,6.0,4.0,1600000.0,0.0,3.0,8,Doğalgaz,Emlakjet,1.0,2,43.442622950819676,0,5.583496308781699,1.9459101490553132,1590.0,1060.0,1690377.7777777778,0,0.0,0.3703703703703704,Avcılar_6,3135736.8421052634
Avcılar,75,3.0,7.5,632000.0,0.0,3.0,8,Doğalgaz,Emlakjet,1.0,2,24.193548387096772,1,4.330733340286331,1.3862943611198906,225.0,562.5,1690377.7777777778,0,0.0,0.3703703703703704,Avcılar_3,1644685.7142857143
Avcılar,100,3.0,7.5,599000.0,0.0,3.0,8,Doğalgaz,Emlakjet,1.0,2,32.25806451612903,1,4.61512051684126,1.3862943611198906,300.0,750.0,1690377.7777777778,0,0.0,0.3703703703703704,Avcılar_3,1644685.7142857143
Avcılar,130,4.0,10.0,1120000.0,0.0,3.0,8,Doğalgaz,Emlakjet,1.0,2,31.707317073170735,1,4.875197323201151,1.6094379124341003,520.0,1300.0,1690377.7777777778,0,0.0,0.3703703703703704,Avcılar_4,1475107.142857143
Avcılar,95,3.0,10.0,630000.0,0.0,3.0,8,Doğalgaz,Emlakjet,1.0,2,30.64516129032258,1,4.564348191467836,1.3862943611198906,285.0,950.0,1690377.7777777778,0,0.0,0.3703703703703704,Avcılar_3,1644685.7142857143
Avcılar,95,3.0,10.0,895000.0,0.0,3.0,8,Doğalgaz,Emlakjet,1.0,2,30.64516129032258,1,4.564348191467836,1.3862943611198906,285.0,950.0,1690377.7777777778,0,0.0,0.3703703703703704,Avcılar_3,1644685.7142857143
Avcılar,140,4.0,4.0,959000.0,0.0,3.0,8,Doğalgaz,Emlakjet,1.0,2,34.146341463414636,0,4.948759890378168,1.6094379124341003,560.0,560.0,1690377.7777777778,0,0.0,0.3703703703703704,Avcılar_4,1475107.142857143
Avcılar,85,3.0,10.0,800000.0,0.0,3.0,8,Doğalgaz,Emlakjet,1.0,2,27.419354838709676,1,4.454347296253507,1.3862943611198906,255.0,850.0,1690377.7777777778,0,0.0,0.3703703703703704,Avcılar_3,1644685.7142857143
Avcılar,90,3.0,10.0,340000.0,0.0,3.0,8,Doğalgaz,Emlakjet,1.0,2,29.032258064516128,1,4.51085950651685,1.3862943611198906,270.0,900.0,1690377.7777777778,0,0.0,0.3703703703703704,Avcılar_3,1644685.7142857143
Avcılar,130,4.0,7.5,949000.0,0.0,3.0,8,Doğalgaz,Emlakjet,1.0,2,31.707317073170735,1,4.875197323201151,1.6094379124341003,520.0,975.0,1690377.7777777778,0,0.0,0.3703703703703704,Avcılar_4,1475107.142857143
Avcılar,60,2.0,4.0,600000.0,0.0,3.0,8,Doğalgaz,Emlakjet,1.0,2,28.57142857142857,0,4.110873864173311,1.0986122886681098,120.0,240.0,1690377.7777777778,0,0.0,0.3703703703703704,Avcılar_2,744937.5
Avcılar,160,4.0,30.0,650000.0,0.0,3.0,8,Doğalgaz,Emlakjet,1.0,2,39.024390243902445,3,5.081404364984463,1.6094379124341003,640.0,4800.0,1690377.7777777778,0,0.0,0.3703703703703704,Avcılar_4,1475107.142857143
Avcılar,90,3.0,7.5,655000.0,0.0,3.0,8,Doğalgaz,Emlakjet,1.0,2,29.032258064516128,1,4.51085950651685,1.3862943611198906,270.0,675.0,1690377.7777777778,0,0.0,0.3703703703703704,Avcılar_3,1644685.7142857143
Avcılar,100,3.0,10.0,895000.0,0.0,3.0,8,Doğalgaz,Emlakjet,1.0,2,32.25806451612903,1,4.61512051684126,1.3862943611198906,300.0,1000.0,1690377.7777777778,0,0.0,0.3703703703703704,Avcılar_3,1644685.7142857143
Avcılar,105,3.0,30.0,820000.0,0.0,3.0,8,Doğalgaz,Emlakjet,1.0,2,33.87096774193548,3,4.663439094112067,1.3862943611198906,315.0,3150.0,1690377.7777777778,0,0.0,0.3703703703703704,Avcılar_3,1644685.7142857143
Avcılar,120,4.0,30.0,800000.0,0.0,3.0,8,Doğalgaz,Emlakjet,1.0,2,29.26829268292683,3,4.795790545596741,1.6094379124341003,480.0,3600.0,1690377.7777777778,0,0.0,0.3703703703703704,Avcılar_4,1475107.142857143
Avcılar,120,3.0,30.0,750000.0,0.0,3.0,8,Doğalgaz,Emlakjet,1.0,2,38.70967741935484,3,4.795790545596741,1.3862943611198906,360.0,3600.0,1690377.7777777778,0,0.0,0.3703703703703704,Avcılar_3,1644685.7142857143
Avcılar,90,3.0,4.0,500000.0,0.0,3.0,8,Doğalgaz,Emlakjet,1.0,2,29.032258064516128,0,4.51085950651685,1.3862943611198906,270.0,360.0,1690377.7777777778,0,0.0,0.3703703703703704,Avcılar_3,1644685.7142857143
Avcılar,124,3.0,10.0,2050000.0,0.0,3.0,8,Doğalgaz,Emlakjet,1.0,2,40.0,1,4.8283137373023015,1.3862943611198906,372.0,1240.0,1690377.7777777778,0,0.0,0.3703703703703704,Avcılar_3,1644685.7142857143
Avcılar,180,5.0,10.0,1550000.0,0.0,3.0,8,Doğalgaz,Emlakjet,1.0,2,35.294117647058826,1,5.198497031265826,1.791759469228055,900.0,1800.0,1690377.7777777778,0,0.0,0.3703703703703704,Avcılar_5,1273105.2631578948
Avcılar,95,3.0,10.0,720000.0,0.0,3.0,8,Doğalgaz,Emlakjet,1.0,2,30.64516129032258,1,4.564348191467836,1.3862943611198906,285.0,950.0,1690377.7777777778,0,0.0,0.3703703703703704,Avcılar_3,1644685.7142857143
Avcılar,145,3.0,30.0,765000.0,0.0,3.0,8,Doğalgaz,Emlakjet,1.0,2,46.774193548387096,3,4.983606621708336,1.3862943611198906,435.0,4350.0,1690377.7777777778,0,0.0,0.3703703703703704,Avcılar_3,1644685.7142857143
Avcılar,100,3.0,4.0,380000.0,0.0,3.0,8,Doğalgaz,Emlakjet,1.0,2,32.25806451612903,0,4.61512051684126,1.3862943611198906,300.0,400.0,1690377.7777777778,0,0.0,0.3703703703703704,Avcılar_3,1644685.7142857143
Avcılar,140,4.0,10.0,1250000.0,0.0,3.0,8,Doğalgaz,Emlakjet,1.0,2,34.146341463414636,1,4.948759890378168,1.6094379124341003,560.0,1400.0,1690377.7777777778,0,0.0,0.3703703703703704,Avcılar_4,1475107.142857143
Avcılar,110,3.0,30.0,510000.0,0.0,3.0,8,Doğalgaz,Emlakjet,1.0,2,35.483870967741936,3,4.709530201312334,1.3862943611198906,330.0,3300.0,1690377.7777777778,0,0.0,0.3703703703703704,Avcılar_3,1644685.7142857143
Avcılar,75,2.5,10.0,675000.0,0.0,3.0,8,Doğalgaz,Emlakjet,1.0,2,28.846153846153847,1,4.330733340286331,1.252762968495368,187.5,750.0,1690377.7777777778,0,0.0,0.3703703703703704,Avcılar_2,744937.5
Avcılar,180,4.0,30.0,1200000.0,0.0,3.0,8,Doğalgaz,Emlakjet,1.0,2,43.90243902439025,3,5.198497031265826,1.6094379124341003,720.0,5400.0,1690377.7777777778,0,0.0,0.3703703703703704,Avcılar_4,1475107.142857143
Avcılar,180,5.0,30.0,950000.0,0.0,3.0,8,Doğalgaz,Emlakjet,1.0,2,35.294117647058826,3,5.198497031265826,1.791759469228055,900.0,5400.0,1690377.7777777778,0,0.0,0.3703703703703704,Avcılar_5,1273105.2631578948
Avcılar,110,3.0,10.0,1300000.0,0.0,3.0,8,Doğalgaz,Emlakjet,1.0,2,35.483870967741936,1,4.709530201312334,1.3862943611198906,330.0,1100.0,1690377.7777777778,0,0.0,0.3703703703703704,Avcılar_3,1644685.7142857143
Avcılar,85,3.0,30.0,520000.0,0.0,3.0,8,Doğalgaz,Emlakjet,1.0,2,27.419354838709676,3,4.454347296253507,1.3862943611198906,255.0,2550.0,1690377.7777777778,0,0.0,0.3703703703703704,Avcılar_3,1644685.7142857143
Avcılar,190,6.0,10.0,1650000.0,0.0,3.0,8,Doğalgaz,Emlakjet,1.0,2,31.14754098360656,1,5.25227342804663,1.9459101490553132,1140.0,1900.0,1690377.7777777778,0,0.0,0.3703703703703704,Avcılar_6,3135736.8421052634
Avcılar,105,3.0,30.0,550000.0,0.0,3.0,8,Doğalgaz,Emlakjet,1.0,2,33.87096774193548,3,4.663439094112067,1.3862943611198906,315.0,3150.0,1690377.7777777778,0,0.0,0.3703703703703704,Avcılar_3,1644685.7142857143
Avcılar,90,3.0,13.0,650000.0,0.0,3.0,8,Doğalgaz,Emlakjet,1.0,2,29.032258064516128,2,4.51085950651685,1.3862943611198906,270.0,1170.0,1690377.7777777778,0,0.0,0.3703703703703704,Avcılar_3,1644685.7142857143
Avcılar,302,6.0,7.5,12000000.0,0.0,3.0,8,Doğalgaz,Emlakjet,1.0,2,49.50819672131148,1,5.713732805509369,1.9459101490553132,1812.0,2265.0,1690377.7777777778,0,0.0,0.3703703703703704,Avcılar_6,3135736.8421052634
Avcılar,168,4.0,1.0,4500000.0,0.0,3.0,8,Doğalgaz,Emlakjet,1.0,2,40.97560975609756,0,5.1298987149230735,1.6094379124341003,672.0,168.0,1690377.7777777778,0,0.0,0.3703703703703704,Avcılar_4,1475107.142857143
Avcılar,302,6.0,7.5,12000000.0,0.0,3.0,8,Doğalgaz,Emlakjet,1.0,2,49.50819672131148,1,5.713732805509369,1.9459101490553132,1812.0,2265.0,1690377.7777777778,0,0.0,0.3703703703703704,Avcılar_6,3135736.8421052634
Avcılar,100,3.0,30.0,650000.0,0.0,3.0,8,Doğalgaz,Emlakjet,1.0,2,32.25806451612903,3,4.61512051684126,1.3862943611198906,300.0,3000.0,1690377.7777777778,0,0.0,0.3703703703703704,Avcılar_3,1644685.7142857143
Avcılar,92,2.0,13.0,1350000.0,0.0,3.0,8,Doğalgaz,Emlakjet,1.0,2,43.80952380952381,2,4.532599493153256,1.0986122886681098,184.0,1196.0,1690377.7777777778,0,0.0,0.3703703703703704,Avcılar_2,744937.5
Avcılar,110,4.0,7.5,830000.0,0.0,3.0,8,Doğalgaz,Emlakjet,1.0,2,26.82926829268293,1,4.709530201312334,1.6094379124341003,440.0,825.0,1690377.7777777778,0,0.0,0.3703703703703704,Avcılar_4,1475107.142857143
Avcılar,140,4.5,30.0,600000.0,0.0,3.0,8,Doğalgaz,Emlakjet,1.0,2,30.434782608695656,3,4.948759890378168,1.7047480922384253,630.0,4200.0,1690377.7777777778,0,0.0,0.3703703703703704,Avcılar_4,1475107.142857143
Avcılar,95,3.0,10.0,750000.0,0.0,3.0,8,Doğalgaz,Emlakjet,1.0,2,30.64516129032258,1,4.564348191467836,1.3862943611198906,285.0,950.0,1690377.7777777778,0,0.0,0.3703703703703704,Avcılar_3,1644685.7142857143
Avcılar,149,3.0,3.0,1770000.0,0.0,3.0,8,Doğalgaz,Emlakjet,1.0,2,48.064516129032256,0,5.0106352940962555,1.3862943611198906,447.0,447.0,1690377.7777777778,0,0.0,0.3703703703703704,Avcılar_3,1644685.7142857143
Avcılar,200,6.0,30.0,800000.0,0.0,3.0,8,Doğalgaz,Emlakjet,1.0,2,32.786885245901644,3,5.303304908059076,1.9459101490553132,1200.0,6000.0,1690377.7777777778,0,0.0,0.3703703703703704,Avcılar_6,3135736.8421052634
Avcılar,170,4.0,13.0,1500000.0,0.0,3.0,8,Doğalgaz,Emlakjet,1.0,2,41.463414634146346,2,5.14166355650266,1.6094379124341003,680.0,2210.0,1690377.7777777778,0,0.0,0.3703703703703704,Avcılar_4,1475107.142857143
Avcılar,120,4.0,30.0,900000.0,0.0,3.0,8,Doğalgaz,Emlakjet,1.0,2,29.26829268292683,3,4.795790545596741,1.6094379124341003,480.0,3600.0,1690377.7777777778,0,0.0,0.3703703703703704,Avcılar_4,1475107.142857143
Avcılar,220,7.0,10.0,1600000.0,0.0,3.0,8,Doğalgaz,Emlakjet,1.0,2,30.985915492957748,1,5.3981627015177525,2.0794415416798357,1540.0,2200.0,1690377.7777777778,0,0.0,0.3703703703703704,Avcılar_7,2820000.0
Avcılar,300,7.0,7.5,3100000.0,0.0,3.0,8,Doğalgaz,Emlakjet,1.0,2,42.25352112676057,1,5.707110264748875,2.0794415416798357,2100.0,2250.0,1690377.7777777778,0,0.0,0.3703703703703704,Avcılar_7,2820000.0
Avcılar,185,4.0,30.0,1400000.0,0.0,3.0,8,Doğalgaz,Emlakjet,1.0,2,45.1219512195122,3,5.225746673713202,1.6094379124341003,740.0,5550.0,1690377.7777777778,0,0.0,0.3703703703703704,Avcılar_4,1475107.142857143
Avcılar,550,3.0,3.0,37000000.0,0.0,3.0,8,Doğalgaz,Emlakjet,1.0,2,177.41935483870967,0,6.311734809152915,1.3862943611198906,1650.0,1650.0,1690377.7777777778,0,0.0,0.3703703703703704,Avcılar_3,1644685.7142857143
Avcılar,100,3.0,13.0,840000.0,0.0,3.0,8,Doğalgaz,Emlakjet,1.0,2,32.25806451612903,2,4.61512051684126,1.3862943611198906,300.0,1300.0,1690377.7777777778,0,0.0,0.3703703703703704,Avcılar_3,1644685.7142857143
Avcılar,220,5.0,7.5,3100000.0,0.0,3.0,8,Doğalgaz,Emlakjet,1.0,2,43.13725490196079,1,5.3981627015177525,1.791759469228055,1100.0,1650.0,1690377.7777777778,0,0.0,0.3703703703703704,Avcılar_5,1273105.2631578948
Avcılar,100,3.0,7.5,765000.0,0.0,3.0,8,Doğalgaz,Emlakjet,1.0,2,32.25806451612903,1,4.61512051684126,1.3862943611198906,300.0,750.0,1690377.7777777778,0,0.0,0.3703703703703704,Avcılar_3,1644685.7142857143
Avcılar,125,4.0,10.0,1050000.0,0.0,3.0,8,Doğalgaz,Emlakjet,1.0,2,30.487804878048784,1,4.836281906951478,1.6094379124341003,500.0,1250.0,1690377.7777777778,0,0.0,0.3703703703703704,Avcılar_4,1475107.142857143
Avcılar,105,3.0,10.0,622000.0,0.0,3.0,8,Doğalgaz,Emlakjet,1.0,2,33.87096774193548,1,4.663439094112067,1.3862943611198906,315.0,1050.0,1690377.7777777778,0,0.0,0.3703703703703704,Avcılar_3,1644685.7142857143
Avcılar,80,2.0,7.5,1090000.0,0.0,3.0,8,Doğalgaz,Emlakjet,1.0,2,38.095238095238095,1,4.394449154672439,1.0986122886681098,160.0,600.0,1690377.7777777778,0,0.0,0.3703703703703704,Avcılar_2,744937.5
Avcılar,66,2.0,7.5,850000.0,0.0,3.0,8,Doğalgaz,Emlakjet,1.0,2,31.428571428571427,1,4.204692619390966,1.0986122886681098,132.0,495.0,1690377.7777777778,0,0.0,0.3703703703703704,Avcılar_2,744937.5
Avcılar,120,3.0,2.0,500000.0,0.0,3.0,8,Doğalgaz,Emlakjet,1.0,2,38.70967741935484,0,4.795790545596741,1.3862943611198906,360.0,240.0,1690377.7777777778,0,0.0,0.3703703703703704,Avcılar_3,1644685.7142857143
Avcılar,90,3.0,30.0,420000.0,0.0,3.0,8,Doğalgaz,Emlakjet,1.0,2,29.032258064516128,3,4.51085950651685,1.3862943611198906,270.0,2700.0,1690377.7777777778,0,0.0,0.3703703703703704,Avcılar_3,1644685.7142857143
Avcılar,1001,3.0,2.0,15300000.0,0.0,3.0,8,Doğalgaz,Emlakjet,1.0,2,322.9032258064516,0,6.90975328164481,1.3862943611198906,3003.0,2002.0,1690377.7777777778,0,0.0,0.3703703703703704,Avcılar_3,1644685.7142857143
Avcılar,180,5.0,7.5,1450000.0,0.0,3.0,8,Doğalgaz,Emlakjet,1.0,2,35.294117647058826,1,5.198497031265826,1.791759469228055,900.0,1350.0,1690377.7777777778,0,0.0,0.3703703703703704,Avcılar_5,1273105.2631578948
Avcılar,200,6.0,10.0,1650000.0,0.0,3.0,8,Doğalgaz,Emlakjet,1.0,2,32.786885245901644,1,5.303304908059076,1.9459101490553132,1200.0,2000.0,1690377.7777777778,0,0.0,0.3703703703703704,Avcılar_6,3135736.8421052634
Avcılar,125,4.0,10.0,1450000.0,0.0,3.0,8,Doğalgaz,Emlakjet,1.0,2,30.487804878048784,1,4.836281906951478,1.6094379124341003,500.0,1250.0,1690377.7777777778,0,0.0,0.3703703703703704,Avcılar_4,1475107.142857143
Avcılar,130,4.0,7.5,675000.0,0.0,3.0,8,Doğalgaz,Emlakjet,1.0,2,31.707317073170735,1,4.875197323201151,1.6094379124341003,520.0,975.0,1690377.7777777778,0,0.0,0.3703703703703704,Avcılar_4,1475107.142857143
Avcılar,170,4.0,13.0,1250000.0,0.0,3.0,8,Doğalgaz,Emlakjet,1.0,2,41.463414634146346,2,5.14166355650266,1.6094379124341003,680.0,2210.0,1690377.7777777778,0,0.0,0.3703703703703704,Avcılar_4,1475107.142857143
Avcılar,100,3.0,30.0,800000.0,0.0,3.0,8,Doğalgaz,Emlakjet,1.0,2,32.25806451612903,3,4.61512051684126,1.3862943611198906,300.0,3000.0,1690377.7777777778,0,0.0,0.3703703703703704,Avcılar_3,1644685.7142857143
Avcılar,100,3.0,10.0,900000.0,0.0,3.0,8,Doğalgaz,Emlakjet,1.0,2,32.25806451612903,1,4.61512051684126,1.3862943611198906,300.0,1000.0,1690377.7777777778,0,0.0,0.3703703703703704,Avcılar_3,1644685.7142857143
Avcılar,175,4.0,7.5,1800000.0,0.0,3.0,8,Doğalgaz,Emlakjet,1.0,2,42.6829268292683,1,5.170483995038151,1.6094379124341003,700.0,1312.5,1690377.7777777778,0,0.0,0.3703703703703704,Avcılar_4,1475107.142857143
Avcılar,120,4.0,10.0,1350000.0,0.0,3.0,8,Doğalgaz,Emlakjet,1.0,2,29.26829268292683,1,4.795790545596741,1.6094379124341003,480.0,1200.0,1690377.7777777778,0,0.0,0.3703703703703704,Avcılar_4,1475107.142857143
Avcılar,120,4.0,10.0,1250000.0,0.0,3.0,8,Doğalgaz,Emlakjet,1.0,2,29.26829268292683,1,4.795790545596741,1.6094379124341003,480.0,1200.0,1690377.7777777778,0,0.0,0.3703703703703704,Avcılar_4,1475107.142857143
Avcılar,120,4.0,30.0,720000.0,0.0,3.0,8,Doğalgaz,Emlakjet,1.0,2,29.26829268292683,3,4.795790545596741,1.6094379124341003,480.0,3600.0,1690377.7777777778,0,0.0,0.3703703703703704,Avcılar_4,1475107.142857143
Avcılar,147,3.0,2.0,1850000.0,0.0,3.0,8,Doğalgaz,Emlakjet,1.0,2,47.41935483870967,0,4.997212273764115,1.3862943611198906,441.0,294.0,1690377.7777777778,0,0.0,0.3703703703703704,Avcılar_3,1644685.7142857143
Avcılar,280,4.0,2.0,2750000.0,0.0,3.0,8,Doğalgaz,Emlakjet,1.0,2,68.29268292682927,0,5.638354669333745,1.6094379124341003,1120.0,560.0,1690377.7777777778,0,0.0,0.3703703703703704,Avcılar_4,1475107.142857143
Avcılar,125,4.0,30.0,750000.0,0.0,3.0,8,Doğalgaz,Emlakjet,1.0,2,30.487804878048784,3,4.836281906951478,1.6094379124341003,500.0,3750.0,1690377.7777777778,0,0.0,0.3703703703703704,Avcılar_4,1475107.142857143
Avcılar,230,8.0,10.0,1650000.0,0.0,3.0,8,Doğalgaz,Emlakjet,1.0,2,28.395061728395063,1,5.442417710521793,2.1972245773362196,1840.0,2300.0,1690377.7777777778,0,0.0,0.3703703703703704,Avcılar_8,3300000.0
Avcılar,100,3.0,7.5,730000.0,0.0,3.0,8,Doğalgaz,Emlakjet,1.0,2,32.25806451612903,1,4.61512051684126,1.3862943611198906,300.0,750.0,1690377.7777777778,0,0.0,0.3703703703703704,Avcılar_3,1644685.7142857143
Avcılar,100,3.0,10.0,990000.0,0.0,3.0,8,Doğalgaz,Emlakjet,1.0,2,32.25806451612903,1,4.61512051684126,1.3862943611198906,300.0,1000.0,1690377.7777777778,0,0.0,0.3703703703703704,Avcılar_3,1644685.7142857143
Avcılar,105,3.0,10.0,720000.0,0.0,3.0,8,Doğalgaz,Emlakjet,1.0,2,33.87096774193548,1,4.663439094112067,1.3862943611198906,315.0,1050.0,1690377.7777777778,0,0.0,0.3703703703703704,Avcılar_3,1644685.7142857143
Avcılar,70,3.0,7.5,835000.0,0.0,3.0,8,Doğalgaz,Emlakjet,1.0,2,22.58064516129032,1,4.2626798770413155,1.3862943611198906,210.0,525.0,1690377.7777777778,0,0.0,0.3703703703703704,Avcılar_3,1644685.7142857143
Avcılar,70,2.0,3.0,965000.0,0.0,3.0,8,Doğalgaz,Emlakjet,1.0,2,33.33333333333333,0,4.2626798770413155,1.0986122886681098,140.0,210.0,1690377.7777777778,0,0.0,0.3703703703703704,Avcılar_2,744937.5
Avcılar,152,4.0,7.5,1650000.0,0.0,3.0,8,Doğalgaz,Emlakjet,1.0,2,37.07317073170732,1,5.030437921392435,1.6094379124341003,608.0,1140.0,1690377.7777777778,0,0.0,0.3703703703703704,Avcılar_4,1475107.142857143
Avcılar,70,2.0,3.0,920000.0,0.0,3.0,8,Doğalgaz,Emlakjet,1.0,2,33.33333333333333,0,4.2626798770413155,1.0986122886681098,140.0,210.0,1690377.7777777778,0,0.0,0.3703703703703704,Avcılar_2,744937.5
Avcılar,130,3.0,4.0,1950000.0,0.0,3.0,8,Doğalgaz,Emlakjet,1.0,2,41.935483870967744,0,4.875197323201151,1.3862943611198906,390.0,520.0,1690377.7777777778,0,0.0,0.3703703703703704,Avcılar_3,1644685.7142857143
Avcılar,126,4.0,10.0,1360000.0,0.0,3.0,8,Doğalgaz,Emlakjet,1.0,2,30.731707317073173,1,4.844187086458591,1.6094379124341003,504.0,1260.0,1690377.7777777778,0,0.0,0.3703703703703704,Avcılar_4,1475107.142857143
Avcılar,80,2.5,3.0,599000.0,0.0,3.0,8,Doğalgaz,Emlakjet,1.0,2,30.769230769230766,0,4.394449154672439,1.252762968495368,200.0,240.0,1690377.7777777778,0,0.0,0.3703703703703704,Avcılar_2,744937.5
Avcılar,180,6.0,10.0,1800000.0,0.0,3.0,8,Doğalgaz,Emlakjet,1.0,2,29.508196721311478,1,5.198497031265826,1.9459101490553132,1080.0,1800.0,1690377.7777777778,0,0.0,0.3703703703703704,Avcılar_6,3135736.8421052634
Avcılar,90,3.0,13.0,700000.0,0.0,3.0,8,Doğalgaz,Emlakjet,1.0,2,29.032258064516128,2,4.51085950651685,1.3862943611198906,270.0,1170.0,1690377.7777777778,0,0.0,0.3703703703703704,Avcılar_3,1644685.7142857143
Avcılar,230,6.0,10.0,2500000.0,0.0,3.0,8,Doğalgaz,Emlakjet,1.0,2,37.704918032786885,1,5.442417710521793,1.9459101490553132,1380.0,2300.0,1690377.7777777778,0,0.0,0.3703703703703704,Avcılar_6,3135736.8421052634
Avcılar,165,4.0,30.0,490000.0,0.0,3.0,8,Doğalgaz,Emlakjet,1.0,2,40.243902439024396,3,5.111987788356544,1.6094379124341003,660.0,4950.0,1690377.7777777778,0,0.0,0.3703703703703704,Avcılar_4,1475107.142857143
Avcılar,220,6.0,30.0,1150000.0,0.0,3.0,8,Doğalgaz,Emlakjet,1.0,2,36.0655737704918,3,5.3981627015177525,1.9459101490553132,1320.0,6600.0,1690377.7777777778,0,0.0,0.3703703703703704,Avcılar_6,3135736.8421052634
Avcılar,120,3.0,10.0,989500.0,0.0,3.0,8,Doğalgaz,Emlakjet,1.0,2,38.70967741935484,1,4.795790545596741,1.3862943611198906,360.0,1200.0,1690377.7777777778,0,0.0,0.3703703703703704,Avcılar_3,1644685.7142857143
Avcılar,200,5.0,7.5,2250000.0,0.0,3.0,8,Doğalgaz,Emlakjet,1.0,2,39.21568627450981,1,5.303304908059076,1.791759469228055,1000.0,1500.0,1690377.7777777778,0,0.0,0.3703703703703704,Avcılar_5,1273105.2631578948
Avcılar,120,3.0,3.0,1680000.0,0.0,3.0,8,Doğalgaz,Emlakjet,1.0,2,38.70967741935484,0,4.795790545596741,1.3862943611198906,360.0,360.0,1690377.7777777778,0,0.0,0.3703703703703704,Avcılar_3,1644685.7142857143
Avcılar,126,3.0,4.0,1470000.0,0.0,3.0,8,Doğalgaz,Emlakjet,1.0,2,40.64516129032258,0,4.844187086458591,1.3862943611198906,378.0,504.0,1690377.7777777778,0,0.0,0.3703703703703704,Avcılar_3,1644685.7142857143
Avcılar,105,4.0,1.0,990000.0,0.0,3.0,8,Doğalgaz,Emlakjet,1.0,2,25.60975609756098,0,4.663439094112067,1.6094379124341003,420.0,105.0,1690377.7777777778,0,0.0,0.3703703703703704,Avcılar_4,1475107.142857143
Avcılar,170,5.0,10.0,1500000.0,0.0,3.0,8,Doğalgaz,Emlakjet,1.0,2,33.333333333333336,1,5.14166355650266,1.791759469228055,850.0,1700.0,1690377.7777777778,0,0.0,0.3703703703703704,Avcılar_5,1273105.2631578948
Avcılar,85,3.0,30.0,530000.0,0.0,3.0,8,Doğalgaz,Emlakjet,1.0,2,27.419354838709676,3,4.454347296253507,1.3862943611198906,255.0,2550.0,1690377.7777777778,0,0.0,0.3703703703703704,Avcılar_3,1644685.7142857143
Avcılar,95,3.0,7.5,700000.0,0.0,3.0,8,Doğalgaz,Emlakjet,1.0,2,30.64516129032258,1,4.564348191467836,1.3862943611198906,285.0,712.5,1690377.7777777778,0,0.0,0.3703703703703704,Avcılar_3,1644685.7142857143
Avcılar,85,3.0,30.0,429500.0,0.0,3.0,8,Doğalgaz,Emlakjet,1.0,2,27.419354838709676,3,4.454347296253507,1.3862943611198906,255.0,2550.0,1690377.7777777778,0,0.0,0.3703703703703704,Avcılar_3,1644685.7142857143
Avcılar,120,3.0,30.0,535000.0,0.0,3.0,8,Doğalgaz,Emlakjet,1.0,2,38.70967741935484,3,4.795790545596741,1.3862943611198906,360.0,3600.0,1690377.7777777778,0,0.0,0.3703703703703704,Avcılar_3,1644685.7142857143
Avcılar,200,5.0,7.5,1250000.0,0.0,3.0,8,Doğalgaz,Emlakjet,1.0,2,39.21568627450981,1,5.303304908059076,1.791759469228055,1000.0,1500.0,1690377.7777777778,0,0.0,0.3703703703703704,Avcılar_5,1273105.2631578948
Avcılar,130,4.0,30.0,550000.0,0.0,3.0,8,Doğalgaz,Emlakjet,1.0,2,31.707317073170735,3,4.875197323201151,1.6094379124341003,520.0,3900.0,1690377.7777777778,0,0.0,0.3703703703703704,Avcılar_4,1475107.142857143
Avcılar,200,5.0,4.0,1050000.0,0.0,3.0,8,Doğalgaz,Emlakjet,1.0,2,39.21568627450981,0,5.303304908059076,1.791759469228055,1000.0,800.0,1690377.7777777778,0,0.0,0.3703703703703704,Avcılar_5,1273105.2631578948
Avcılar,130,3.0,1.0,575000.0,0.0,3.0,8,Doğalgaz,Emlakjet,1.0,2,41.935483870967744,0,4.875197323201151,1.3862943611198906,390.0,130.0,1690377.7777777778,0,0.0,0.3703703703703704,Avcılar_3,1644685.7142857143
Avcılar,360,8.0,4.0,2000000.0,0.0,3.0,8,Doğalgaz,Emlakjet,1.0,2,44.44444444444444,0,5.8888779583328805,2.1972245773362196,2880.0,1440.0,1690377.7777777778,0,0.0,0.3703703703703704,Avcılar_8,3300000.0
Avcılar,105,3.0,30.0,650000.0,0.0,3.0,8,Doğalgaz,Emlakjet,1.0,2,33.87096774193548,3,4.663439094112067,1.3862943611198906,315.0,3150.0,1690377.7777777778,0,0.0,0.3703703703703704,Avcılar_3,1644685.7142857143
Avcılar,230,8.0,10.0,1550000.0,0.0,3.0,8,Doğalgaz,Emlakjet,1.0,2,28.395061728395063,1,5.442417710521793,2.1972245773362196,1840.0,2300.0,1690377.7777777778,0,0.0,0.3703703703703704,Avcılar_8,3300000.0
Avcılar,195,6.0,10.0,985000.0,0.0,3.0,8,Doğalgaz,Emlakjet,1.0,2,31.9672131147541,1,5.278114659230517,1.9459101490553132,1170.0,1950.0,1690377.7777777778,0,0.0,0.3703703703703704,Avcılar_6,3135736.8421052634
Avcılar,150,4.0,10.0,700000.0,0.0,3.0,8,Doğalgaz,Emlakjet,1.0,2,36.58536585365854,1,5.017279836814924,1.6094379124341003,600.0,1500.0,1690377.7777777778,0,0.0,0.3703703703703704,Avcılar_4,1475107.142857143
Avcılar,124,3.0,4.0,1600000.0,0.0,3.0,8,Doğalgaz,Emlakjet,1.0,2,40.0,0,4.8283137373023015,1.3862943611198906,372.0,496.0,1690377.7777777778,0,0.0,0.3703703703703704,Avcılar_3,1644685.7142857143
Avcılar,90,2.0,10.0,315000.0,0.0,3.0,8,Doğalgaz,Emlakjet,1.0,2,42.857142857142854,1,4.51085950651685,1.0986122886681098,180.0,900.0,1690377.7777777778,0,0.0,0.3703703703703704,Avcılar_2,744937.5
Avcılar,145,4.0,1.0,425000.0,0.0,3.0,8,Doğalgaz,Emlakjet,1.0,2,35.36585365853659,0,4.983606621708336,1.6094379124341003,580.0,145.0,1690377.7777777778,0,0.0,0.3703703703703704,Avcılar_4,1475107.142857143
Avcılar,901,3.0,13.0,3000000.0,0.0,3.0,8,Doğalgaz,Emlakjet,1.0,2,290.64516129032256,2,6.804614520062624,1.3862943611198906,2703.0,11713.0,1690377.7777777778,0,0.0,0.3703703703703704,Avcılar_3,1644685.7142857143
Avcılar,175,4.0,30.0,1485000.0,0.0,3.0,8,Doğalgaz,Emlakjet,1.0,2,42.6829268292683,3,5.170483995038151,1.6094379124341003,700.0,5250.0,1690377.7777777778,0,0.0,0.3703703703703704,Avcılar_4,1475107.142857143
Avcılar,300,7.0,30.0,4000000.0,0.0,3.0,8,Doğalgaz,Emlakjet,1.0,2,42.25352112676057,3,5.707110264748875,2.0794415416798357,2100.0,9000.0,1690377.7777777778,0,0.0,0.3703703703703704,Avcılar_7,2820000.0
Avcılar,116,3.0,7.5,1785000.0,0.0,3.0,8,Doğalgaz,Emlakjet,1.0,2,37.41935483870968,1,4.762173934797756,1.3862943611198906,348.0,870.0,1690377.7777777778,0,0.0,0.3703703703703704,Avcılar_3,1644685.7142857143
Avcılar,62,2.0,10.0,1200000.0,0.0,3.0,8,Doğalgaz,Emlakjet,1.0,2,29.523809523809522,1,4.143134726391533,1.0986122886681098,124.0,620.0,1690377.7777777778,0,0.0,0.3703703703703704,Avcılar_2,744937.5
Avcılar,174,4.0,10.0,3000000.0,0.0,3.0,8,Doğalgaz,Emlakjet,1.0,2,42.43902439024391,1,5.1647859739235145,1.6094379124341003,696.0,1740.0,1690377.7777777778,0,0.0,0.3703703703703704,Avcılar_4,1475107.142857143
Avcılar,135,3.0,10.0,2400000.0,0.0,3.0,8,Doğalgaz,Emlakjet,1.0,2,43.54838709677419,1,4.912654885736052,1.3862943611198906,405.0,1350.0,1690377.7777777778,0,0.0,0.3703703703703704,Avcılar_3,1644685.7142857143
Avcılar,182,4.0,10.0,725000.0,0.0,3.0,8,Doğalgaz,Emlakjet,1.0,2,44.390243902439025,1,5.209486152841421,1.6094379124341003,728.0,1820.0,1690377.7777777778,0,0.0,0.3703703703703704,Avcılar_4,1475107.142857143
Avcılar,280,4.0,4.0,1500000.0,0.0,3.0,8,Doğalgaz,Emlakjet,1.0,2,68.29268292682927,0,5.638354669333745,1.6094379124341003,1120.0,1120.0,1690377.7777777778,0,0.0,0.3703703703703704,Avcılar_4,1475107.142857143
Avcılar,139,3.0,30.0,800000.0,0.0,3.0,8,Doğalgaz,Emlakjet,1.0,2,44.83870967741935,3,4.941642422609304,1.3862943611198906,417.0,4170.0,1690377.7777777778,0,0.0,0.3703703703703704,Avcılar_3,1644685.7142857143
Avcılar,300,7.0,30.0,4000000.0,0.0,3.0,8,Doğalgaz,Emlakjet,1.0,2,42.25352112676057,3,5.707110264748875,2.0794415416798357,2100.0,9000.0,1690377.7777777778,0,0.0,0.3703703703703704,Avcılar_7,2820000.0
Avcılar,130,4.0,10.0,645000.0,0.0,3.0,8,Doğalgaz,Emlakjet,1.0,2,31.707317073170735,1,4.875197323201151,1.6094379124341003,520.0,1300.0,1690377.7777777778,0,0.0,0.3703703703703704,Avcılar_4,1475107.142857143
Avcılar,113,3.0,10.0,485000.0,0.0,3.0,8,Doğalgaz,Emlakjet,1.0,2,36.45161290322581,1,4.736198448394496,1.3862943611198906,339.0,1130.0,1690377.7777777778,0,0.0,0.3703703703703704,Avcılar_3,1644685.7142857143
Avcılar,150,5.0,10.0,555000.0,0.0,3.0,8,Doğalgaz,Emlakjet,1.0,2,29.411764705882355,1,5.017279836814924,1.791759469228055,750.0,1500.0,1690377.7777777778,0,0.0,0.3703703703703704,Avcılar_5,1273105.2631578948
Avcılar,105,3.0,7.5,865000.0,0.0,3.0,8,Doğalgaz,Emlakjet,1.0,2,33.87096774193548,1,4.663439094112067,1.3862943611198906,315.0,787.5,1690377.7777777778,0,0.0,0.3703703703703704,Avcılar_3,1644685.7142857143
Avcılar,1651,3.0,30.0,16500000.0,0.0,3.0,8,Doğalgaz,Emlakjet,1.0,2,532.5806451612904,3,7.409741954080923,1.3862943611198906,4953.0,49530.0,1690377.7777777778,0,0.0,0.3703703703703704,Avcılar_3,1644685.7142857143
Avcılar,290,9.0,13.0,2050000.0,0.0,3.0,8,Doğalgaz,Emlakjet,1.0,2,31.86813186813187,2,5.673323267171493,2.302585092994046,2610.0,3770.0,1690377.7777777778,0,0.0,0.3703703703703704,Avcılar_9,2050000.0
Avcılar,200,5.0,7.5,1300000.0,0.0,3.0,8,Doğalgaz,Emlakjet,1.0,2,39.21568627450981,1,5.303304908059076,1.791759469228055,1000.0,1500.0,1690377.7777777778,0,0.0,0.3703703703703704,Avcılar_5,1273105.2631578948
Avcılar,115,4.0,10.0,1300000.0,0.0,3.0,8,Doğalgaz,Emlakjet,1.0,2,28.04878048780488,1,4.7535901911063645,1.6094379124341003,460.0,1150.0,1690377.7777777778,0,0.0,0.3703703703703704,Avcılar_4,1475107.142857143
Avcılar,130,4.0,13.0,1150000.0,0.0,3.0,8,Doğalgaz,Emlakjet,1.0,2,31.707317073170735,2,4.875197323201151,1.6094379124341003,520.0,1690.0,1690377.7777777778,0,0.0,0.3703703703703704,Avcılar_4,1475107.142857143
Avcılar,190,5.0,7.5,1050000.0,0.0,3.0,8,Doğalgaz,Emlakjet,1.0,2,37.254901960784316,1,5.25227342804663,1.791759469228055,950.0,1425.0,1690377.7777777778,0,0.0,0.3703703703703704,Avcılar_5,1273105.2631578948
Avcılar,230,6.0,30.0,830000.0,0.0,3.0,8,Doğalgaz,Emlakjet,1.0,2,37.704918032786885,3,5.442417710521793,1.9459101490553132,1380.0,6900.0,1690377.7777777778,0,0.0,0.3703703703703704,Avcılar_6,3135736.8421052634
Avcılar,150,7.0,10.0,1400000.0,0.0,3.0,8,Doğalgaz,Emlakjet,1.0,2,21.126760563380284,1,5.017279836814924,2.0794415416798357,1050.0,1500.0,1690377.7777777778,0,0.0,0.3703703703703704,Avcılar_7,2820000.0
Avcılar,110,3.0,30.0,530000.0,0.0,3.0,8,Doğalgaz,Emlakjet,1.0,2,35.483870967741936,3,4.709530201312334,1.3862943611198906,330.0,3300.0,1690377.7777777778,0,0.0,0.3703703703703704,Avcılar_3,1644685.7142857143
Avcılar,144,4.0,4.0,1800000.0,0.0,3.0,8,Doğalgaz,Emlakjet,1.0,2,35.1219512195122,0,4.976733742420574,1.6094379124341003,576.0,576.0,1690377.7777777778,0,0.0,0.3703703703703704,Avcılar_4,1475107.142857143
Avcılar,124,3.0,7.5,1500000.0,0.0,3.0,8,Doğalgaz,Emlakjet,1.0,2,40.0,1,4.8283137373023015,1.3862943611198906,372.0,930.0,1690377.7777777778,0,0.0,0.3703703703703704,Avcılar_3,1644685.7142857143
Avcılar,195,6.0,10.0,2800000.0,0.0,3.0,8,Doğalgaz,Emlakjet,1.0,2,31.9672131147541,1,5.278114659230517,1.9459101490553132,1170.0,1950.0,1690377.7777777778,0,0.0,0.3703703703703704,Avcılar_6,3135736.8421052634
Avcılar,80,3.0,7.5,670000.0,0.0,3.0,8,Doğalgaz,Emlakjet,1.0,2,25.806451612903224,1,4.394449154672439,1.3862943611198906,240.0,600.0,1690377.7777777778,0,0.0,0.3703703703703704,Avcılar_3,1644685.7142857143
Avcılar,105,3.0,10.0,745000.0,0.0,3.0,8,Doğalgaz,Emlakjet,1.0,2,33.87096774193548,1,4.663439094112067,1.3862943611198906,315.0,1050.0,1690377.7777777778,0,0.0,0.3703703703703704,Avcılar_3,1644685.7142857143
Avcılar,105,3.0,10.0,700000.0,0.0,3.0,8,Doğalgaz,Emlakjet,1.0,2,33.87096774193548,1,4.663439094112067,1.3862943611198906,315.0,1050.0,1690377.7777777778,0,0.0,0.3703703703703704,Avcılar_3,1644685.7142857143
Avcılar,140,4.0,30.0,700000.0,0.0,3.0,8,Doğalgaz,Emlakjet,1.0,2,34.146341463414636,3,4.948759890378168,1.6094379124341003,560.0,4200.0,1690377.7777777778,0,0.0,0.3703703703703704,Avcılar_4,1475107.142857143
Avcılar,72,2.0,3.0,860000.0,0.0,3.0,8,Doğalgaz,Emlakjet,1.0,2,34.285714285714285,0,4.290459441148391,1.0986122886681098,144.0,216.0,1690377.7777777778,0,0.0,0.3703703703703704,Avcılar_2,744937.5
Avcılar,188,4.0,4.0,3100000.0,0.0,3.0,8,Doğalgaz,Emlakjet,1.0,2,45.85365853658537,0,5.241747015059643,1.6094379124341003,752.0,752.0,1690377.7777777778,0,0.0,0.3703703703703704,Avcılar_4,1475107.142857143
Avcılar,160,4.0,13.0,980000.0,0.0,3.0,8,Doğalgaz,Emlakjet,1.0,2,39.024390243902445,2,5.081404364984463,1.6094379124341003,640.0,2080.0,1690377.7777777778,0,0.0,0.3703703703703704,Avcılar_4,1475107.142857143
Avcılar,105,3.0,10.0,710000.0,0.0,3.0,8,Doğalgaz,Emlakjet,1.0,2,33.87096774193548,1,4.663439094112067,1.3862943611198906,315.0,1050.0,1690377.7777777778,0,0.0,0.3703703703703704,Avcılar_3,1644685.7142857143
Avcılar,105,3.0,10.0,550000.0,0.0,3.0,8,Doğalgaz,Emlakjet,1.0,2,33.87096774193548,1,4.663439094112067,1.3862943611198906,315.0,1050.0,1690377.7777777778,0,0.0,0.3703703703703704,Avcılar_3,1644685.7142857143
Avcılar,105,3.0,10.0,585000.0,0.0,3.0,8,Doğalgaz,Emlakjet,1.0,2,33.87096774193548,1,4.663439094112067,1.3862943611198906,315.0,1050.0,1690377.7777777778,0,0.0,0.3703703703703704,Avcılar_3,1644685.7142857143
Avcılar,105,3.0,10.0,625000.0,0.0,3.0,8,Doğalgaz,Emlakjet,1.0,2,33.87096774193548,1,4.663439094112067,1.3862943611198906,315.0,1050.0,1690377.7777777778,0,0.0,0.3703703703703704,Avcılar_3,1644685.7142857143
Avcılar,105,3.0,10.0,698000.0,0.0,3.0,8,Doğalgaz,Emlakjet,1.0,2,33.87096774193548,1,4.663439094112067,1.3862943611198906,315.0,1050.0,1690377.7777777778,0,0.0,0.3703703703703704,Avcılar_3,1644685.7142857143
Avcılar,105,3.0,10.0,688000.0,0.0,3.0,8,Doğalgaz,Emlakjet,1.0,2,33.87096774193548,1,4.663439094112067,1.3862943611198906,315.0,1050.0,1690377.7777777778,0,0.0,0.3703703703703704,Avcılar_3,1644685.7142857143
Avcılar,105,3.0,10.0,635000.0,0.0,3.0,8,Doğalgaz,Emlakjet,1.0,2,33.87096774193548,1,4.663439094112067,1.3862943611198906,315.0,1050.0,1690377.7777777778,0,0.0,0.3703703703703704,Avcılar_3,1644685.7142857143
Avcılar,95,3.0,10.0,1050000.0,0.0,3.0,8,Doğalgaz,Emlakjet,1.0,2,30.64516129032258,1,4.564348191467836,1.3862943611198906,285.0,950.0,1690377.7777777778,0,0.0,0.3703703703703704,Avcılar_3,1644685.7142857143
Avcılar,230,6.0,7.5,3150000.0,0.0,3.0,8,Doğalgaz,Emlakjet,1.0,2,37.704918032786885,1,5.442417710521793,1.9459101490553132,1380.0,1725.0,1690377.7777777778,0,0.0,0.3703703703703704,Avcılar_6,3135736.8421052634
Avcılar,105,3.0,10.0,645000.0,0.0,3.0,8,Doğalgaz,Emlakjet,1.0,2,33.87096774193548,1,4.663439094112067,1.3862943611198906,315.0,1050.0,1690377.7777777778,0,0.0,0.3703703703703704,Avcılar_3,1644685.7142857143
Avcılar,105,3.0,10.0,685000.0,0.0,3.0,8,Doğalgaz,Emlakjet,1.0,2,33.87096774193548,1,4.663439094112067,1.3862943611198906,315.0,1050.0,1690377.7777777778,0,0.0,0.3703703703703704,Avcılar_3,1644685.7142857143
Avcılar,105,3.0,10.0,820000.0,0.0,3.0,8,Doğalgaz,Emlakjet,1.0,2,33.87096774193548,1,4.663439094112067,1.3862943611198906,315.0,1050.0,1690377.7777777778,0,0.0,0.3703703703703704,Avcılar_3,1644685.7142857143
Avcılar,105,3.0,10.0,709000.0,0.0,3.0,8,Doğalgaz,Emlakjet,1.0,2,33.87096774193548,1,4.663439094112067,1.3862943611198906,315.0,1050.0,1690377.7777777778,0,0.0,0.3703703703703704,Avcılar_3,1644685.7142857143
Avcılar,105,3.0,10.0,585000.0,0.0,3.0,8,Doğalgaz,Emlakjet,1.0,2,33.87096774193548,1,4.663439094112067,1.3862943611198906,315.0,1050.0,1690377.7777777778,0,0.0,0.3703703703703704,Avcılar_3,1644685.7142857143
Avcılar,105,3.0,10.0,565000.0,0.0,3.0,8,Doğalgaz,Emlakjet,1.0,2,33.87096774193548,1,4.663439094112067,1.3862943611198906,315.0,1050.0,1690377.7777777778,0,0.0,0.3703703703703704,Avcılar_3,1644685.7142857143
Avcılar,105,3.0,10.0,625000.0,0.0,3.0,8,Doğalgaz,Emlakjet,1.0,2,33.87096774193548,1,4.663439094112067,1.3862943611198906,315.0,1050.0,1690377.7777777778,0,0.0,0.3703703703703704,Avcılar_3,1644685.7142857143
Avcılar,85,2.0,10.0,480000.0,0.0,3.0,8,Doğalgaz,Emlakjet,1.0,2,40.476190476190474,1,4.454347296253507,1.0986122886681098,170.0,850.0,1690377.7777777778,0,0.0,0.3703703703703704,Avcılar_2,744937.5
Avcılar,202,4.0,7.5,2150000.0,0.0,3.0,8,Doğalgaz,Emlakjet,1.0,2,49.268292682926834,1,5.313205979041787,1.6094379124341003,808.0,1515.0,1690377.7777777778,0,0.0,0.3703703703703704,Avcılar_4,1475107.142857143
Avcılar,128,3.0,7.5,2600000.0,0.0,3.0,8,Doğalgaz,Emlakjet,1.0,2,41.29032258064516,1,4.859812404361672,1.3862943611198906,384.0,960.0,1690377.7777777778,0,0.0,0.3703703703703704,Avcılar_3,1644685.7142857143
Avcılar,128,3.0,7.5,2750000.0,0.0,3.0,8,Doğalgaz,Emlakjet,1.0,2,41.29032258064516,1,4.859812404361672,1.3862943611198906,384.0,960.0,1690377.7777777778,0,0.0,0.3703703703703704,Avcılar_3,1644685.7142857143
Avcılar,75,3.0,7.5,720000.0,0.0,3.0,8,Doğalgaz,Emlakjet,1.0,2,24.193548387096772,1,4.330733340286331,1.3862943611198906,225.0,562.5,1690377.7777777778,0,0.0,0.3703703703703704,Avcılar_3,1644685.7142857143
Avcılar,305,6.0,7.5,10000000.0,0.0,3.0,8,Doğalgaz,Emlakjet,1.0,2,50.0,1,5.723585101952381,1.9459101490553132,1830.0,2287.5,1690377.7777777778,0,0.0,0.3703703703703704,Avcılar_6,3135736.8421052634
Avcılar,75,3.0,10.0,760000.0,0.0,3.0,8,Doğalgaz,Emlakjet,1.0,2,24.193548387096772,1,4.330733340286331,1.3862943611198906,225.0,750.0,1690377.7777777778,0,0.0,0.3703703703703704,Avcılar_3,1644685.7142857143
Avcılar,75,3.0,10.0,860000.0,0.0,3.0,8,Doğalgaz,Emlakjet,1.0,2,24.193548387096772,1,4.330733340286331,1.3862943611198906,225.0,750.0,1690377.7777777778,0,0.0,0.3703703703703704,Avcılar_3,1644685.7142857143
Avcılar,159,4.0,3.0,2000000.0,0.0,3.0,8,Doğalgaz,Emlakjet,1.0,2,38.78048780487805,0,5.075173815233827,1.6094379124341003,636.0,477.0,1690377.7777777778,0,0.0,0.3703703703703704,Avcılar_4,1475107.142857143
Avcılar,183,4.0,3.0,2150000.0,0.0,3.0,8,Doğalgaz,Emlakjet,1.0,2,44.63414634146342,0,5.214935757608986,1.6094379124341003,732.0,549.0,1690377.7777777778,0,0.0,0.3703703703703704,Avcılar_4,1475107.142857143
Avcılar,100,3.0,7.5,1050000.0,0.0,3.0,8,Doğalgaz,Emlakjet,1.0,2,32.25806451612903,1,4.61512051684126,1.3862943611198906,300.0,750.0,1690377.7777777778,0,0.0,0.3703703703703704,Avcılar_3,1644685.7142857143
Avcılar,35,2.0,30.0,315000.0,0.0,3.0,8,Doğalgaz,Emlakjet,1.0,2,16.666666666666664,3,3.58351893845611,1.0986122886681098,70.0,1050.0,1690377.7777777778,0,0.0,0.3703703703703704,Avcılar_2,744937.5
Avcılar,110,3.0,13.0,625000.0,0.0,3.0,8,Doğalgaz,Emlakjet,1.0,2,35.483870967741936,2,4.709530201312334,1.3862943611198906,330.0,1430.0,1690377.7777777778,0,0.0,0.3703703703703704,Avcılar_3,1644685.7142857143
Avcılar,120,3.0,10.0,895000.0,0.0,3.0,8,Doğalgaz,Emlakjet,1.0,2,38.70967741935484,1,4.795790545596741,1.3862943611198906,360.0,1200.0,1690377.7777777778,0,0.0,0.3703703703703704,Avcılar_3,1644685.7142857143
Avcılar,70,3.0,7.5,400000.0,0.0,3.0,8,Doğalgaz,Emlakjet,1.0,2,22.58064516129032,1,4.2626798770413155,1.3862943611198906,210.0,525.0,1690377.7777777778,0,0.0,0.3703703703703704,Avcılar_3,1644685.7142857143
Avcılar,110,3.0,13.0,615000.0,0.0,3.0,8,Doğalgaz,Emlakjet,1.0,2,35.483870967741936,2,4.709530201312334,1.3862943611198906,330.0,1430.0,1690377.7777777778,0,0.0,0.3703703703703704,Avcılar_3,1644685.7142857143
Avcılar,183,4.0,3.0,1850000.0,0.0,3.0,8,Doğalgaz,Emlakjet,1.0,2,44.63414634146342,0,5.214935757608986,1.6094379124341003,732.0,549.0,1690377.7777777778,0,0.0,0.3703703703703704,Avcılar_4,1475107.142857143
Avcılar,202,4.0,7.5,3795000.0,0.0,3.0,8,Doğalgaz,Emlakjet,1.0,2,49.268292682926834,1,5.313205979041787,1.6094379124341003,808.0,1515.0,1690377.7777777778,0,0.0,0.3703703703703704,Avcılar_4,1475107.142857143
Avcılar,74,2.0,7.5,840000.0,0.0,3.0,8,Doğalgaz,Emlakjet,1.0,2,35.238095238095234,1,4.31748811353631,1.0986122886681098,148.0,555.0,1690377.7777777778,0,0.0,0.3703703703703704,Avcılar_2,744937.5
Avcılar,169,4.0,3.0,1600000.0,0.0,3.0,8,Doğalgaz,Emlakjet,1.0,2,41.21951219512196,0,5.135798437050262,1.6094379124341003,676.0,507.0,1690377.7777777778,0,0.0,0.3703703703703704,Avcılar_4,1475107.142857143
Avcılar,124,3.0,4.0,1300000.0,0.0,3.0,8,Doğalgaz,Emlakjet,1.0,2,40.0,0,4.8283137373023015,1.3862943611198906,372.0,496.0,1690377.7777777778,0,0.0,0.3703703703703704,Avcılar_3,1644685.7142857143
Avcılar,188,4.0,7.5,2940000.0,0.0,3.0,8,Doğalgaz,Emlakjet,1.0,2,45.85365853658537,1,5.241747015059643,1.6094379124341003,752.0,1410.0,1690377.7777777778,0,0.0,0.3703703703703704,Avcılar_4,1475107.142857143
Avcılar,165,5.0,13.0,685000.0,0.0,3.0,8,Doğalgaz,Emlakjet,1.0,2,32.35294117647059,2,5.111987788356544,1.791759469228055,825.0,2145.0,1690377.7777777778,0,0.0,0.3703703703703704,Avcılar_5,1273105.2631578948
Avcılar,90,3.0,13.0,520000.0,0.0,3.0,8,Doğalgaz,Emlakjet,1.0,2,29.032258064516128,2,4.51085950651685,1.3862943611198906,270.0,1170.0,1690377.7777777778,0,0.0,0.3703703703703704,Avcılar_3,1644685.7142857143
Avcılar,80,3.0,7.5,460000.0,0.0,3.0,8,Doğalgaz,Emlakjet,1.0,2,25.806451612903224,1,4.394449154672439,1.3862943611198906,240.0,600.0,1690377.7777777778,0,0.0,0.3703703703703704,Avcılar_3,1644685.7142857143
Avcılar,200,5.0,13.0,750000.0,0.0,3.0,8,Doğalgaz,Emlakjet,1.0,2,39.21568627450981,2,5.303304908059076,1.791759469228055,1000.0,2600.0,1690377.7777777778,0,0.0,0.3703703703703704,Avcılar_5,1273105.2631578948
Avcılar,135,4.0,30.0,565000.0,0.0,3.0,8,Doğalgaz,Emlakjet,1.0,2,32.926829268292686,3,4.912654885736052,1.6094379124341003,540.0,4050.0,1690377.7777777778,0,0.0,0.3703703703703704,Avcılar_4,1475107.142857143
Avcılar,155,4.0,7.5,655000.0,0.0,3.0,8,Doğalgaz,Emlakjet,1.0,2,37.80487804878049,1,5.049856007249537,1.6094379124341003,620.0,1162.5,1690377.7777777778,0,0.0,0.3703703703703704,Avcılar_4,1475107.142857143
Avcılar,110,3.0,10.0,680000.0,0.0,3.0,8,Doğalgaz,Emlakjet,1.0,2,35.483870967741936,1,4.709530201312334,1.3862943611198906,330.0,1100.0,1690377.7777777778,0,0.0,0.3703703703703704,Avcılar_3,1644685.7142857143
Avcılar,200,5.0,1.0,699000.0,0.0,3.0,8,Doğalgaz,Emlakjet,1.0,2,39.21568627450981,0,5.303304908059076,1.791759469228055,1000.0,200.0,1690377.7777777778,0,0.0,0.3703703703703704,Avcılar_5,1273105.2631578948
Avcılar,140,5.0,10.0,1350000.0,0.0,3.0,8,Doğalgaz,Emlakjet,1.0,2,27.450980392156865,1,4.948759890378168,1.791759469228055,700.0,1400.0,1690377.7777777778,0,0.0,0.3703703703703704,Avcılar_5,1273105.2631578948
Avcılar,485,8.0,7.5,8000000.0,0.0,3.0,8,Doğalgaz,Emlakjet,1.0,2,59.876543209876544,1,6.186208623900494,2.1972245773362196,3880.0,3637.5,1690377.7777777778,0,0.0,0.3703703703703704,Avcılar_8,3300000.0
Avcılar,124,3.0,4.0,1500000.0,0.0,3.0,8,Doğalgaz,Emlakjet,1.0,2,40.0,0,4.8283137373023015,1.3862943611198906,372.0,496.0,1690377.7777777778,0,0.0,0.3703703703703704,Avcılar_3,1644685.7142857143
Avcılar,90,3.0,30.0,290000.0,0.0,3.0,8,Doğalgaz,Emlakjet,1.0,2,29.032258064516128,3,4.51085950651685,1.3862943611198906,270.0,2700.0,1690377.7777777778,0,0.0,0.3703703703703704,Avcılar_3,1644685.7142857143
Avcılar,300,6.0,30.0,1300000.0,0.0,3.0,8,Doğalgaz,Emlakjet,1.0,2,49.18032786885246,3,5.707110264748875,1.9459101490553132,1800.0,9000.0,1690377.7777777778,0,0.0,0.3703703703703704,Avcılar_6,3135736.8421052634
Avcılar,58,2.0,7.5,580000.0,0.0,3.0,8,Doğalgaz,Emlakjet,1.0,2,27.619047619047617,1,4.07753744390572,1.0986122886681098,116.0,435.0,1690377.7777777778,0,0.0,0.3703703703703704,Avcılar_2,744937.5
Avcılar,220,6.0,7.5,1450000.0,0.0,3.0,8,Doğalgaz,Emlakjet,1.0,2,36.0655737704918,1,5.3981627015177525,1.9459101490553132,1320.0,1650.0,1690377.7777777778,0,0.0,0.3703703703703704,Avcılar_6,3135736.8421052634
Avcılar,210,5.0,13.0,950000.0,0.0,3.0,8,Doğalgaz,Emlakjet,1.0,2,41.1764705882353,2,5.351858133476067,1.791759469228055,1050.0,2730.0,1690377.7777777778,0,0.0,0.3703703703703704,Avcılar_5,1273105.2631578948
Avcılar,175,4.0,2.0,3500000.0,0.0,3.0,8,Doğalgaz,Emlakjet,1.0,2,42.6829268292683,0,5.170483995038151,1.6094379124341003,700.0,350.0,1690377.7777777778,0,0.0,0.3703703703703704,Avcılar_4,1475107.142857143
Avcılar,187,6.0,13.0,865000.0,0.0,3.0,8,Doğalgaz,Emlakjet,1.0,2,30.655737704918035,2,5.236441962829949,1.9459101490553132,1122.0,2431.0,1690377.7777777778,0,0.0,0.3703703703703704,Avcılar_6,3135736.8421052634
Avcılar,152,4.0,7.5,1250000.0,0.0,3.0,8,Doğalgaz,Emlakjet,1.0,2,37.07317073170732,1,5.030437921392435,1.6094379124341003,608.0,1140.0,1690377.7777777778,0,0.0,0.3703703703703704,Avcılar_4,1475107.142857143
Avcılar,160,5.0,10.0,1300000.0,0.0,3.0,8,Doğalgaz,Emlakjet,1.0,2,31.372549019607845,1,5.081404364984463,1.791759469228055,800.0,1600.0,1690377.7777777778,0,0.0,0.3703703703703704,Avcılar_5,1273105.2631578948
Avcılar,160,5.0,7.5,950000.0,0.0,3.0,8,Doğalgaz,Emlakjet,1.0,2,31.372549019607845,1,5.081404364984463,1.791759469228055,800.0,1200.0,1690377.7777777778,0,0.0,0.3703703703703704,Avcılar_5,1273105.2631578948
Bahçelievler,105,3.0,7.5,890000.0,0.0,3.0,8,Doğalgaz,Emlakjet,1.0,3,33.87096774193548,1,4.663439094112067,1.3862943611198906,315.0,787.5,2039386.7348066298,0,0.0,0.3703703703703704,Bahçelievler_3,1860425.5212765958
Bahçelievler,100,3.0,30.0,560000.0,0.0,3.0,8,Doğalgaz,Emlakjet,1.0,3,32.25806451612903,3,4.61512051684126,1.3862943611198906,300.0,3000.0,2039386.7348066298,0,0.0,0.3703703703703704,Bahçelievler_3,1860425.5212765958
Bahçelievler,140,6.0,10.0,1475000.0,0.0,3.0,8,Doğalgaz,Emlakjet,1.0,3,22.95081967213115,1,4.948759890378168,1.9459101490553132,840.0,1400.0,2039386.7348066298,0,0.0,0.3703703703703704,Bahçelievler_6,1581000.0
Bahçelievler,55,3.0,10.0,495000.0,0.0,3.0,8,Doğalgaz,Emlakjet,1.0,3,17.741935483870968,1,4.02535169073515,1.3862943611198906,165.0,550.0,2039386.7348066298,0,0.0,0.3703703703703704,Bahçelievler_3,1860425.5212765958
Bahçelievler,55,3.0,10.0,675000.0,0.0,3.0,8,Doğalgaz,Emlakjet,1.0,3,17.741935483870968,1,4.02535169073515,1.3862943611198906,165.0,550.0,2039386.7348066298,0,0.0,0.3703703703703704,Bahçelievler_3,1860425.5212765958
Bahçelievler,145,4.0,30.0,875000.0,0.0,3.0,8,Doğalgaz,Emlakjet,1.0,3,35.36585365853659,3,4.983606621708336,1.6094379124341003,580.0,4350.0,2039386.7348066298,0,0.0,0.3703703703703704,Bahçelievler_4,1603812.5
Bahçelievler,80,3.0,7.5,600000.0,0.0,3.0,8,Doğalgaz,Emlakjet,1.0,3,25.806451612903224,1,4.394449154672439,1.3862943611198906,240.0,600.0,2039386.7348066298,0,0.0,0.3703703703703704,Bahçelievler_3,1860425.5212765958
Bahçelievler,85,3.0,7.5,669000.0,0.0,3.0,8,Doğalgaz,Emlakjet,1.0,3,27.419354838709676,1,4.454347296253507,1.3862943611198906,255.0,637.5,2039386.7348066298,0,0.0,0.3703703703703704,Bahçelievler_3,1860425.5212765958
Bahçelievler,150,4.0,30.0,1550000.0,0.0,3.0,8,Doğalgaz,Emlakjet,1.0,3,36.58536585365854,3,5.017279836814924,1.6094379124341003,600.0,4500.0,2039386.7348066298,0,0.0,0.3703703703703704,Bahçelievler_4,1603812.5
Bahçelievler,140,4.0,30.0,900000.0,0.0,3.0,8,Doğalgaz,Emlakjet,1.0,3,34.146341463414636,3,4.948759890378168,1.6094379124341003,560.0,4200.0,2039386.7348066298,0,0.0,0.3703703703703704,Bahçelievler_4,1603812.5
Bahçelievler,110,3.0,10.0,730000.0,0.0,3.0,8,Doğalgaz,Emlakjet,1.0,3,35.483870967741936,1,4.709530201312334,1.3862943611198906,330.0,1100.0,2039386.7348066298,0,0.0,0.3703703703703704,Bahçelievler_3,1860425.5212765958
Bahçelievler,155,3.5,10.0,3550000.0,0.0,3.0,8,Doğalgaz,Emlakjet,1.0,3,43.05555555555556,1,5.049856007249537,1.5040773967762742,542.5,1550.0,2039386.7348066298,0,0.0,0.3703703703703704,Bahçelievler_3,1860425.5212765958
Bahçelievler,85,3.0,4.0,780000.0,0.0,3.0,8,Doğalgaz,Emlakjet,1.0,3,27.419354838709676,0,4.454347296253507,1.3862943611198906,255.0,340.0,2039386.7348066298,0,0.0,0.3703703703703704,Bahçelievler_3,1860425.5212765958
Bahçelievler,135,4.0,7.5,730000.0,0.0,3.0,8,Doğalgaz,Emlakjet,1.0,3,32.926829268292686,1,4.912654885736052,1.6094379124341003,540.0,1012.5,2039386.7348066298,0,0.0,0.3703703703703704,Bahçelievler_4,1603812.5
Bahçelievler,221,5.5,3.0,5350000.0,0.0,3.0,8,Doğalgaz,Emlakjet,1.0,3,39.464285714285715,0,5.402677381872279,1.8718021769015913,1215.5,663.0,2039386.7348066298,0,0.0,0.3703703703703704,Bahçelievler_5,1799090.9090909092
Bahçelievler,85,3.0,13.0,700000.0,0.0,3.0,8,Doğalgaz,Emlakjet,1.0,3,27.419354838709676,2,4.454347296253507,1.3862943611198906,255.0,1105.0,2039386.7348066298,0,0.0,0.3703703703703704,Bahçelievler_3,1860425.5212765958
Bahçelievler,65,3.0,7.5,365000.0,0.0,3.0,8,Doğalgaz,Emlakjet,1.0,3,20.967741935483872,1,4.189654742026425,1.3862943611198906,195.0,487.5,2039386.7348066298,0,0.0,0.3703703703703704,Bahçelievler_3,1860425.5212765958
Bahçelievler,170,6.0,10.0,1350000.0,0.0,3.0,8,Doğalgaz,Emlakjet,1.0,3,27.868852459016395,1,5.14166355650266,1.9459101490553132,1020.0,1700.0,2039386.7348066298,0,0.0,0.3703703703703704,Bahçelievler_6,1581000.0
Bahçelievler,80,3.0,4.0,565000.0,0.0,3.0,8,Doğalgaz,Emlakjet,1.0,3,25.806451612903224,0,4.394449154672439,1.3862943611198906,240.0,320.0,2039386.7348066298,0,0.0,0.3703703703703704,Bahçelievler_3,1860425.5212765958
Bahçelievler,130,4.0,30.0,750000.0,0.0,3.0,8,Doğalgaz,Emlakjet,1.0,3,31.707317073170735,3,4.875197323201151,1.6094379124341003,520.0,3900.0,2039386.7348066298,0,0.0,0.3703703703703704,Bahçelievler_4,1603812.5
Bahçelievler,146,4.0,10.0,3700000.0,0.0,3.0,8,Doğalgaz,Emlakjet,1.0,3,35.609756097560975,1,4.990432586778736,1.6094379124341003,584.0,1460.0,2039386.7348066298,0,0.0,0.3703703703703704,Bahçelievler_4,1603812.5
Bahçelievler,109,3.0,10.0,2800000.0,0.0,3.0,8,Doğalgaz,Emlakjet,1.0,3,35.16129032258065,1,4.700480365792417,1.3862943611198906,327.0,1090.0,2039386.7348066298,0,0.0,0.3703703703703704,Bahçelievler_3,1860425.5212765958
Bahçelievler,120,4.0,30.0,1100000.0,0.0,3.0,8,Doğalgaz,Emlakjet,1.0,3,29.26829268292683,3,4.795790545596741,1.6094379124341003,480.0,3600.0,2039386.7348066298,0,0.0,0.3703703703703704,Bahçelievler_4,1603812.5
Bahçelievler,85,3.0,13.0,620000.0,0.0,3.0,8,Doğalgaz,Emlakjet,1.0,3,27.419354838709676,2,4.454347296253507,1.3862943611198906,255.0,1105.0,2039386.7348066298,0,0.0,0.3703703703703704,Bahçelievler_3,1860425.5212765958
Bahçelievler,95,4.0,30.0,450000.0,0.0,3.0,8,Doğalgaz,Emlakjet,1.0,3,23.170731707317074,3,4.564348191467836,1.6094379124341003,380.0,2850.0,2039386.7348066298,0,0.0,0.3703703703703704,Bahçelievler_4,1603812.5
Bahçelievler,85,3.0,30.0,640000.0,0.0,3.0,8,Doğalgaz,Emlakjet,1.0,3,27.419354838709676,3,4.454347296253507,1.3862943611198906,255.0,2550.0,2039386.7348066298,0,0.0,0.3703703703703704,Bahçelievler_3,1860425.5212765958
Bahçelievler,80,3.0,7.5,445000.0,0.0,3.0,8,Doğalgaz,Emlakjet,1.0,3,25.806451612903224,1,4.394449154672439,1.3862943611198906,240.0,600.0,2039386.7348066298,0,0.0,0.3703703703703704,Bahçelievler_3,1860425.5212765958
Bahçelievler,145,5.0,10.0,955000.0,0.0,3.0,8,Doğalgaz,Emlakjet,1.0,3,28.43137254901961,1,4.983606621708336,1.791759469228055,725.0,1450.0,2039386.7348066298,0,0.0,0.3703703703703704,Bahçelievler_5,1799090.9090909092
Bahçelievler,85,3.0,10.0,610000.0,0.0,3.0,8,Doğalgaz,Emlakjet,1.0,3,27.419354838709676,1,4.454347296253507,1.3862943611198906,255.0,850.0,2039386.7348066298,0,0.0,0.3703703703703704,Bahçelievler_3,1860425.5212765958
Bahçelievler,85,2.0,30.0,415000.0,0.0,3.0,8,Doğalgaz,Emlakjet,1.0,3,40.476190476190474,3,4.454347296253507,1.0986122886681098,170.0,2550.0,2039386.7348066298,0,0.0,0.3703703703703704,Bahçelievler_2,4911066.666666667
Bahçelievler,80,3.0,10.0,1000000.0,0.0,3.0,8,Doğalgaz,Emlakjet,1.0,3,25.806451612903224,1,4.394449154672439,1.3862943611198906,240.0,800.0,2039386.7348066298,0,0.0,0.3703703703703704,Bahçelievler_3,1860425.5212765958
Bahçelievler,80,2.0,10.0,560000.0,0.0,3.0,8,Doğalgaz,Emlakjet,1.0,3,38.095238095238095,1,4.394449154672439,1.0986122886681098,160.0,800.0,2039386.7348066298,0,0.0,0.3703703703703704,Bahçelievler_2,4911066.666666667
Bahçelievler,90,3.0,10.0,720000.0,0.0,3.0,8,Doğalgaz,Emlakjet,1.0,3,29.032258064516128,1,4.51085950651685,1.3862943611198906,270.0,900.0,2039386.7348066298,0,0.0,0.3703703703703704,Bahçelievler_3,1860425.5212765958
Bahçelievler,78,3.0,10.0,720000.0,0.0,3.0,8,Doğalgaz,Emlakjet,1.0,3,25.161290322580644,1,4.3694478524670215,1.3862943611198906,234.0,780.0,2039386.7348066298,0,0.0,0.3703703703703704,Bahçelievler_3,1860425.5212765958
Bahçelievler,150,4.0,10.0,1250000.0,0.0,3.0,8,Doğalgaz,Emlakjet,1.0,3,36.58536585365854,1,5.017279836814924,1.6094379124341003,600.0,1500.0,2039386.7348066298,0,0.0,0.3703703703703704,Bahçelievler_4,1603812.5
Bahçelievler,120,4.0,10.0,1350000.0,0.0,3.0,8,Doğalgaz,Emlakjet,1.0,3,29.26829268292683,1,4.795790545596741,1.6094379124341003,480.0,1200.0,2039386.7348066298,0,0.0,0.3703703703703704,Bahçelievler_4,1603812.5
Bahçelievler,145,4.0,13.0,1100000.0,0.0,3.0,8,Doğalgaz,Emlakjet,1.0,3,35.36585365853659,2,4.983606621708336,1.6094379124341003,580.0,1885.0,2039386.7348066298,0,0.0,0.3703703703703704,Bahçelievler_4,1603812.5
Bahçelievler,115,4.0,7.5,1175000.0,0.0,3.0,8,Doğalgaz,Emlakjet,1.0,3,28.04878048780488,1,4.7535901911063645,1.6094379124341003,460.0,862.5,2039386.7348066298,0,0.0,0.3703703703703704,Bahçelievler_4,1603812.5
Bahçelievler,95,3.0,4.0,1050000.0,0.0,3.0,8,Doğalgaz,Emlakjet,1.0,3,30.64516129032258,0,4.564348191467836,1.3862943611198906,285.0,380.0,2039386.7348066298,0,0.0,0.3703703703703704,Bahçelievler_3,1860425.5212765958
Bahçelievler,115,3.0,10.0,1100000.0,0.0,3.0,8,Doğalgaz,Emlakjet,1.0,3,37.096774193548384,1,4.7535901911063645,1.3862943611198906,345.0,1150.0,2039386.7348066298,0,0.0,0.3703703703703704,Bahçelievler_3,1860425.5212765958
Bahçelievler,190,6.0,30.0,1300000.0,0.0,3.0,8,Doğalgaz,Emlakjet,1.0,3,31.14754098360656,3,5.25227342804663,1.9459101490553132,1140.0,5700.0,2039386.7348066298,0,0.0,0.3703703703703704,Bahçelievler_6,1581000.0
Bahçelievler,107,4.0,7.5,3400000.0,0.0,3.0,8,Doğalgaz,Emlakjet,1.0,3,26.09756097560976,1,4.68213122712422,1.6094379124341003,428.0,802.5,2039386.7348066298,0,0.0,0.3703703703703704,Bahçelievler_4,1603812.5
Bahçelievler,85,3.0,30.0,387000.0,0.0,3.0,8,Doğalgaz,Emlakjet,1.0,3,27.419354838709676,3,4.454347296253507,1.3862943611198906,255.0,2550.0,2039386.7348066298,0,0.0,0.3703703703703704,Bahçelievler_3,1860425.5212765958
Bahçelievler,95,3.0,30.0,700000.0,0.0,3.0,8,Doğalgaz,Emlakjet,1.0,3,30.64516129032258,3,4.564348191467836,1.3862943611198906,285.0,2850.0,2039386.7348066298,0,0.0,0.3703703703703704,Bahçelievler_3,1860425.5212765958
Bahçelievler,100,3.0,30.0,840000.0,0.0,3.0,8,Doğalgaz,Emlakjet,1.0,3,32.25806451612903,3,4.61512051684126,1.3862943611198906,300.0,3000.0,2039386.7348066298,0,0.0,0.3703703703703704,Bahçelievler_3,1860425.5212765958
Bahçelievler,85,3.0,18.0,690000.0,0.0,3.0,8,Doğalgaz,Emlakjet,1.0,3,27.419354838709676,2,4.454347296253507,1.3862943611198906,255.0,1530.0,2039386.7348066298,0,0.0,0.3703703703703704,Bahçelievler_3,1860425.5212765958
Bahçelievler,130,4.0,13.0,1050000.0,0.0,3.0,8,Doğalgaz,Emlakjet,1.0,3,31.707317073170735,2,4.875197323201151,1.6094379124341003,520.0,1690.0,2039386.7348066298,0,0.0,0.3703703703703704,Bahçelievler_4,1603812.5
Bahçelievler,187,4.0,10.0,4950000.0,0.0,3.0,8,Doğalgaz,Emlakjet,1.0,3,45.60975609756098,1,5.236441962829949,1.6094379124341003,748.0,1870.0,2039386.7348066298,0,0.0,0.3703703703703704,Bahçelievler_4,1603812.5
Bahçelievler,75,3.0,10.0,880000.0,0.0,3.0,8,Doğalgaz,Emlakjet,1.0,3,24.193548387096772,1,4.330733340286331,1.3862943611198906,225.0,750.0,2039386.7348066298,0,0.0,0.3703703703703704,Bahçelievler_3,1860425.5212765958
Bahçelievler,100,3.0,30.0,568000.0,0.0,3.0,8,Doğalgaz,Emlakjet,1.0,3,32.25806451612903,3,4.61512051684126,1.3862943611198906,300.0,3000.0,2039386.7348066298,0,0.0,0.3703703703703704,Bahçelievler_3,1860425.5212765958
Bahçelievler,60,2.0,30.0,300000.0,0.0,3.0,8,Doğalgaz,Emlakjet,1.0,3,28.57142857142857,3,4.110873864173311,1.0986122886681098,120.0,1800.0,2039386.7348066298,0,0.0,0.3703703703703704,Bahçelievler_2,4911066.666666667
Bahçelievler,75,3.0,10.0,550000.0,0.0,3.0,8,Doğalgaz,Emlakjet,1.0,3,24.193548387096772,1,4.330733340286331,1.3862943611198906,225.0,750.0,2039386.7348066298,0,0.0,0.3703703703703704,Bahçelievler_3,1860425.5212765958
Bahçelievler,127,3.0,7.5,2750000.0,0.0,3.0,8,Doğalgaz,Emlakjet,1.0,3,40.96774193548387,1,4.852030263919617,1.3862943611198906,381.0,952.5,2039386.7348066298,0,0.0,0.3703703703703704,Bahçelievler_3,1860425.5212765958
Bahçelievler,150,4.0,30.0,820000.0,0.0,3.0,8,Doğalgaz,Emlakjet,1.0,3,36.58536585365854,3,5.017279836814924,1.6094379124341003,600.0,4500.0,2039386.7348066298,0,0.0,0.3703703703703704,Bahçelievler_4,1603812.5
Bahçelievler,90,3.0,10.0,840000.0,0.0,3.0,8,Doğalgaz,Emlakjet,1.0,3,29.032258064516128,1,4.51085950651685,1.3862943611198906,270.0,900.0,2039386.7348066298,0,0.0,0.3703703703703704,Bahçelievler_3,1860425.5212765958
Bahçelievler,135,4.0,30.0,750000.0,0.0,3.0,8,Doğalgaz,Emlakjet,1.0,3,32.926829268292686,3,4.912654885736052,1.6094379124341003,540.0,4050.0,2039386.7348066298,0,0.0,0.3703703703703704,Bahçelievler_4,1603812.5
Bahçelievler,115,3.0,10.0,955000.0,0.0,3.0,8,Doğalgaz,Emlakjet,1.0,3,37.096774193548384,1,4.7535901911063645,1.3862943611198906,345.0,1150.0,2039386.7348066298,0,0.0,0.3703703703703704,Bahçelievler_3,1860425.5212765958
Bahçelievler,95,4.0,30.0,970000.0,0.0,3.0,8,Doğalgaz,Emlakjet,1.0,3,23.170731707317074,3,4.564348191467836,1.6094379124341003,380.0,2850.0,2039386.7348066298,0,0.0,0.3703703703703704,Bahçelievler_4,1603812.5
Bahçelievler,85,3.0,18.0,529000.0,0.0,3.0,8,Doğalgaz,Emlakjet,1.0,3,27.419354838709676,2,4.454347296253507,1.3862943611198906,255.0,1530.0,2039386.7348066298,0,0.0,0.3703703703703704,Bahçelievler_3,1860425.5212765958
Bahçelievler,75,3.0,10.0,800000.0,0.0,3.0,8,Doğalgaz,Emlakjet,1.0,3,24.193548387096772,1,4.330733340286331,1.3862943611198906,225.0,750.0,2039386.7348066298,0,0.0,0.3703703703703704,Bahçelievler_3,1860425.5212765958
Bahçelievler,110,4.0,13.0,460000.0,0.0,3.0,8,Doğalgaz,Emlakjet,1.0,3,26.82926829268293,2,4.709530201312334,1.6094379124341003,440.0,1430.0,2039386.7348066298,0,0.0,0.3703703703703704,Bahçelievler_4,1603812.5
Bahçelievler,110,3.0,2.0,545000.0,0.0,3.0,8,Doğalgaz,Emlakjet,1.0,3,35.483870967741936,0,4.709530201312334,1.3862943611198906,330.0,220.0,2039386.7348066298,0,0.0,0.3703703703703704,Bahçelievler_3,1860425.5212765958
Bahçelievler,80,3.0,10.0,550000.0,0.0,3.0,8,Doğalgaz,Emlakjet,1.0,3,25.806451612903224,1,4.394449154672439,1.3862943611198906,240.0,800.0,2039386.7348066298,0,0.0,0.3703703703703704,Bahçelievler_3,1860425.5212765958
Bahçelievler,270,7.0,7.5,1900000.0,0.0,3.0,8,Doğalgaz,Emlakjet,1.0,3,38.02816901408451,1,5.602118820879701,2.0794415416798357,1890.0,2025.0,2039386.7348066298,0,0.0,0.3703703703703704,Bahçelievler_7,2666666.6666666665
Bahçelievler,130,4.0,10.0,1250000.0,0.0,3.0,8,Doğalgaz,Emlakjet,1.0,3,31.707317073170735,1,4.875197323201151,1.6094379124341003,520.0,1300.0,2039386.7348066298,0,0.0,0.3703703703703704,Bahçelievler_4,1603812.5
Bahçelievler,65,2.0,7.5,450000.0,0.0,3.0,8,Doğalgaz,Emlakjet,1.0,3,30.952380952380953,1,4.189654742026425,1.0986122886681098,130.0,487.5,2039386.7348066298,0,0.0,0.3703703703703704,Bahçelievler_2,4911066.666666667
Bahçelievler,215,6.0,3.0,1500000.0,0.0,3.0,8,Doğalgaz,Emlakjet,1.0,3,35.24590163934426,0,5.375278407684165,1.9459101490553132,1290.0,645.0,2039386.7348066298,0,0.0,0.3703703703703704,Bahçelievler_6,1581000.0
Bahçelievler,230,6.0,7.5,2630000.0,0.0,3.0,8,Doğalgaz,Emlakjet,1.0,3,37.704918032786885,1,5.442417710521793,1.9459101490553132,1380.0,1725.0,2039386.7348066298,0,0.0,0.3703703703703704,Bahçelievler_6,1581000.0
Bahçelievler,120,3.0,30.0,645000.0,0.0,3.0,8,Doğalgaz,Emlakjet,1.0,3,38.70967741935484,3,4.795790545596741,1.3862943611198906,360.0,3600.0,2039386.7348066298,0,0.0,0.3703703703703704,Bahçelievler_3,1860425.5212765958
Bahçelievler,120,4.0,10.0,950000.0,0.0,3.0,8,Doğalgaz,Emlakjet,1.0,3,29.26829268292683,1,4.795790545596741,1.6094379124341003,480.0,1200.0,2039386.7348066298,0,0.0,0.3703703703703704,Bahçelievler_4,1603812.5
Bahçelievler,76,2.0,30.0,182000.0,0.0,3.0,8,Doğalgaz,Emlakjet,1.0,3,36.19047619047619,3,4.343805421853684,1.0986122886681098,152.0,2280.0,2039386.7348066298,0,0.0,0.3703703703703704,Bahçelievler_2,4911066.666666667
Bahçelievler,126,3.0,7.5,2750000.0,0.0,3.0,8,Doğalgaz,Emlakjet,1.0,3,40.64516129032258,1,4.844187086458591,1.3862943611198906,378.0,945.0,2039386.7348066298,0,0.0,0.3703703703703704,Bahçelievler_3,1860425.5212765958
Bahçelievler,105,3.0,30.0,1250000.0,0.0,3.0,8,Doğalgaz,Emlakjet,1.0,3,33.87096774193548,3,4.663439094112067,1.3862943611198906,315.0,3150.0,2039386.7348066298,0,0.0,0.3703703703703704,Bahçelievler_3,1860425.5212765958
Bahçelievler,120,4.5,30.0,1875000.0,0.0,3.0,8,Doğalgaz,Emlakjet,1.0,3,26.086956521739133,3,4.795790545596741,1.7047480922384253,540.0,3600.0,2039386.7348066298,0,0.0,0.3703703703703704,Bahçelievler_4,1603812.5
Bahçelievler,110,3.0,7.5,820000.0,0.0,3.0,8,Doğalgaz,Emlakjet,1.0,3,35.483870967741936,1,4.709530201312334,1.3862943611198906,330.0,825.0,2039386.7348066298,0,0.0,0.3703703703703704,Bahçelievler_3,1860425.5212765958
Bahçelievler,108,3.0,7.5,2150000.0,0.0,3.0,8,Doğalgaz,Emlakjet,1.0,3,34.83870967741935,1,4.6913478822291435,1.3862943611198906,324.0,810.0,2039386.7348066298,0,0.0,0.3703703703703704,Bahçelievler_3,1860425.5212765958
Bahçelievler,105,3.0,30.0,1250000.0,0.0,3.0,8,Doğalgaz,Emlakjet,1.0,3,33.87096774193548,3,4.663439094112067,1.3862943611198906,315.0,3150.0,2039386.7348066298,0,0.0,0.3703703703703704,Bahçelievler_3,1860425.5212765958
Bahçelievler,80,3.0,10.0,1250000.0,0.0,3.0,8,Doğalgaz,Emlakjet,1.0,3,25.806451612903224,1,4.394449154672439,1.3862943611198906,240.0,800.0,2039386.7348066298,0,0.0,0.3703703703703704,Bahçelievler_3,1860425.5212765958
Bahçelievler,115,4.0,10.0,1525000.0,0.0,3.0,8,Doğalgaz,Emlakjet,1.0,3,28.04878048780488,1,4.7535901911063645,1.6094379124341003,460.0,1150.0,2039386.7348066298,0,0.0,0.3703703703703704,Bahçelievler_4,1603812.5
Bahçelievler,110,4.0,30.0,1500000.0,0.0,3.0,8,Doğalgaz,Emlakjet,1.0,3,26.82926829268293,3,4.709530201312334,1.6094379124341003,440.0,3300.0,2039386.7348066298,0,0.0,0.3703703703703704,Bahçelievler_4,1603812.5
Bahçelievler,85,3.0,30.0,380000.0,0.0,3.0,8,Doğalgaz,Emlakjet,1.0,3,27.419354838709676,3,4.454347296253507,1.3862943611198906,255.0,2550.0,2039386.7348066298,0,0.0,0.3703703703703704,Bahçelievler_3,1860425.5212765958
Bahçelievler,125,4.0,30.0,2100000.0,0.0,3.0,8,Doğalgaz,Emlakjet,1.0,3,30.487804878048784,3,4.836281906951478,1.6094379124341003,500.0,3750.0,2039386.7348066298,0,0.0,0.3703703703703704,Bahçelievler_4,1603812.5
Bahçelievler,80,3.0,7.5,635000.0,0.0,3.0,8,Doğalgaz,Emlakjet,1.0,3,25.806451612903224,1,4.394449154672439,1.3862943611198906,240.0,600.0,2039386.7348066298,0,0.0,0.3703703703703704,Bahçelievler_3,1860425.5212765958
Bahçelievler,175,5.0,30.0,975000.0,0.0,3.0,8,Doğalgaz,Emlakjet,1.0,3,34.31372549019608,3,5.170483995038151,1.791759469228055,875.0,5250.0,2039386.7348066298,0,0.0,0.3703703703703704,Bahçelievler_5,1799090.9090909092
Bahçelievler,110,3.0,7.5,2250000.0,0.0,3.0,8,Doğalgaz,Emlakjet,1.0,3,35.483870967741936,1,4.709530201312334,1.3862943611198906,330.0,825.0,2039386.7348066298,0,0.0,0.3703703703703704,Bahçelievler_3,1860425.5212765958
Bahçelievler,105,3.0,4.0,1600000.0,0.0,3.0,8,Doğalgaz,Emlakjet,1.0,3,33.87096774193548,0,4.663439094112067,1.3862943611198906,315.0,420.0,2039386.7348066298,0,0.0,0.3703703703703704,Bahçelievler_3,1860425.5212765958
Bahçelievler,150,4.0,10.0,1275000.0,0.0,3.0,8,Doğalgaz,Emlakjet,1.0,3,36.58536585365854,1,5.017279836814924,1.6094379124341003,600.0,1500.0,2039386.7348066298,0,0.0,0.3703703703703704,Bahçelievler_4,1603812.5
Bahçelievler,190,5.0,30.0,3650000.0,0.0,3.0,8,Doğalgaz,Emlakjet,1.0,3,37.254901960784316,3,5.25227342804663,1.791759469228055,950.0,5700.0,2039386.7348066298,0,0.0,0.3703703703703704,Bahçelievler_5,1799090.9090909092
Bahçelievler,217,4.5,1.0,6100000.0,0.0,3.0,8,Doğalgaz,Emlakjet,1.0,3,47.173913043478265,0,5.384495062789089,1.7047480922384253,976.5,217.0,2039386.7348066298,0,0.0,0.3703703703703704,Bahçelievler_4,1603812.5
Bahçelievler,220,6.0,13.0,1600000.0,0.0,3.0,8,Doğalgaz,Emlakjet,1.0,3,36.0655737704918,2,5.3981627015177525,1.9459101490553132,1320.0,2860.0,2039386.7348066298,0,0.0,0.3703703703703704,Bahçelievler_6,1581000.0
Bahçelievler,120,4.0,30.0,800000.0,0.0,3.0,8,Doğalgaz,Emlakjet,1.0,3,29.26829268292683,3,4.795790545596741,1.6094379124341003,480.0,3600.0,2039386.7348066298,0,0.0,0.3703703703703704,Bahçelievler_4,1603812.5
Bahçelievler,110,3.0,30.0,850000.0,0.0,3.0,8,Doğalgaz,Emlakjet,1.0,3,35.483870967741936,3,4.709530201312334,1.3862943611198906,330.0,3300.0,2039386.7348066298,0,0.0,0.3703703703703704,Bahçelievler_3,1860425.5212765958
Bahçelievler,85,3.0,30.0,340000.0,0.0,3.0,8,Doğalgaz,Emlakjet,1.0,3,27.419354838709676,3,4.454347296253507,1.3862943611198906,255.0,2550.0,2039386.7348066298,0,0.0,0.3703703703703704,Bahçelievler_3,1860425.5212765958
Bahçelievler,105,3.0,18.0,705000.0,0.0,3.0,8,Doğalgaz,Emlakjet,1.0,3,33.87096774193548,2,4.663439094112067,1.3862943611198906,315.0,1890.0,2039386.7348066298,0,0.0,0.3703703703703704,Bahçelievler_3,1860425.5212765958
Bahçelievler,95,3.0,30.0,675000.0,0.0,3.0,8,Doğalgaz,Emlakjet,1.0,3,30.64516129032258,3,4.564348191467836,1.3862943611198906,285.0,2850.0,2039386.7348066298,0,0.0,0.3703703703703704,Bahçelievler_3,1860425.5212765958
Bahçelievler,100,3.0,13.0,950000.0,0.0,3.0,8,Doğalgaz,Emlakjet,1.0,3,32.25806451612903,2,4.61512051684126,1.3862943611198906,300.0,1300.0,2039386.7348066298,0,0.0,0.3703703703703704,Bahçelievler_3,1860425.5212765958
Bahçelievler,80,2.0,7.5,1550000.0,0.0,3.0,8,Doğalgaz,Emlakjet,1.0,3,38.095238095238095,1,4.394449154672439,1.0986122886681098,160.0,600.0,2039386.7348066298,0,0.0,0.3703703703703704,Bahçelievler_2,4911066.666666667
Bahçelievler,110,3.0,7.5,2250000.0,0.0,3.0,8,Doğalgaz,Emlakjet,1.0,3,35.483870967741936,1,4.709530201312334,1.3862943611198906,330.0,825.0,2039386.7348066298,0,0.0,0.3703703703703704,Bahçelievler_3,1860425.5212765958
Bahçelievler,90,3.0,13.0,1300000.0,0.0,3.0,8,Doğalgaz,Emlakjet,1.0,3,29.032258064516128,2,4.51085950651685,1.3862943611198906,270.0,1170.0,2039386.7348066298,0,0.0,0.3703703703703704,Bahçelievler_3,1860425.5212765958
Bahçelievler,60,2.0,13.0,450000.0,0.0,3.0,8,Doğalgaz,Emlakjet,1.0,3,28.57142857142857,2,4.110873864173311,1.0986122886681098,120.0,780.0,2039386.7348066298,0,0.0,0.3703703703703704,Bahçelievler_2,4911066.666666667
Bahçelievler,160,5.0,13.0,800000.0,0.0,3.0,8,Doğalgaz,Emlakjet,1.0,3,31.372549019607845,2,5.081404364984463,1.791759469228055,800.0,2080.0,2039386.7348066298,0,0.0,0.3703703703703704,Bahçelievler_5,1799090.9090909092
Bahçelievler,85,3.0,10.0,1000000.0,0.0,3.0,8,Doğalgaz,Emlakjet,1.0,3,27.419354838709676,1,4.454347296253507,1.3862943611198906,255.0,850.0,2039386.7348066298,0,0.0,0.3703703703703704,Bahçelievler_3,1860425.5212765958
Bahçelievler,80,3.0,10.0,700000.0,0.0,3.0,8,Doğalgaz,Emlakjet,1.0,3,25.806451612903224,1,4.394449154672439,1.3862943611198906,240.0,800.0,2039386.7348066298,0,0.0,0.3703703703703704,Bahçelievler_3,1860425.5212765958
Bahçelievler,60,2.0,13.0,449000.0,0.0,3.0,8,Doğalgaz,Emlakjet,1.0,3,28.57142857142857,2,4.110873864173311,1.0986122886681098,120.0,780.0,2039386.7348066298,0,0.0,0.3703703703703704,Bahçelievler_2,4911066.666666667
Bahçelievler,75,3.0,10.0,1000000.0,0.0,3.0,8,Doğalgaz,Emlakjet,1.0,3,24.193548387096772,1,4.330733340286331,1.3862943611198906,225.0,750.0,2039386.7348066298,0,0.0,0.3703703703703704,Bahçelievler_3,1860425.5212765958
Bahçelievler,145,4.0,30.0,2490000.0,0.0,3.0,8,Doğalgaz,Emlakjet,1.0,3,35.36585365853659,3,4.983606621708336,1.6094379124341003,580.0,4350.0,2039386.7348066298,0,0.0,0.3703703703703704,Bahçelievler_4,1603812.5
Bahçelievler,160,4.0,30.0,370000.0,0.0,3.0,8,Doğalgaz,Emlakjet,1.0,3,39.024390243902445,3,5.081404364984463,1.6094379124341003,640.0,4800.0,2039386.7348066298,0,0.0,0.3703703703703704,Bahçelievler_4,1603812.5
Bahçelievler,70,3.0,4.0,365000.0,0.0,3.0,8,Doğalgaz,Emlakjet,1.0,3,22.58064516129032,0,4.2626798770413155,1.3862943611198906,210.0,280.0,2039386.7348066298,0,0.0,0.3703703703703704,Bahçelievler_3,1860425.5212765958
Bahçelievler,195,6.0,10.0,2000000.0,0.0,3.0,8,Doğalgaz,Emlakjet,1.0,3,31.9672131147541,1,5.278114659230517,1.9459101490553132,1170.0,1950.0,2039386.7348066298,0,0.0,0.3703703703703704,Bahçelievler_6,1581000.0
Bahçelievler,85,3.0,4.0,950000.0,0.0,3.0,8,Doğalgaz,Emlakjet,1.0,3,27.419354838709676,0,4.454347296253507,1.3862943611198906,255.0,340.0,2039386.7348066298,0,0.0,0.3703703703703704,Bahçelievler_3,1860425.5212765958
Bahçelievler,85,3.0,13.0,684999.0,0.0,3.0,8,Doğalgaz,Emlakjet,1.0,3,27.419354838709676,2,4.454347296253507,1.3862943611198906,255.0,1105.0,2039386.7348066298,0,0.0,0.3703703703703704,Bahçelievler_3,1860425.5212765958
Bahçelievler,90,3.0,10.0,1275000.0,0.0,3.0,8,Doğalgaz,Emlakjet,1.0,3,29.032258064516128,1,4.51085950651685,1.3862943611198906,270.0,900.0,2039386.7348066298,0,0.0,0.3703703703703704,Bahçelievler_3,1860425.5212765958
Bahçelievler,130,4.0,30.0,850000.0,0.0,3.0,8,Doğalgaz,Emlakjet,1.0,3,31.707317073170735,3,4.875197323201151,1.6094379124341003,520.0,3900.0,2039386.7348066298,0,0.0,0.3703703703703704,Bahçelievler_4,1603812.5
Bahçelievler,85,3.0,10.0,925000.0,0.0,3.0,8,Doğalgaz,Emlakjet,1.0,3,27.419354838709676,1,4.454347296253507,1.3862943611198906,255.0,850.0,2039386.7348066298,0,0.0,0.3703703703703704,Bahçelievler_3,1860425.5212765958
Bahçelievler,90,3.0,7.5,755000.0,0.0,3.0,8,Doğalgaz,Emlakjet,1.0,3,29.032258064516128,1,4.51085950651685,1.3862943611198906,270.0,675.0,2039386.7348066298,0,0.0,0.3703703703703704,Bahçelievler_3,1860425.5212765958
Bahçelievler,160,5.0,10.0,1400000.0,0.0,3.0,8,Doğalgaz,Emlakjet,1.0,3,31.372549019607845,1,5.081404364984463,1.791759469228055,800.0,1600.0,2039386.7348066298,0,0.0,0.3703703703703704,Bahçelievler_5,1799090.9090909092
Bahçelievler,85,3.0,13.0,685000.0,0.0,3.0,8,Doğalgaz,Emlakjet,1.0,3,27.419354838709676,2,4.454347296253507,1.3862943611198906,255.0,1105.0,2039386.7348066298,0,0.0,0.3703703703703704,Bahçelievler_3,1860425.5212765958
Bahçelievler,225,7.0,10.0,1850000.0,0.0,3.0,8,Doğalgaz,Emlakjet,1.0,3,31.690140845070424,1,5.420534999272286,2.0794415416798357,1575.0,2250.0,2039386.7348066298,0,0.0,0.3703703703703704,Bahçelievler_7,2666666.6666666665
Bahçelievler,100,4.0,10.0,1350000.0,0.0,3.0,8,Doğalgaz,Emlakjet,1.0,3,24.390243902439025,1,4.61512051684126,1.6094379124341003,400.0,1000.0,2039386.7348066298,0,0.0,0.3703703703703704,Bahçelievler_4,1603812.5
Bahçelievler,150,5.0,13.0,820000.0,0.0,3.0,8,Doğalgaz,Emlakjet,1.0,3,29.411764705882355,2,5.017279836814924,1.791759469228055,750.0,1950.0,2039386.7348066298,0,0.0,0.3703703703703704,Bahçelievler_5,1799090.9090909092
Bahçelievler,90,3.0,13.0,925000.0,0.0,3.0,8,Doğalgaz,Emlakjet,1.0,3,29.032258064516128,2,4.51085950651685,1.3862943611198906,270.0,1170.0,2039386.7348066298,0,0.0,0.3703703703703704,Bahçelievler_3,1860425.5212765958
Bahçelievler,185,5.0,13.0,2550000.0,0.0,3.0,8,Doğalgaz,Emlakjet,1.0,3,36.27450980392157,2,5.225746673713202,1.791759469228055,925.0,2405.0,2039386.7348066298,0,0.0,0.3703703703703704,Bahçelievler_5,1799090.9090909092
Bahçelievler,80,3.0,4.0,818000.0,0.0,3.0,8,Doğalgaz,Emlakjet,1.0,3,25.806451612903224,0,4.394449154672439,1.3862943611198906,240.0,320.0,2039386.7348066298,0,0.0,0.3703703703703704,Bahçelievler_3,1860425.5212765958
Bahçelievler,70,2.0,30.0,210000.0,0.0,3.0,8,Doğalgaz,Emlakjet,1.0,3,33.33333333333333,3,4.2626798770413155,1.0986122886681098,140.0,2100.0,2039386.7348066298,0,0.0,0.3703703703703704,Bahçelievler_2,4911066.666666667
Bahçelievler,100,3.0,4.0,850000.0,0.0,3.0,8,Doğalgaz,Emlakjet,1.0,3,32.25806451612903,0,4.61512051684126,1.3862943611198906,300.0,400.0,2039386.7348066298,0,0.0,0.3703703703703704,Bahçelievler_3,1860425.5212765958
Bahçelievler,120,4.0,10.0,1750000.0,0.0,3.0,8,Doğalgaz,Emlakjet,1.0,3,29.26829268292683,1,4.795790545596741,1.6094379124341003,480.0,1200.0,2039386.7348066298,0,0.0,0.3703703703703704,Bahçelievler_4,1603812.5
Bahçelievler,80,3.0,4.0,575000.0,0.0,3.0,8,Doğalgaz,Emlakjet,1.0,3,25.806451612903224,0,4.394449154672439,1.3862943611198906,240.0,320.0,2039386.7348066298,0,0.0,0.3703703703703704,Bahçelievler_3,1860425.5212765958
Bahçelievler,92,3.0,10.0,1150000.0,0.0,3.0,8,Doğalgaz,Emlakjet,1.0,3,29.677419354838708,1,4.532599493153256,1.3862943611198906,276.0,920.0,2039386.7348066298,0,0.0,0.3703703703703704,Bahçelievler_3,1860425.5212765958
Bahçelievler,80,3.0,10.0,955000.0,0.0,3.0,8,Doğalgaz,Emlakjet,1.0,3,25.806451612903224,1,4.394449154672439,1.3862943611198906,240.0,800.0,2039386.7348066298,0,0.0,0.3703703703703704,Bahçelievler_3,1860425.5212765958
Bahçelievler,155,4.0,30.0,850000.0,0.0,3.0,8,Doğalgaz,Emlakjet,1.0,3,37.80487804878049,3,5.049856007249537,1.6094379124341003,620.0,4650.0,2039386.7348066298,0,0.0,0.3703703703703704,Bahçelievler_4,1603812.5
Bahçelievler,300,6.0,30.0,675000.0,0.0,3.0,8,Doğalgaz,Emlakjet,1.0,3,49.18032786885246,3,5.707110264748875,1.9459101490553132,1800.0,9000.0,2039386.7348066298,0,0.0,0.3703703703703704,Bahçelievler_6,1581000.0
Bahçelievler,80,3.0,3.0,1400000.0,0.0,3.0,8,Doğalgaz,Emlakjet,1.0,3,25.806451612903224,0,4.394449154672439,1.3862943611198906,240.0,240.0,2039386.7348066298,0,0.0,0.3703703703703704,Bahçelievler_3,1860425.5212765958
Bahçelievler,320,7.0,30.0,4250000.0,0.0,3.0,8,Doğalgaz,Emlakjet,1.0,3,45.07042253521127,3,5.771441123130016,2.0794415416798357,2240.0,9600.0,2039386.7348066298,0,0.0,0.3703703703703704,Bahçelievler_7,2666666.6666666665
Bahçelievler,80,3.0,7.5,460000.0,0.0,3.0,8,Doğalgaz,Emlakjet,1.0,3,25.806451612903224,1,4.394449154672439,1.3862943611198906,240.0,600.0,2039386.7348066298,0,0.0,0.3703703703703704,Bahçelievler_3,1860425.5212765958
Bahçelievler,90,3.0,10.0,1150000.0,0.0,3.0,8,Doğalgaz,Emlakjet,1.0,3,29.032258064516128,1,4.51085950651685,1.3862943611198906,270.0,900.0,2039386.7348066298,0,0.0,0.3703703703703704,Bahçelievler_3,1860425.5212765958
Bahçelievler,145,5.0,7.5,1070000.0,0.0,3.0,8,Doğalgaz,Emlakjet,1.0,3,28.43137254901961,1,4.983606621708336,1.791759469228055,725.0,1087.5,2039386.7348066298,0,0.0,0.3703703703703704,Bahçelievler_5,1799090.9090909092
Bahçelievler,130,4.0,10.0,2100000.0,0.0,3.0,8,Doğalgaz,Emlakjet,1.0,3,31.707317073170735,1,4.875197323201151,1.6094379124341003,520.0,1300.0,2039386.7348066298,0,0.0,0.3703703703703704,Bahçelievler_4,1603812.5
Bahçelievler,160,4.0,30.0,1100000.0,0.0,3.0,8,Doğalgaz,Emlakjet,1.0,3,39.024390243902445,3,5.081404364984463,1.6094379124341003,640.0,4800.0,2039386.7348066298,0,0.0,0.3703703703703704,Bahçelievler_4,1603812.5
Bahçelievler,150,4.0,7.5,2730000.0,0.0,3.0,8,Doğalgaz,Emlakjet,1.0,3,36.58536585365854,1,5.017279836814924,1.6094379124341003,600.0,1125.0,2039386.7348066298,0,0.0,0.3703703703703704,Bahçelievler_4,1603812.5
Bahçelievler,60,2.0,10.0,400000.0,0.0,3.0,8,Doğalgaz,Emlakjet,1.0,3,28.57142857142857,1,4.110873864173311,1.0986122886681098,120.0,600.0,2039386.7348066298,0,0.0,0.3703703703703704,Bahçelievler_2,4911066.666666667
Bahçelievler,130,4.0,10.0,2199000.0,0.0,3.0,8,Doğalgaz,Emlakjet,1.0,3,31.707317073170735,1,4.875197323201151,1.6094379124341003,520.0,1300.0,2039386.7348066298,0,0.0,0.3703703703703704,Bahçelievler_4,1603812.5
Bahçelievler,110,3.0,10.0,3200000.0,0.0,3.0,8,Doğalgaz,Emlakjet,1.0,3,35.483870967741936,1,4.709530201312334,1.3862943611198906,330.0,1100.0,2039386.7348066298,0,0.0,0.3703703703703704,Bahçelievler_3,1860425.5212765958
Bahçelievler,150,6.0,7.5,1480000.0,0.0,3.0,8,Doğalgaz,Emlakjet,1.0,3,24.59016393442623,1,5.017279836814924,1.9459101490553132,900.0,1125.0,2039386.7348066298,0,0.0,0.3703703703703704,Bahçelievler_6,1581000.0
Bahçelievler,95,3.0,4.0,750000.0,0.0,3.0,8,Doğalgaz,Emlakjet,1.0,3,30.64516129032258,0,4.564348191467836,1.3862943611198906,285.0,380.0,2039386.7348066298,0,0.0,0.3703703703703704,Bahçelievler_3,1860425.5212765958
Bahçelievler,80,3.0,10.0,550000.0,0.0,3.0,8,Doğalgaz,Emlakjet,1.0,3,25.806451612903224,1,4.394449154672439,1.3862943611198906,240.0,800.0,2039386.7348066298,0,0.0,0.3703703703703704,Bahçelievler_3,1860425.5212765958
Bahçelievler,165,5.0,13.0,870000.0,0.0,3.0,8,Doğalgaz,Emlakjet,1.0,3,32.35294117647059,2,5.111987788356544,1.791759469228055,825.0,2145.0,2039386.7348066298,0,0.0,0.3703703703703704,Bahçelievler_5,1799090.9090909092
Bahçelievler,200,5.0,13.0,1350000.0,0.0,3.0,8,Doğalgaz,Emlakjet,1.0,3,39.21568627450981,2,5.303304908059076,1.791759469228055,1000.0,2600.0,2039386.7348066298,0,0.0,0.3703703703703704,Bahçelievler_5,1799090.9090909092
Bahçelievler,115,3.0,7.5,1670000.0,0.0,3.0,8,Doğalgaz,Emlakjet,1.0,3,37.096774193548384,1,4.7535901911063645,1.3862943611198906,345.0,862.5,2039386.7348066298,0,0.0,0.3703703703703704,Bahçelievler_3,1860425.5212765958
Bahçelievler,115,4.0,10.0,1750000.0,0.0,3.0,8,Doğalgaz,Emlakjet,1.0,3,28.04878048780488,1,4.7535901911063645,1.6094379124341003,460.0,1150.0,2039386.7348066298,0,0.0,0.3703703703703704,Bahçelievler_4,1603812.5
Bahçelievler,65,3.0,10.0,700000.0,0.0,3.0,8,Doğalgaz,Emlakjet,1.0,3,20.967741935483872,1,4.189654742026425,1.3862943611198906,195.0,650.0,2039386.7348066298,0,0.0,0.3703703703703704,Bahçelievler_3,1860425.5212765958
Bahçelievler,85,3.0,7.5,480000.0,0.0,3.0,8,Doğalgaz,Emlakjet,1.0,3,27.419354838709676,1,4.454347296253507,1.3862943611198906,255.0,637.5,2039386.7348066298,0,0.0,0.3703703703703704,Bahçelievler_3,1860425.5212765958
Bahçelievler,80,3.0,7.5,638000.0,0.0,3.0,8,Doğalgaz,Emlakjet,1.0,3,25.806451612903224,1,4.394449154672439,1.3862943611198906,240.0,600.0,2039386.7348066298,0,0.0,0.3703703703703704,Bahçelievler_3,1860425.5212765958
Bahçelievler,125,4.0,13.0,800000.0,0.0,3.0,8,Doğalgaz,Emlakjet,1.0,3,30.487804878048784,2,4.836281906951478,1.6094379124341003,500.0,1625.0,2039386.7348066298,0,0.0,0.3703703703703704,Bahçelievler_4,1603812.5
Bahçelievler,125,4.0,10.0,1750000.0,0.0,3.0,8,Doğalgaz,Emlakjet,1.0,3,30.487804878048784,1,4.836281906951478,1.6094379124341003,500.0,1250.0,2039386.7348066298,0,0.0,0.3703703703703704,Bahçelievler_4,1603812.5
Bahçelievler,100,3.0,30.0,640000.0,0.0,3.0,8,Doğalgaz,Emlakjet,1.0,3,32.25806451612903,3,4.61512051684126,1.3862943611198906,300.0,3000.0,2039386.7348066298,0,0.0,0.3703703703703704,Bahçelievler_3,1860425.5212765958
Bahçelievler,100,3.0,7.5,815000.0,0.0,3.0,8,Doğalgaz,Emlakjet,1.0,3,32.25806451612903,1,4.61512051684126,1.3862943611198906,300.0,750.0,2039386.7348066298,0,0.0,0.3703703703703704,Bahçelievler_3,1860425.5212765958
Bakırköy,100,3.0,30.0,830000.0,0.0,3.0,8,Doğalgaz,Emlakjet,1.0,4,32.25806451612903,3,4.61512051684126,1.3862943611198906,300.0,3000.0,8473921.232876712,0,0.0,0.3703703703703704,Bakırköy_3,7148456.790123457
Bakırköy,340,7.0,7.5,13000000.0,0.0,3.0,8,Doğalgaz,Emlakjet,1.0,4,47.887323943661976,1,5.831882477283517,2.0794415416798357,2380.0,2550.0,8473921.232876712,0,0.0,0.3703703703703704,Bakırköy_7,10830000.0
Bakırköy,85,3.0,30.0,950000.0,0.0,3.0,8,Doğalgaz,Emlakjet,1.0,4,27.419354838709676,3,4.454347296253507,1.3862943611198906,255.0,2550.0,8473921.232876712,0,0.0,0.3703703703703704,Bakırköy_3,7148456.790123457
Bakırköy,85,4.0,30.0,900000.0,0.0,3.0,8,Doğalgaz,Emlakjet,1.0,4,20.731707317073173,3,4.454347296253507,1.6094379124341003,340.0,2550.0,8473921.232876712,0,0.0,0.3703703703703704,Bakırköy_4,10120168.539325843
Bakırköy,85,3.0,30.0,850000.0,0.0,3.0,8,Doğalgaz,Emlakjet,1.0,4,27.419354838709676,3,4.454347296253507,1.3862943611198906,255.0,2550.0,8473921.232876712,0,0.0,0.3703703703703704,Bakırköy_3,7148456.790123457
Bakırköy,330,3.0,10.0,5350000.0,0.0,3.0,8,Doğalgaz,Emlakjet,1.0,4,106.45161290322581,1,5.802118375377063,1.3862943611198906,990.0,3300.0,8473921.232876712,0,0.0,0.3703703703703704,Bakırköy_3,7148456.790123457
Bakırköy,400,7.0,30.0,7900000.0,0.0,3.0,8,Doğalgaz,Emlakjet,1.0,4,56.33802816901409,3,5.993961427306569,2.0794415416798357,2800.0,12000.0,8473921.232876712,0,0.0,0.3703703703703704,Bakırköy_7,10830000.0
Bakırköy,214,4.0,4.0,13500000.0,0.0,3.0,8,Doğalgaz,Emlakjet,1.0,4,52.19512195121952,0,5.3706380281276624,1.6094379124341003,856.0,856.0,8473921.232876712,0,0.0,0.3703703703703704,Bakırköy_4,10120168.539325843
Bakırköy,150,4.0,30.0,1800000.0,0.0,3.0,8,Doğalgaz,Emlakjet,1.0,4,36.58536585365854,3,5.017279836814924,1.6094379124341003,600.0,4500.0,8473921.232876712,0,0.0,0.3703703703703704,Bakırköy_4,10120168.539325843
Bakırköy,240,5.0,13.0,10000000.0,0.0,3.0,8,Doğalgaz,Emlakjet,1.0,4,47.05882352941177,2,5.484796933490655,1.791759469228055,1200.0,3120.0,8473921.232876712,0,0.0,0.3703703703703704,Bakırköy_5,8490408.163265307
Bakırköy,133,3.0,2.0,13650000.0,0.0,3.0,8,Doğalgaz,Emlakjet,1.0,4,42.90322580645161,0,4.897839799950911,1.3862943611198906,399.0,266.0,8473921.232876712,0,0.0,0.3703703703703704,Bakırköy_3,7148456.790123457
Bakırköy,190,6.0,30.0,2450000.0,0.0,3.0,8,Doğalgaz,Emlakjet,1.0,4,31.14754098360656,3,5.25227342804663,1.9459101490553132,1140.0,5700.0,8473921.232876712,0,0.0,0.3703703703703704,Bakırköy_6,8028181.818181818
Bakırköy,200,4.0,30.0,2400000.0,0.0,3.0,8,Doğalgaz,Emlakjet,1.0,4,48.78048780487805,3,5.303304908059076,1.6094379124341003,800.0,6000.0,8473921.232876712,0,0.0,0.3703703703703704,Bakırköy_4,10120168.539325843
Bakırköy,145,4.0,30.0,2100000.0,0.0,3.0,8,Doğalgaz,Emlakjet,1.0,4,35.36585365853659,3,4.983606621708336,1.6094379124341003,580.0,4350.0,8473921.232876712,0,0.0,0.3703703703703704,Bakırköy_4,10120168.539325843
Bakırköy,52,2.0,10.0,2150000.0,0.0,3.0,8,Doğalgaz,Emlakjet,1.0,4,24.76190476190476,1,3.970291913552122,1.0986122886681098,104.0,520.0,8473921.232876712,0,0.0,0.3703703703703704,Bakırköy_2,5132678.571428572
Bakırköy,210,5.0,30.0,4500000.0,0.0,3.0,8,Doğalgaz,Emlakjet,1.0,4,41.1764705882353,3,5.351858133476067,1.791759469228055,1050.0,6300.0,8473921.232876712,0,0.0,0.3703703703703704,Bakırköy_5,8490408.163265307
Bakırköy,153,4.0,10.0,7150000.0,0.0,3.0,8,Doğalgaz,Emlakjet,1.0,4,37.31707317073171,1,5.0369526024136295,1.6094379124341003,612.0,1530.0,8473921.232876712,0,0.0,0.3703703703703704,Bakırköy_4,10120168.539325843
Bakırköy,330,6.0,30.0,5745000.0,0.0,3.0,8,Doğalgaz,Emlakjet,1.0,4,54.09836065573771,3,5.802118375377063,1.9459101490553132,1980.0,9900.0,8473921.232876712,0,0.0,0.3703703703703704,Bakırköy_6,8028181.818181818
Bakırköy,125,3.5,30.0,920000.0,0.0,3.0,8,Doğalgaz,Emlakjet,1.0,4,34.72222222222222,3,4.836281906951478,1.5040773967762742,437.5,3750.0,8473921.232876712,0,0.0,0.3703703703703704,Bakırköy_3,7148456.790123457
Bakırköy,350,5.0,13.0,4800000.0,0.0,3.0,8,Doğalgaz,Emlakjet,1.0,4,68.62745098039215,2,5.860786223465865,1.791759469228055,1750.0,4550.0,8473921.232876712,0,0.0,0.3703703703703704,Bakırköy_5,8490408.163265307
Bakırköy,140,4.0,30.0,1650000.0,0.0,3.0,8,Doğalgaz,Emlakjet,1.0,4,34.146341463414636,3,4.948759890378168,1.6094379124341003,560.0,4200.0,8473921.232876712,0,0.0,0.3703703703703704,Bakırköy_4,10120168.539325843
Bakırköy,260,6.0,30.0,5850000.0,0.0,3.0,8,Doğalgaz,Emlakjet,1.0,4,42.622950819672134,3,5.564520407322694,1.9459101490553132,1560.0,7800.0,8473921.232876712,0,0.0,0.3703703703703704,Bakırköy_6,8028181.818181818
Bakırköy,300,7.0,10.0,7000000.0,0.0,3.0,8,Doğalgaz,Emlakjet,1.0,4,42.25352112676057,1,5.707110264748875,2.0794415416798357,2100.0,3000.0,8473921.232876712,0,0.0,0.3703703703703704,Bakırköy_7,10830000.0
Bakırköy,125,4.0,10.0,3150000.0,0.0,3.0,8,Doğalgaz,Emlakjet,1.0,4,30.487804878048784,1,4.836281906951478,1.6094379124341003,500.0,1250.0,8473921.232876712,0,0.0,0.3703703703703704,Bakırköy_4,10120168.539325843
Bakırköy,165,4.0,30.0,2750000.0,0.0,3.0,8,Doğalgaz,Emlakjet,1.0,4,40.243902439024396,3,5.111987788356544,1.6094379124341003,660.0,4950.0,8473921.232876712,0,0.0,0.3703703703703704,Bakırköy_4,10120168.539325843
Bakırköy,230,6.0,7.5,6350000.0,0.0,3.0,8,Doğalgaz,Emlakjet,1.0,4,37.704918032786885,1,5.442417710521793,1.9459101490553132,1380.0,1725.0,8473921.232876712,0,0.0,0.3703703703703704,Bakırköy_6,8028181.818181818
Bakırköy,260,5.0,13.0,7000000.0,0.0,3.0,8,Doğalgaz,Emlakjet,1.0,4,50.98039215686275,2,5.564520407322694,1.791759469228055,1300.0,3380.0,8473921.232876712,0,0.0,0.3703703703703704,Bakırköy_5,8490408.163265307
Bakırköy,180,4.0,13.0,6850000.0,0.0,3.0,8,Doğalgaz,Emlakjet,1.0,4,43.90243902439025,2,5.198497031265826,1.6094379124341003,720.0,2340.0,8473921.232876712,0,0.0,0.3703703703703704,Bakırköy_4,10120168.539325843
Bakırköy,174,4.0,13.0,7150000.0,0.0,3.0,8,Doğalgaz,Emlakjet,1.0,4,42.43902439024391,2,5.1647859739235145,1.6094379124341003,696.0,2262.0,8473921.232876712,0,0.0,0.3703703703703704,Bakırköy_4,10120168.539325843
Bakırköy,259,4.0,4.0,13500000.0,0.0,3.0,8,Doğalgaz,Emlakjet,1.0,4,63.17073170731708,0,5.560681631015528,1.6094379124341003,1036.0,1036.0,8473921.232876712,0,0.0,0.3703703703703704,Bakırköy_4,10120168.539325843
Bakırköy,214,4.0,4.0,16500000.0,0.0,3.0,8,Doğalgaz,Emlakjet,1.0,4,52.19512195121952,0,5.3706380281276624,1.6094379124341003,856.0,856.0,8473921.232876712,0,0.0,0.3703703703703704,Bakırköy_4,10120168.539325843
Bakırköy,185,3.0,4.0,14000000.0,0.0,3.0,8,Doğalgaz,Emlakjet,1.0,4,59.677419354838705,0,5.225746673713202,1.3862943611198906,555.0,740.0,8473921.232876712,0,0.0,0.3703703703703704,Bakırköy_3,7148456.790123457
Bakırköy,185,3.0,4.0,11500000.0,0.0,3.0,8,Doğalgaz,Emlakjet,1.0,4,59.677419354838705,0,5.225746673713202,1.3862943611198906,555.0,740.0,8473921.232876712,0,0.0,0.3703703703703704,Bakırköy_3,7148456.790123457
Bakırköy,200,5.0,30.0,9500000.0,0.0,3.0,8,Doğalgaz,Emlakjet,1.0,4,39.21568627450981,3,5.303304908059076,1.791759469228055,1000.0,6000.0,8473921.232876712,0,0.0,0.3703703703703704,Bakırköy_5,8490408.163265307
Bakırköy,295,5.0,13.0,5550000.0,0.0,3.0,8,Doğalgaz,Emlakjet,1.0,4,57.84313725490196,2,5.69035945432406,1.791759469228055,1475.0,3835.0,8473921.232876712,0,0.0,0.3703703703703704,Bakırköy_5,8490408.163265307
Bakırköy,110,3.0,4.0,3300000.0,0.0,3.0,8,Doğalgaz,Emlakjet,1.0,4,35.483870967741936,0,4.709530201312334,1.3862943611198906,330.0,440.0,8473921.232876712,0,0.0,0.3703703703703704,Bakırköy_3,7148456.790123457
Bakırköy,85,3.0,3.0,1600000.0,0.0,3.0,8,Doğalgaz,Emlakjet,1.0,4,27.419354838709676,0,4.454347296253507,1.3862943611198906,255.0,255.0,8473921.232876712,0,0.0,0.3703703703703704,Bakırköy_3,7148456.790123457
Bakırköy,230,6.0,7.5,9100000.0,0.0,3.0,8,Doğalgaz,Emlakjet,1.0,4,37.704918032786885,1,5.442417710521793,1.9459101490553132,1380.0,1725.0,8473921.232876712,0,0.0,0.3703703703703704,Bakırköy_6,8028181.818181818
Bakırköy,75,2.0,30.0,1180000.0,0.0,3.0,8,Doğalgaz,Emlakjet,1.0,4,35.714285714285715,3,4.330733340286331,1.0986122886681098,150.0,2250.0,8473921.232876712,0,0.0,0.3703703703703704,Bakırköy_2,5132678.571428572
Bakırköy,135,4.0,30.0,1575000.0,0.0,3.0,8,Doğalgaz,Emlakjet,1.0,4,32.926829268292686,3,4.912654885736052,1.6094379124341003,540.0,4050.0,8473921.232876712,0,0.0,0.3703703703703704,Bakırköy_4,10120168.539325843
Bakırköy,240,5.0,10.0,21500000.0,0.0,3.0,8,Doğalgaz,Emlakjet,1.0,4,47.05882352941177,1,5.484796933490655,1.791759469228055,1200.0,2400.0,8473921.232876712,0,0.0,0.3703703703703704,Bakırköy_5,8490408.163265307
Bakırköy,120,2.0,10.0,2600000.0,0.0,3.0,8,Doğalgaz,Emlakjet,1.0,4,57.14285714285714,1,4.795790545596741,1.0986122886681098,240.0,1200.0,8473921.232876712,0,0.0,0.3703703703703704,Bakırköy_2,5132678.571428572
Bakırköy,105,4.0,30.0,1050000.0,0.0,3.0,8,Doğalgaz,Emlakjet,1.0,4,25.60975609756098,3,4.663439094112067,1.6094379124341003,420.0,3150.0,8473921.232876712,0,0.0,0.3703703703703704,Bakırköy_4,10120168.539325843
Bakırköy,156,4.0,30.0,3000000.0,0.0,3.0,8,Doğalgaz,Emlakjet,1.0,4,38.04878048780488,3,5.056245805348308,1.6094379124341003,624.0,4680.0,8473921.232876712,0,0.0,0.3703703703703704,Bakırköy_4,10120168.539325843
Bakırköy,175,4.0,30.0,4500000.0,0.0,3.0,8,Doğalgaz,Emlakjet,1.0,4,42.6829268292683,3,5.170483995038151,1.6094379124341003,700.0,5250.0,8473921.232876712,0,0.0,0.3703703703703704,Bakırköy_4,10120168.539325843
Bakırköy,120,4.0,30.0,1950000.0,0.0,3.0,8,Doğalgaz,Emlakjet,1.0,4,29.26829268292683,3,4.795790545596741,1.6094379124341003,480.0,3600.0,8473921.232876712,0,0.0,0.3703703703703704,Bakırköy_4,10120168.539325843
Bakırköy,160,4.0,13.0,2600000.0,0.0,3.0,8,Doğalgaz,Emlakjet,1.0,4,39.024390243902445,2,5.081404364984463,1.6094379124341003,640.0,2080.0,8473921.232876712,0,0.0,0.3703703703703704,Bakırköy_4,10120168.539325843
Bakırköy,151,3.0,13.0,4200000.0,0.0,3.0,8,Doğalgaz,Emlakjet,1.0,4,48.70967741935484,2,5.0238805208462765,1.3862943611198906,453.0,1963.0,8473921.232876712,0,0.0,0.3703703703703704,Bakırköy_3,7148456.790123457
Bakırköy,348,8.0,13.0,18500000.0,0.0,3.0,8,Doğalgaz,Emlakjet,1.0,4,42.96296296296296,2,5.855071922202427,2.1972245773362196,2784.0,4524.0,8473921.232876712,0,0.0,0.3703703703703704,Bakırköy_8,14125000.0
Bakırköy,85,3.0,30.0,1600000.0,0.0,3.0,8,Doğalgaz,Emlakjet,1.0,4,27.419354838709676,3,4.454347296253507,1.3862943611198906,255.0,2550.0,8473921.232876712,0,0.0,0.3703703703703704,Bakırköy_3,7148456.790123457
Bakırköy,160,4.0,30.0,2850000.0,0.0,3.0,8,Doğalgaz,Emlakjet,1.0,4,39.024390243902445,3,5.081404364984463,1.6094379124341003,640.0,4800.0,8473921.232876712,0,0.0,0.3703703703703704,Bakırköy_4,10120168.539325843
Bakırköy,140,3.0,13.0,4200000.0,0.0,3.0,8,Doğalgaz,Emlakjet,1.0,4,45.16129032258064,2,4.948759890378168,1.3862943611198906,420.0,1820.0,8473921.232876712,0,0.0,0.3703703703703704,Bakırköy_3,7148456.790123457
Bakırköy,165,4.0,30.0,1700000.0,0.0,3.0,8,Doğalgaz,Emlakjet,1.0,4,40.243902439024396,3,5.111987788356544,1.6094379124341003,660.0,4950.0,8473921.232876712,0,0.0,0.3703703703703704,Bakırköy_4,10120168.539325843
Bakırköy,1000,3.0,13.0,19500000.0,0.0,3.0,8,Doğalgaz,Emlakjet,1.0,4,322.5806451612903,2,6.90875477931522,1.3862943611198906,3000.0,13000.0,8473921.232876712,0,0.0,0.3703703703703704,Bakırköy_3,7148456.790123457
Bakırköy,99,2.0,4.0,4650000.0,0.0,3.0,8,Doğalgaz,Emlakjet,1.0,4,47.14285714285714,0,4.605170185988092,1.0986122886681098,198.0,396.0,8473921.232876712,0,0.0,0.3703703703703704,Bakırköy_2,5132678.571428572
Bakırköy,120,4.0,10.0,3500000.0,0.0,3.0,8,Doğalgaz,Emlakjet,1.0,4,29.26829268292683,1,4.795790545596741,1.6094379124341003,480.0,1200.0,8473921.232876712,0,0.0,0.3703703703703704,Bakırköy_4,10120168.539325843
Bakırköy,65,2.0,10.0,1280000.0,0.0,3.0,8,Doğalgaz,Emlakjet,1.0,4,30.952380952380953,1,4.189654742026425,1.0986122886681098,130.0,650.0,8473921.232876712,0,0.0,0.3703703703703704,Bakırköy_2,5132678.571428572
Bakırköy,100,3.0,10.0,2500000.0,0.0,3.0,8,Doğalgaz,Emlakjet,1.0,4,32.25806451612903,1,4.61512051684126,1.3862943611198906,300.0,1000.0,8473921.232876712,0,0.0,0.3703703703703704,Bakırköy_3,7148456.790123457
Bakırköy,80,3.0,30.0,790000.0,0.0,3.0,8,Doğalgaz,Emlakjet,1.0,4,25.806451612903224,3,4.394449154672439,1.3862943611198906,240.0,2400.0,8473921.232876712,0,0.0,0.3703703703703704,Bakırköy_3,7148456.790123457
Bakırköy,650,3.0,30.0,40000000.0,0.0,3.0,8,Doğalgaz,Emlakjet,1.0,4,209.6774193548387,3,6.478509642208569,1.3862943611198906,1950.0,19500.0,8473921.232876712,0,0.0,0.3703703703703704,Bakırköy_3,7148456.790123457
Bakırköy,450,10.0,30.0,4000000.0,0.0,3.0,8,Doğalgaz,Emlakjet,1.0,4,44.554455445544555,3,6.111467339502679,2.3978952727983707,4500.0,13500.0,8473921.232876712,0,0.0,0.3703703703703704,Bakırköy_10,4000000.0
Bakırköy,130,4.0,30.0,1950000.0,0.0,3.0,8,Doğalgaz,Emlakjet,1.0,4,31.707317073170735,3,4.875197323201151,1.6094379124341003,520.0,3900.0,8473921.232876712,0,0.0,0.3703703703703704,Bakırköy_4,10120168.539325843
Bakırköy,120,4.0,30.0,1200000.0,0.0,3.0,8,Doğalgaz,Emlakjet,1.0,4,29.26829268292683,3,4.795790545596741,1.6094379124341003,480.0,3600.0,8473921.232876712,0,0.0,0.3703703703703704,Bakırköy_4,10120168.539325843
Bakırköy,211,5.0,13.0,8500000.0,0.0,3.0,8,Doğalgaz,Emlakjet,1.0,4,41.372549019607845,2,5.356586274672012,1.791759469228055,1055.0,2743.0,8473921.232876712,0,0.0,0.3703703703703704,Bakırköy_5,8490408.163265307
Bakırköy,211,5.0,13.0,8500000.0,0.0,3.0,8,Doğalgaz,Emlakjet,1.0,4,41.372549019607845,2,5.356586274672012,1.791759469228055,1055.0,2743.0,8473921.232876712,0,0.0,0.3703703703703704,Bakırköy_5,8490408.163265307
Bakırköy,180,4.0,2.0,8150000.0,0.0,3.0,8,Doğalgaz,Emlakjet,1.0,4,43.90243902439025,0,5.198497031265826,1.6094379124341003,720.0,360.0,8473921.232876712,0,0.0,0.3703703703703704,Bakırköy_4,10120168.539325843
Bakırköy,180,4.0,3.0,4250000.0,0.0,3.0,8,Doğalgaz,Emlakjet,1.0,4,43.90243902439025,0,5.198497031265826,1.6094379124341003,720.0,540.0,8473921.232876712,0,0.0,0.3703703703703704,Bakırköy_4,10120168.539325843
Bakırköy,80,3.0,30.0,735000.0,0.0,3.0,8,Doğalgaz,Emlakjet,1.0,4,25.806451612903224,3,4.394449154672439,1.3862943611198906,240.0,2400.0,8473921.232876712,0,0.0,0.3703703703703704,Bakırköy_3,7148456.790123457
Bakırköy,120,4.0,10.0,3850000.0,0.0,3.0,8,Doğalgaz,Emlakjet,1.0,4,29.26829268292683,1,4.795790545596741,1.6094379124341003,480.0,1200.0,8473921.232876712,0,0.0,0.3703703703703704,Bakırköy_4,10120168.539325843
Bakırköy,100,3.0,10.0,1350000.0,0.0,3.0,8,Doğalgaz,Emlakjet,1.0,4,32.25806451612903,1,4.61512051684126,1.3862943611198906,300.0,1000.0,8473921.232876712,0,0.0,0.3703703703703704,Bakırköy_3,7148456.790123457
Bakırköy,215,5.0,7.5,8500000.0,0.0,3.0,8,Doğalgaz,Emlakjet,1.0,4,42.15686274509804,1,5.375278407684165,1.791759469228055,1075.0,1612.5,8473921.232876712,0,0.0,0.3703703703703704,Bakırköy_5,8490408.163265307
Bakırköy,130,4.0,30.0,1550000.0,0.0,3.0,8,Doğalgaz,Emlakjet,1.0,4,31.707317073170735,3,4.875197323201151,1.6094379124341003,520.0,3900.0,8473921.232876712,0,0.0,0.3703703703703704,Bakırköy_4,10120168.539325843
Bakırköy,200,6.0,30.0,2075000.0,0.0,3.0,8,Doğalgaz,Emlakjet,1.0,4,32.786885245901644,3,5.303304908059076,1.9459101490553132,1200.0,6000.0,8473921.232876712,0,0.0,0.3703703703703704,Bakırköy_6,8028181.818181818
Bakırköy,180,5.0,7.5,1980000.0,0.0,3.0,8,Doğalgaz,Emlakjet,1.0,4,35.294117647058826,1,5.198497031265826,1.791759469228055,900.0,1350.0,8473921.232876712,0,0.0,0.3703703703703704,Bakırköy_5,8490408.163265307
Bakırköy,150,6.0,10.0,2800000.0,0.0,3.0,8,Doğalgaz,Emlakjet,1.0,4,24.59016393442623,1,5.017279836814924,1.9459101490553132,900.0,1500.0,8473921.232876712,0,0.0,0.3703703703703704,Bakırköy_6,8028181.818181818
Bakırköy,300,7.0,30.0,8500000.0,0.0,3.0,8,Doğalgaz,Emlakjet,1.0,4,42.25352112676057,3,5.707110264748875,2.0794415416798357,2100.0,9000.0,8473921.232876712,0,0.0,0.3703703703703704,Bakırköy_7,10830000.0
Bakırköy,300,6.0,30.0,3000000.0,0.0,3.0,8,Doğalgaz,Emlakjet,1.0,4,49.18032786885246,3,5.707110264748875,1.9459101490553132,1800.0,9000.0,8473921.232876712,0,0.0,0.3703703703703704,Bakırköy_6,8028181.818181818
Bakırköy,400,5.0,30.0,7750000.0,0.0,3.0,8,Doğalgaz,Emlakjet,1.0,4,78.43137254901961,3,5.993961427306569,1.791759469228055,2000.0,12000.0,8473921.232876712,0,0.0,0.3703703703703704,Bakırköy_5,8490408.163265307
Bakırköy,250,6.0,10.0,4000000.0,0.0,3.0,8,Doğalgaz,Emlakjet,1.0,4,40.98360655737705,1,5.5254529391317835,1.9459101490553132,1500.0,2500.0,8473921.232876712,0,0.0,0.3703703703703704,Bakırköy_6,8028181.818181818
Bakırköy,160,5.0,7.5,3250000.0,0.0,3.0,8,Doğalgaz,Emlakjet,1.0,4,31.372549019607845,1,5.081404364984463,1.791759469228055,800.0,1200.0,8473921.232876712,0,0.0,0.3703703703703704,Bakırköy_5,8490408.163265307
Bakırköy,170,5.0,30.0,1900000.0,0.0,3.0,8,Doğalgaz,Emlakjet,1.0,4,33.333333333333336,3,5.14166355650266,1.791759469228055,850.0,5100.0,8473921.232876712,0,0.0,0.3703703703703704,Bakırköy_5,8490408.163265307
Bakırköy,270,5.0,13.0,19500000.0,0.0,3.0,8,Doğalgaz,Emlakjet,1.0,4,52.94117647058824,2,5.602118820879701,1.791759469228055,1350.0,3510.0,8473921.232876712,0,0.0,0.3703703703703704,Bakırköy_5,8490408.163265307
Bakırköy,85,2.0,10.0,2900000.0,0.0,3.0,8,Doğalgaz,Emlakjet,1.0,4,40.476190476190474,1,4.454347296253507,1.0986122886681098,170.0,850.0,8473921.232876712,0,0.0,0.3703703703703704,Bakırköy_2,5132678.571428572
Bakırköy,310,4.0,10.0,8500000.0,0.0,3.0,8,Doğalgaz,Emlakjet,1.0,4,75.60975609756098,1,5.739792912179234,1.6094379124341003,1240.0,3100.0,8473921.232876712,0,0.0,0.3703703703703704,Bakırköy_4,10120168.539325843
Bakırköy,165,4.0,2.0,4700000.0,0.0,3.0,8,Doğalgaz,Emlakjet,1.0,4,40.243902439024396,0,5.111987788356544,1.6094379124341003,660.0,330.0,8473921.232876712,0,0.0,0.3703703703703704,Bakırköy_4,10120168.539325843
Bakırköy,260,5.0,13.0,12500000.0,0.0,3.0,8,Doğalgaz,Emlakjet,1.0,4,50.98039215686275,2,5.564520407322694,1.791759469228055,1300.0,3380.0,8473921.232876712,0,0.0,0.3703703703703704,Bakırköy_5,8490408.163265307
Bakırköy,80,3.0,30.0,1575000.0,0.0,3.0,8,Doğalgaz,Emlakjet,1.0,4,25.806451612903224,3,4.394449154672439,1.3862943611198906,240.0,2400.0,8473921.232876712,0,0.0,0.3703703703703704,Bakırköy_3,7148456.790123457
Bakırköy,145,3.0,10.0,2650000.0,0.0,3.0,8,Doğalgaz,Emlakjet,1.0,4,46.774193548387096,1,4.983606621708336,1.3862943611198906,435.0,1450.0,8473921.232876712,0,0.0,0.3703703703703704,Bakırköy_3,7148456.790123457
Bakırköy,140,4.0,30.0,1370000.0,0.0,3.0,8,Doğalgaz,Emlakjet,1.0,4,34.146341463414636,3,4.948759890378168,1.6094379124341003,560.0,4200.0,8473921.232876712,0,0.0,0.3703703703703704,Bakırköy_4,10120168.539325843
Bakırköy,77,2.0,3.0,2250000.0,0.0,3.0,8,Doğalgaz,Emlakjet,1.0,4,36.666666666666664,0,4.356708826689592,1.0986122886681098,154.0,231.0,8473921.232876712,0,0.0,0.3703703703703704,Bakırköy_2,5132678.571428572
Bakırköy,130,4.0,10.0,2500000.0,0.0,3.0,8,Doğalgaz,Emlakjet,1.0,4,31.707317073170735,1,4.875197323201151,1.6094379124341003,520.0,1300.0,8473921.232876712,0,0.0,0.3703703703703704,Bakırköy_4,10120168.539325843
Bakırköy,135,4.0,30.0,2200000.0,0.0,3.0,8,Doğalgaz,Emlakjet,1.0,4,32.926829268292686,3,4.912654885736052,1.6094379124341003,540.0,4050.0,8473921.232876712,0,0.0,0.3703703703703704,Bakırköy_4,10120168.539325843
Bakırköy,530,3.0,30.0,15500000.0,0.0,3.0,8,Doğalgaz,Emlakjet,1.0,4,170.96774193548387,3,6.274762021241939,1.3862943611198906,1590.0,15900.0,8473921.232876712,0,0.0,0.3703703703703704,Bakırköy_3,7148456.790123457
Bakırköy,193,4.0,10.0,18000000.0,0.0,3.0,8,Doğalgaz,Emlakjet,1.0,4,47.07317073170732,1,5.267858159063328,1.6094379124341003,772.0,1930.0,8473921.232876712,0,0.0,0.3703703703703704,Bakırköy_4,10120168.539325843
Bakırköy,160,4.0,10.0,3000000.0,0.0,3.0,8,Doğalgaz,Emlakjet,1.0,4,39.024390243902445,1,5.081404364984463,1.6094379124341003,640.0,1600.0,8473921.232876712,0,0.0,0.3703703703703704,Bakırköy_4,10120168.539325843
Bakırköy,270,7.0,2.0,11400000.0,0.0,3.0,8,Doğalgaz,Emlakjet,1.0,4,38.02816901408451,0,5.602118820879701,2.0794415416798357,1890.0,540.0,8473921.232876712,0,0.0,0.3703703703703704,Bakırköy_7,10830000.0
Bakırköy,160,5.0,13.0,2850000.0,0.0,3.0,8,Doğalgaz,Emlakjet,1.0,4,31.372549019607845,2,5.081404364984463,1.791759469228055,800.0,2080.0,8473921.232876712,0,0.0,0.3703703703703704,Bakırköy_5,8490408.163265307
Bakırköy,140,3.0,30.0,1750000.0,0.0,3.0,8,Doğalgaz,Emlakjet,1.0,4,45.16129032258064,3,4.948759890378168,1.3862943611198906,420.0,4200.0,8473921.232876712,0,0.0,0.3703703703703704,Bakırköy_3,7148456.790123457
Bakırköy,280,5.0,30.0,4000000.0,0.0,3.0,8,Doğalgaz,Emlakjet,1.0,4,54.90196078431373,3,5.638354669333745,1.791759469228055,1400.0,8400.0,8473921.232876712,0,0.0,0.3703703703703704,Bakırköy_5,8490408.163265307
Bakırköy,180,4.0,13.0,2650000.0,0.0,3.0,8,Doğalgaz,Emlakjet,1.0,4,43.90243902439025,2,5.198497031265826,1.6094379124341003,720.0,2340.0,8473921.232876712,0,0.0,0.3703703703703704,Bakırköy_4,10120168.539325843
Bakırköy,100,3.0,30.0,1100000.0,0.0,3.0,8,Doğalgaz,Emlakjet,1.0,4,32.25806451612903,3,4.61512051684126,1.3862943611198906,300.0,3000.0,8473921.232876712,0,0.0,0.3703703703703704,Bakırköy_3,7148456.790123457
Bakırköy,230,5.0,13.0,4350000.0,0.0,3.0,8,Doğalgaz,Emlakjet,1.0,4,45.09803921568628,2,5.442417710521793,1.791759469228055,1150.0,2990.0,8473921.232876712,0,0.0,0.3703703703703704,Bakırköy_5,8490408.163265307
Bakırköy,240,5.0,13.0,2975000.0,0.0,3.0,8,Doğalgaz,Emlakjet,1.0,4,47.05882352941177,2,5.484796933490655,1.791759469228055,1200.0,3120.0,8473921.232876712,0,0.0,0.3703703703703704,Bakırköy_5,8490408.163265307
Bakırköy,270,7.0,4.0,5250000.0,0.0,3.0,8,Doğalgaz,Emlakjet,1.0,4,38.02816901408451,0,5.602118820879701,2.0794415416798357,1890.0,1080.0,8473921.232876712,0,0.0,0.3703703703703704,Bakırköy_7,10830000.0
Bakırköy,200,4.0,13.0,3900000.0,0.0,3.0,8,Doğalgaz,Emlakjet,1.0,4,48.78048780487805,2,5.303304908059076,1.6094379124341003,800.0,2600.0,8473921.232876712,0,0.0,0.3703703703703704,Bakırköy_4,10120168.539325843
Bakırköy,200,5.0,1.0,10000000.0,0.0,3.0,8,Doğalgaz,Emlakjet,1.0,4,39.21568627450981,0,5.303304908059076,1.791759469228055,1000.0,200.0,8473921.232876712,0,0.0,0.3703703703703704,Bakırköy_5,8490408.163265307
Bakırköy,280,6.0,7.5,15250000.0,0.0,3.0,8,Doğalgaz,Emlakjet,1.0,4,45.9016393442623,1,5.638354669333745,1.9459101490553132,1680.0,2100.0,8473921.232876712,0,0.0,0.3703703703703704,Bakırköy_6,8028181.818181818
Bakırköy,125,4.0,30.0,3400000.0,0.0,3.0,8,Doğalgaz,Emlakjet,1.0,4,30.487804878048784,3,4.836281906951478,1.6094379124341003,500.0,3750.0,8473921.232876712,0,0.0,0.3703703703703704,Bakırköy_4,10120168.539325843
Bakırköy,200,5.0,10.0,3490000.0,0.0,3.0,8,Doğalgaz,Emlakjet,1.0,4,39.21568627450981,1,5.303304908059076,1.791759469228055,1000.0,2000.0,8473921.232876712,0,0.0,0.3703703703703704,Bakırköy_5,8490408.163265307
Bakırköy,133,3.0,1.0,10500000.0,0.0,3.0,8,Doğalgaz,Emlakjet,1.0,4,42.90322580645161,0,4.897839799950911,1.3862943611198906,399.0,133.0,8473921.232876712,0,0.0,0.3703703703703704,Bakırköy_3,7148456.790123457
Bakırköy,75,3.0,2.0,985000.0,0.0,3.0,8,Doğalgaz,Emlakjet,1.0,4,24.193548387096772,0,4.330733340286331,1.3862943611198906,225.0,150.0,8473921.232876712,0,0.0,0.3703703703703704,Bakırköy_3,7148456.790123457
Bakırköy,317,6.0,4.0,14250000.0,0.0,3.0,8,Doğalgaz,Emlakjet,1.0,4,51.9672131147541,0,5.762051382780177,1.9459101490553132,1902.0,1268.0,8473921.232876712,0,0.0,0.3703703703703704,Bakırköy_6,8028181.818181818
Bakırköy,85,2.0,30.0,1300000.0,0.0,3.0,8,Doğalgaz,Emlakjet,1.0,4,40.476190476190474,3,4.454347296253507,1.0986122886681098,170.0,2550.0,8473921.232876712,0,0.0,0.3703703703703704,Bakırköy_2,5132678.571428572
Bakırköy,492,3.0,30.0,15500000.0,0.0,3.0,8,Doğalgaz,Emlakjet,1.0,4,158.70967741935485,3,6.20050917404269,1.3862943611198906,1476.0,14760.0,8473921.232876712,0,0.0,0.3703703703703704,Bakırköy_3,7148456.790123457
Bakırköy,200,4.0,30.0,5950000.0,0.0,3.0,8,Doğalgaz,Emlakjet,1.0,4,48.78048780487805,3,5.303304908059076,1.6094379124341003,800.0,6000.0,8473921.232876712,0,0.0,0.3703703703703704,Bakırköy_4,10120168.539325843
Bakırköy,350,7.0,10.0,14500000.0,0.0,3.0,8,Doğalgaz,Emlakjet,1.0,4,49.29577464788733,1,5.860786223465865,2.0794415416798357,2450.0,3500.0,8473921.232876712,0,0.0,0.3703703703703704,Bakırköy_7,10830000.0
Bakırköy,135,4.0,30.0,1500000.0,0.0,3.0,8,Doğalgaz,Emlakjet,1.0,4,32.926829268292686,3,4.912654885736052,1.6094379124341003,540.0,4050.0,8473921.232876712,0,0.0,0.3703703703703704,Bakırköy_4,10120168.539325843
Bakırköy,160,3.0,30.0,3500000.0,0.0,3.0,8,Doğalgaz,Emlakjet,1.0,4,51.61290322580645,3,5.081404364984463,1.3862943611198906,480.0,4800.0,8473921.232876712,0,0.0,0.3703703703703704,Bakırköy_3,7148456.790123457
Bakırköy,130,4.0,30.0,2750000.0,0.0,3.0,8,Doğalgaz,Emlakjet,1.0,4,31.707317073170735,3,4.875197323201151,1.6094379124341003,520.0,3900.0,8473921.232876712,0,0.0,0.3703703703703704,Bakırköy_4,10120168.539325843
Bakırköy,160,5.0,10.0,1850000.0,0.0,3.0,8,Doğalgaz,Emlakjet,1.0,4,31.372549019607845,1,5.081404364984463,1.791759469228055,800.0,1600.0,8473921.232876712,0,0.0,0.3703703703703704,Bakırköy_5,8490408.163265307
Bakırköy,160,4.0,30.0,2000000.0,0.0,3.0,8,Doğalgaz,Emlakjet,1.0,4,39.024390243902445,3,5.081404364984463,1.6094379124341003,640.0,4800.0,8473921.232876712,0,0.0,0.3703703703703704,Bakırköy_4,10120168.539325843
Bakırköy,270,5.0,13.0,19500000.0,0.0,3.0,8,Doğalgaz,Emlakjet,1.0,4,52.94117647058824,2,5.602118820879701,1.791759469228055,1350.0,3510.0,8473921.232876712,0,0.0,0.3703703703703704,Bakırköy_5,8490408.163265307
Bakırköy,360,6.0,1.0,20000000.0,0.0,3.0,8,Doğalgaz,Emlakjet,1.0,4,59.016393442622956,0,5.8888779583328805,1.9459101490553132,2160.0,360.0,8473921.232876712,0,0.0,0.3703703703703704,Bakırköy_6,8028181.818181818
Bakırköy,260,5.0,13.0,15250000.0,0.0,3.0,8,Doğalgaz,Emlakjet,1.0,4,50.98039215686275,2,5.564520407322694,1.791759469228055,1300.0,3380.0,8473921.232876712,0,0.0,0.3703703703703704,Bakırköy_5,8490408.163265307
Bakırköy,270,5.0,13.0,14500000.0,0.0,3.0,8,Doğalgaz,Emlakjet,1.0,4,52.94117647058824,2,5.602118820879701,1.791759469228055,1350.0,3510.0,8473921.232876712,0,0.0,0.3703703703703704,Bakırköy_5,8490408.163265307
Bakırköy,220,4.0,30.0,3750000.0,0.0,3.0,8,Doğalgaz,Emlakjet,1.0,4,53.65853658536586,3,5.3981627015177525,1.6094379124341003,880.0,6600.0,8473921.232876712,0,0.0,0.3703703703703704,Bakırköy_4,10120168.539325843
Bakırköy,317,6.0,3.0,16250000.0,0.0,3.0,8,Doğalgaz,Emlakjet,1.0,4,51.9672131147541,0,5.762051382780177,1.9459101490553132,1902.0,951.0,8473921.232876712,0,0.0,0.3703703703703704,Bakırköy_6,8028181.818181818
Bakırköy,78,2.0,30.0,2000000.0,0.0,3.0,8,Doğalgaz,Emlakjet,1.0,4,37.14285714285714,3,4.3694478524670215,1.0986122886681098,156.0,2340.0,8473921.232876712,0,0.0,0.3703703703703704,Bakırköy_2,5132678.571428572
Bakırköy,270,5.0,13.0,9500000.0,0.0,3.0,8,Doğalgaz,Emlakjet,1.0,4,52.94117647058824,2,5.602118820879701,1.791759469228055,1350.0,3510.0,8473921.232876712,0,0.0,0.3703703703703704,Bakırköy_5,8490408.163265307
Bakırköy,85,3.0,30.0,2200000.0,0.0,3.0,8,Doğalgaz,Emlakjet,1.0,4,27.419354838709676,3,4.454347296253507,1.3862943611198906,255.0,2550.0,8473921.232876712,0,0.0,0.3703703703703704,Bakırköy_3,7148456.790123457
Bakırköy,100,3.0,30.0,1750000.0,0.0,3.0,8,Doğalgaz,Emlakjet,1.0,4,32.25806451612903,3,4.61512051684126,1.3862943611198906,300.0,3000.0,8473921.232876712,0,0.0,0.3703703703703704,Bakırköy_3,7148456.790123457
Bakırköy,80,2.0,30.0,1300000.0,0.0,3.0,8,Doğalgaz,Emlakjet,1.0,4,38.095238095238095,3,4.394449154672439,1.0986122886681098,160.0,2400.0,8473921.232876712,0,0.0,0.3703703703703704,Bakırköy_2,5132678.571428572
Bakırköy,320,5.0,13.0,10000000.0,0.0,3.0,8,Doğalgaz,Emlakjet,1.0,4,62.74509803921569,2,5.771441123130016,1.791759469228055,1600.0,4160.0,8473921.232876712,0,0.0,0.3703703703703704,Bakırköy_5,8490408.163265307
Bakırköy,340,7.0,10.0,12000000.0,0.0,3.0,8,Doğalgaz,Emlakjet,1.0,4,47.887323943661976,1,5.831882477283517,2.0794415416798357,2380.0,3400.0,8473921.232876712,0,0.0,0.3703703703703704,Bakırköy_7,10830000.0
Bakırköy,136,2.0,10.0,4750000.0,0.0,3.0,8,Doğalgaz,Emlakjet,1.0,4,64.76190476190476,1,4.919980925828125,1.0986122886681098,272.0,1360.0,8473921.232876712,0,0.0,0.3703703703703704,Bakırköy_2,5132678.571428572
Bakırköy,220,6.0,10.0,3350000.0,0.0,3.0,8,Doğalgaz,Emlakjet,1.0,4,36.0655737704918,1,5.3981627015177525,1.9459101490553132,1320.0,2200.0,8473921.232876712,0,0.0,0.3703703703703704,Bakırköy_6,8028181.818181818
Başakşehir,85,3.0,7.5,1250000.0,0.0,3.0,8,Doğalgaz,Emlakjet,1.0,6,27.419354838709676,1,4.454347296253507,1.3862943611198906,255.0,637.5,2431092.380952381,0,0.0,0.3703703703703704,Başakşehir_3,1763308.2631578948
Başakşehir,82,3.0,4.0,1300000.0,0.0,3.0,8,Doğalgaz,Emlakjet,1.0,6,26.451612903225804,0,4.418840607796598,1.3862943611198906,246.0,328.0,2431092.380952381,0,0.0,0.3703703703703704,Başakşehir_3,1763308.2631578948
Başakşehir,210,6.0,10.0,980000.0,0.0,3.0,8,Doğalgaz,Emlakjet,1.0,6,34.42622950819673,1,5.351858133476067,1.9459101490553132,1260.0,2100.0,2431092.380952381,0,0.0,0.3703703703703704,Başakşehir_6,3410823.8095238097
Başakşehir,85,3.0,7.5,1195000.0,0.0,3.0,8,Doğalgaz,Emlakjet,1.0,6,27.419354838709676,1,4.454347296253507,1.3862943611198906,255.0,637.5,2431092.380952381,0,0.0,0.3703703703703704,Başakşehir_3,1763308.2631578948
Başakşehir,140,3.0,1.0,1750000.0,0.0,3.0,8,Doğalgaz,Emlakjet,1.0,6,45.16129032258064,0,4.948759890378168,1.3862943611198906,420.0,140.0,2431092.380952381,0,0.0,0.3703703703703704,Başakşehir_3,1763308.2631578948
Başakşehir,77,2.0,1.0,1100000.0,0.0,3.0,8,Doğalgaz,Emlakjet,1.0,6,36.666666666666664,0,4.356708826689592,1.0986122886681098,154.0,77.0,2431092.380952381,0,0.0,0.3703703703703704,Başakşehir_2,1698500.0
Başakşehir,132,4.0,13.0,1120000.0,0.0,3.0,8,Doğalgaz,Emlakjet,1.0,6,32.19512195121951,2,4.890349128221754,1.6094379124341003,528.0,1716.0,2431092.380952381,0,0.0,0.3703703703703704,Başakşehir_4,2361527.0240963856
Başakşehir,77,2.0,10.0,1145000.0,0.0,3.0,8,Doğalgaz,Emlakjet,1.0,6,36.666666666666664,1,4.356708826689592,1.0986122886681098,154.0,770.0,2431092.380952381,0,0.0,0.3703703703703704,Başakşehir_2,1698500.0
Başakşehir,175,4.0,2.0,3100000.0,0.0,3.0,8,Doğalgaz,Emlakjet,1.0,6,42.6829268292683,0,5.170483995038151,1.6094379124341003,700.0,350.0,2431092.380952381,0,0.0,0.3703703703703704,Başakşehir_4,2361527.0240963856
Başakşehir,155,4.0,3.0,3000000.0,0.0,3.0,8,Doğalgaz,Emlakjet,1.0,6,37.80487804878049,0,5.049856007249537,1.6094379124341003,620.0,465.0,2431092.380952381,0,0.0,0.3703703703703704,Başakşehir_4,2361527.0240963856
Başakşehir,105,4.0,10.0,470000.0,0.0,3.0,8,Doğalgaz,Emlakjet,1.0,6,25.60975609756098,1,4.663439094112067,1.6094379124341003,420.0,1050.0,2431092.380952381,0,0.0,0.3703703703703704,Başakşehir_4,2361527.0240963856
Başakşehir,115,3.0,10.0,835000.0,0.0,3.0,8,Doğalgaz,Emlakjet,1.0,6,37.096774193548384,1,4.7535901911063645,1.3862943611198906,345.0,1150.0,2431092.380952381,0,0.0,0.3703703703703704,Başakşehir_3,1763308.2631578948
Başakşehir,131,3.0,10.0,1575000.0,0.0,3.0,8,Doğalgaz,Emlakjet,1.0,6,42.25806451612903,1,4.882801922586371,1.3862943611198906,393.0,1310.0,2431092.380952381,0,0.0,0.3703703703703704,Başakşehir_3,1763308.2631578948
Başakşehir,99,3.0,7.5,1380000.0,0.0,3.0,8,Doğalgaz,Emlakjet,1.0,6,31.93548387096774,1,4.605170185988092,1.3862943611198906,297.0,742.5,2431092.380952381,0,0.0,0.3703703703703704,Başakşehir_3,1763308.2631578948
Başakşehir,150,5.0,7.5,1950000.0,0.0,3.0,8,Doğalgaz,Emlakjet,1.0,6,29.411764705882355,1,5.017279836814924,1.791759469228055,750.0,1125.0,2431092.380952381,0,0.0,0.3703703703703704,Başakşehir_5,3514039.1960784313
Başakşehir,74,2.0,7.5,1519000.0,0.0,3.0,8,Doğalgaz,Emlakjet,1.0,6,35.238095238095234,1,4.31748811353631,1.0986122886681098,148.0,555.0,2431092.380952381,0,0.0,0.3703703703703704,Başakşehir_2,1698500.0
Başakşehir,130,4.0,7.5,2225000.0,0.0,3.0,8,Doğalgaz,Emlakjet,1.0,6,31.707317073170735,1,4.875197323201151,1.6094379124341003,520.0,975.0,2431092.380952381,0,0.0,0.3703703703703704,Başakşehir_4,2361527.0240963856
Başakşehir,64,2.0,3.0,950000.0,0.0,3.0,8,Doğalgaz,Emlakjet,1.0,6,30.476190476190474,0,4.174387269895637,1.0986122886681098,128.0,192.0,2431092.380952381,0,0.0,0.3703703703703704,Başakşehir_2,1698500.0
Başakşehir,75,3.0,7.5,880000.0,0.0,3.0,8,Doğalgaz,Emlakjet,1.0,6,24.193548387096772,1,4.330733340286331,1.3862943611198906,225.0,562.5,2431092.380952381,0,0.0,0.3703703703703704,Başakşehir_3,1763308.2631578948
Başakşehir,160,4.0,18.0,2350000.0,0.0,3.0,8,Doğalgaz,Emlakjet,1.0,6,39.024390243902445,2,5.081404364984463,1.6094379124341003,640.0,2880.0,2431092.380952381,0,0.0,0.3703703703703704,Başakşehir_4,2361527.0240963856
Başakşehir,115,4.0,7.5,2500000.0,0.0,3.0,8,Doğalgaz,Emlakjet,1.0,6,28.04878048780488,1,4.7535901911063645,1.6094379124341003,460.0,862.5,2431092.380952381,0,0.0,0.3703703703703704,Başakşehir_4,2361527.0240963856
Başakşehir,165,4.0,4.0,3090000.0,0.0,3.0,8,Doğalgaz,Emlakjet,1.0,6,40.243902439024396,0,5.111987788356544,1.6094379124341003,660.0,660.0,2431092.380952381,0,0.0,0.3703703703703704,Başakşehir_4,2361527.0240963856
Başakşehir,196,5.0,4.0,3370000.0,0.0,3.0,8,Doğalgaz,Emlakjet,1.0,6,38.43137254901961,0,5.2832037287379885,1.791759469228055,980.0,784.0,2431092.380952381,0,0.0,0.3703703703703704,Başakşehir_5,3514039.1960784313
Başakşehir,115,3.0,10.0,779000.0,0.0,3.0,8,Doğalgaz,Emlakjet,1.0,6,37.096774193548384,1,4.7535901911063645,1.3862943611198906,345.0,1150.0,2431092.380952381,0,0.0,0.3703703703703704,Başakşehir_3,1763308.2631578948
Başakşehir,120,3.0,10.0,1700000.0,0.0,3.0,8,Doğalgaz,Emlakjet,1.0,6,38.70967741935484,1,4.795790545596741,1.3862943611198906,360.0,1200.0,2431092.380952381,0,0.0,0.3703703703703704,Başakşehir_3,1763308.2631578948
Başakşehir,136,3.0,4.0,2300000.0,0.0,3.0,8,Doğalgaz,Emlakjet,1.0,6,43.87096774193548,0,4.919980925828125,1.3862943611198906,408.0,544.0,2431092.380952381,0,0.0,0.3703703703703704,Başakşehir_3,1763308.2631578948
Başakşehir,135,2.0,3.0,2600000.0,0.0,3.0,8,Doğalgaz,Emlakjet,1.0,6,64.28571428571428,0,4.912654885736052,1.0986122886681098,270.0,405.0,2431092.380952381,0,0.0,0.3703703703703704,Başakşehir_2,1698500.0
Başakşehir,190,5.0,3.0,3000000.0,0.0,3.0,8,Doğalgaz,Emlakjet,1.0,6,37.254901960784316,0,5.25227342804663,1.791759469228055,950.0,570.0,2431092.380952381,0,0.0,0.3703703703703704,Başakşehir_5,3514039.1960784313
Başakşehir,360,6.0,13.0,4950000.0,0.0,3.0,8,Doğalgaz,Emlakjet,1.0,6,59.016393442622956,2,5.8888779583328805,1.9459101490553132,2160.0,4680.0,2431092.380952381,0,0.0,0.3703703703703704,Başakşehir_6,3410823.8095238097
Başakşehir,360,7.0,13.0,4950000.0,0.0,3.0,8,Doğalgaz,Emlakjet,1.0,6,50.70422535211268,2,5.8888779583328805,2.0794415416798357,2520.0,4680.0,2431092.380952381,0,0.0,0.3703703703703704,Başakşehir_7,4442499.9
Başakşehir,70,3.0,10.0,550000.0,0.0,3.0,8,Doğalgaz,Emlakjet,1.0,6,22.58064516129032,1,4.2626798770413155,1.3862943611198906,210.0,700.0,2431092.380952381,0,0.0,0.3703703703703704,Başakşehir_3,1763308.2631578948
Başakşehir,180,5.0,10.0,850000.0,0.0,3.0,8,Doğalgaz,Emlakjet,1.0,6,35.294117647058826,1,5.198497031265826,1.791759469228055,900.0,1800.0,2431092.380952381,0,0.0,0.3703703703703704,Başakşehir_5,3514039.1960784313
Başakşehir,130,4.0,10.0,1450000.0,0.0,3.0,8,Doğalgaz,Emlakjet,1.0,6,31.707317073170735,1,4.875197323201151,1.6094379124341003,520.0,1300.0,2431092.380952381,0,0.0,0.3703703703703704,Başakşehir_4,2361527.0240963856
Başakşehir,180,5.0,4.0,2000000.0,0.0,3.0,8,Doğalgaz,Emlakjet,1.0,6,35.294117647058826,0,5.198497031265826,1.791759469228055,900.0,720.0,2431092.380952381,0,0.0,0.3703703703703704,Başakşehir_5,3514039.1960784313
Başakşehir,208,5.0,4.0,5500000.0,0.0,3.0,8,Doğalgaz,Emlakjet,1.0,6,40.7843137254902,0,5.342334251964811,1.791759469228055,1040.0,832.0,2431092.380952381,0,0.0,0.3703703703703704,Başakşehir_5,3514039.1960784313
Başakşehir,155,3.0,3.0,2900000.0,0.0,3.0,8,Doğalgaz,Emlakjet,1.0,6,50.0,0,5.049856007249537,1.3862943611198906,465.0,465.0,2431092.380952381,0,0.0,0.3703703703703704,Başakşehir_3,1763308.2631578948
Başakşehir,140,4.0,13.0,1250000.0,0.0,3.0,8,Doğalgaz,Emlakjet,1.0,6,34.146341463414636,2,4.948759890378168,1.6094379124341003,560.0,1820.0,2431092.380952381,0,0.0,0.3703703703703704,Başakşehir_4,2361527.0240963856
Başakşehir,300,6.0,13.0,2550000.0,0.0,3.0,8,Doğalgaz,Emlakjet,1.0,6,49.18032786885246,2,5.707110264748875,1.9459101490553132,1800.0,3900.0,2431092.380952381,0,0.0,0.3703703703703704,Başakşehir_6,3410823.8095238097
Başakşehir,450,8.0,18.0,10000000.0,0.0,3.0,8,Doğalgaz,Emlakjet,1.0,6,55.55555555555556,2,6.111467339502679,2.1972245773362196,3600.0,8100.0,2431092.380952381,0,0.0,0.3703703703703704,Başakşehir_8,7433333.333333333
Başakşehir,130,4.0,4.0,2385000.0,0.0,3.0,8,Doğalgaz,Emlakjet,1.0,6,31.707317073170735,0,4.875197323201151,1.6094379124341003,520.0,520.0,2431092.380952381,0,0.0,0.3703703703703704,Başakşehir_4,2361527.0240963856
Başakşehir,90,3.0,13.0,1950000.0,0.0,3.0,8,Doğalgaz,Emlakjet,1.0,6,29.032258064516128,2,4.51085950651685,1.3862943611198906,270.0,1170.0,2431092.380952381,0,0.0,0.3703703703703704,Başakşehir_3,1763308.2631578948
Başakşehir,185,5.0,3.0,3000000.0,0.0,3.0,8,Doğalgaz,Emlakjet,1.0,6,36.27450980392157,0,5.225746673713202,1.791759469228055,925.0,555.0,2431092.380952381,0,0.0,0.3703703703703704,Başakşehir_5,3514039.1960784313
Başakşehir,77,2.0,2.0,1050000.0,0.0,3.0,8,Doğalgaz,Emlakjet,1.0,6,36.666666666666664,0,4.356708826689592,1.0986122886681098,154.0,154.0,2431092.380952381,0,0.0,0.3703703703703704,Başakşehir_2,1698500.0
Başakşehir,145,3.0,2.0,1650000.0,0.0,3.0,8,Doğalgaz,Emlakjet,1.0,6,46.774193548387096,0,4.983606621708336,1.3862943611198906,435.0,290.0,2431092.380952381,0,0.0,0.3703703703703704,Başakşehir_3,1763308.2631578948
Başakşehir,138,3.0,2.0,1670000.0,0.0,3.0,8,Doğalgaz,Emlakjet,1.0,6,44.516129032258064,0,4.9344739331306915,1.3862943611198906,414.0,276.0,2431092.380952381,0,0.0,0.3703703703703704,Başakşehir_3,1763308.2631578948
Başakşehir,79,2.0,10.0,1100000.0,0.0,3.0,8,Doğalgaz,Emlakjet,1.0,6,37.61904761904762,1,4.382026634673881,1.0986122886681098,158.0,790.0,2431092.380952381,0,0.0,0.3703703703703704,Başakşehir_2,1698500.0
Başakşehir,136,3.0,2.0,1950000.0,0.0,3.0,8,Doğalgaz,Emlakjet,1.0,6,43.87096774193548,0,4.919980925828125,1.3862943611198906,408.0,272.0,2431092.380952381,0,0.0,0.3703703703703704,Başakşehir_3,1763308.2631578948
Başakşehir,65,2.0,10.0,1800000.0,0.0,3.0,8,Doğalgaz,Emlakjet,1.0,6,30.952380952380953,1,4.189654742026425,1.0986122886681098,130.0,650.0,2431092.380952381,0,0.0,0.3703703703703704,Başakşehir_2,1698500.0
Başakşehir,106,3.0,10.0,1280000.0,0.0,3.0,8,Doğalgaz,Emlakjet,1.0,6,34.193548387096776,1,4.672828834461906,1.3862943611198906,318.0,1060.0,2431092.380952381,0,0.0,0.3703703703703704,Başakşehir_3,1763308.2631578948
Başakşehir,75,2.0,10.0,735000.0,0.0,3.0,8,Doğalgaz,Emlakjet,1.0,6,35.714285714285715,1,4.330733340286331,1.0986122886681098,150.0,750.0,2431092.380952381,0,0.0,0.3703703703703704,Başakşehir_2,1698500.0
Başakşehir,125,4.0,18.0,2250000.0,0.0,3.0,8,Doğalgaz,Emlakjet,1.0,6,30.487804878048784,2,4.836281906951478,1.6094379124341003,500.0,2250.0,2431092.380952381,0,0.0,0.3703703703703704,Başakşehir_4,2361527.0240963856
Başakşehir,127,3.0,3.0,1725000.0,0.0,3.0,8,Doğalgaz,Emlakjet,1.0,6,40.96774193548387,0,4.852030263919617,1.3862943611198906,381.0,381.0,2431092.380952381,0,0.0,0.3703703703703704,Başakşehir_3,1763308.2631578948
Başakşehir,274,6.0,10.0,8044300.0,0.0,3.0,8,Doğalgaz,Emlakjet,1.0,6,44.91803278688525,1,5.616771097666572,1.9459101490553132,1644.0,2740.0,2431092.380952381,0,0.0,0.3703703703703704,Başakşehir_6,3410823.8095238097
Başakşehir,85,3.0,4.0,585000.0,0.0,3.0,8,Doğalgaz,Emlakjet,1.0,6,27.419354838709676,0,4.454347296253507,1.3862943611198906,255.0,340.0,2431092.380952381,0,0.0,0.3703703703703704,Başakşehir_3,1763308.2631578948
Başakşehir,75,2.0,10.0,620000.0,0.0,3.0,8,Doğalgaz,Emlakjet,1.0,6,35.714285714285715,1,4.330733340286331,1.0986122886681098,150.0,750.0,2431092.380952381,0,0.0,0.3703703703703704,Başakşehir_2,1698500.0
Başakşehir,190,6.0,3.0,950000.0,0.0,3.0,8,Doğalgaz,Emlakjet,1.0,6,31.14754098360656,0,5.25227342804663,1.9459101490553132,1140.0,570.0,2431092.380952381,0,0.0,0.3703703703703704,Başakşehir_6,3410823.8095238097
Başakşehir,120,4.0,3.0,830000.0,0.0,3.0,8,Doğalgaz,Emlakjet,1.0,6,29.26829268292683,0,4.795790545596741,1.6094379124341003,480.0,360.0,2431092.380952381,0,0.0,0.3703703703703704,Başakşehir_4,2361527.0240963856
Başakşehir,70,2.0,10.0,1100000.0,0.0,3.0,8,Doğalgaz,Emlakjet,1.0,6,33.33333333333333,1,4.2626798770413155,1.0986122886681098,140.0,700.0,2431092.380952381,0,0.0,0.3703703703703704,Başakşehir_2,1698500.0
Başakşehir,74,2.0,3.0,1100000.0,0.0,3.0,8,Doğalgaz,Emlakjet,1.0,6,35.238095238095234,0,4.31748811353631,1.0986122886681098,148.0,222.0,2431092.380952381,0,0.0,0.3703703703703704,Başakşehir_2,1698500.0
Başakşehir,138,3.0,10.0,2150000.0,0.0,3.0,8,Doğalgaz,Emlakjet,1.0,6,44.516129032258064,1,4.9344739331306915,1.3862943611198906,414.0,1380.0,2431092.380952381,0,0.0,0.3703703703703704,Başakşehir_3,1763308.2631578948
Başakşehir,85,3.0,7.5,1190000.0,0.0,3.0,8,Doğalgaz,Emlakjet,1.0,6,27.419354838709676,1,4.454347296253507,1.3862943611198906,255.0,637.5,2431092.380952381,0,0.0,0.3703703703703704,Başakşehir_3,1763308.2631578948
Başakşehir,57,2.0,4.0,1320000.0,0.0,3.0,8,Doğalgaz,Emlakjet,1.0,6,27.142857142857142,0,4.060443010546419,1.0986122886681098,114.0,228.0,2431092.380952381,0,0.0,0.3703703703703704,Başakşehir_2,1698500.0
Başakşehir,181,4.0,4.0,4400000.0,0.0,3.0,8,Doğalgaz,Emlakjet,1.0,6,44.146341463414636,0,5.204006687076795,1.6094379124341003,724.0,724.0,2431092.380952381,0,0.0,0.3703703703703704,Başakşehir_4,2361527.0240963856
Başakşehir,198,5.0,3.0,3000000.0,0.0,3.0,8,Doğalgaz,Emlakjet,1.0,6,38.82352941176471,0,5.293304824724492,1.791759469228055,990.0,594.0,2431092.380952381,0,0.0,0.3703703703703704,Başakşehir_5,3514039.1960784313
Başakşehir,170,4.0,3.0,3000000.0,0.0,3.0,8,Doğalgaz,Emlakjet,1.0,6,41.463414634146346,0,5.14166355650266,1.6094379124341003,680.0,510.0,2431092.380952381,0,0.0,0.3703703703703704,Başakşehir_4,2361527.0240963856
Başakşehir,198,5.0,4.0,3600000.0,0.0,3.0,8,Doğalgaz,Emlakjet,1.0,6,38.82352941176471,0,5.293304824724492,1.791759469228055,990.0,792.0,2431092.380952381,0,0.0,0.3703703703703704,Başakşehir_5,3514039.1960784313
Başakşehir,85,3.0,13.0,995000.0,0.0,3.0,8,Doğalgaz,Emlakjet,1.0,6,27.419354838709676,2,4.454347296253507,1.3862943611198906,255.0,1105.0,2431092.380952381,0,0.0,0.3703703703703704,Başakşehir_3,1763308.2631578948
Başakşehir,167,4.0,3.0,3090000.0,0.0,3.0,8,Doğalgaz,Emlakjet,1.0,6,40.73170731707317,0,5.123963979403259,1.6094379124341003,668.0,501.0,2431092.380952381,0,0.0,0.3703703703703704,Başakşehir_4,2361527.0240963856
Başakşehir,83,3.0,10.0,560000.0,0.0,3.0,8,Doğalgaz,Emlakjet,1.0,6,26.774193548387096,1,4.430816798843313,1.3862943611198906,249.0,830.0,2431092.380952381,0,0.0,0.3703703703703704,Başakşehir_3,1763308.2631578948
Başakşehir,62,2.0,4.0,700000.0,0.0,3.0,8,Doğalgaz,Emlakjet,1.0,6,29.523809523809522,0,4.143134726391533,1.0986122886681098,124.0,248.0,2431092.380952381,0,0.0,0.3703703703703704,Başakşehir_2,1698500.0
Başakşehir,69,2.0,10.0,1750000.0,0.0,3.0,8,Doğalgaz,Emlakjet,1.0,6,32.857142857142854,1,4.248495242049359,1.0986122886681098,138.0,690.0,2431092.380952381,0,0.0,0.3703703703703704,Başakşehir_2,1698500.0
Başakşehir,85,3.0,13.0,1235000.0,0.0,3.0,8,Doğalgaz,Emlakjet,1.0,6,27.419354838709676,2,4.454347296253507,1.3862943611198906,255.0,1105.0,2431092.380952381,0,0.0,0.3703703703703704,Başakşehir_3,1763308.2631578948
Başakşehir,200,5.0,1.0,985000.0,0.0,3.0,8,Doğalgaz,Emlakjet,1.0,6,39.21568627450981,0,5.303304908059076,1.791759469228055,1000.0,200.0,2431092.380952381,0,0.0,0.3703703703703704,Başakşehir_5,3514039.1960784313
Başakşehir,200,6.0,10.0,1095000.0,0.0,3.0,8,Doğalgaz,Emlakjet,1.0,6,32.786885245901644,1,5.303304908059076,1.9459101490553132,1200.0,2000.0,2431092.380952381,0,0.0,0.3703703703703704,Başakşehir_6,3410823.8095238097
Başakşehir,100,3.0,1.0,640000.0,0.0,3.0,8,Doğalgaz,Emlakjet,1.0,6,32.25806451612903,0,4.61512051684126,1.3862943611198906,300.0,100.0,2431092.380952381,0,0.0,0.3703703703703704,Başakşehir_3,1763308.2631578948
Başakşehir,130,3.0,18.0,900000.0,0.0,3.0,8,Doğalgaz,Emlakjet,1.0,6,41.935483870967744,2,4.875197323201151,1.3862943611198906,390.0,2340.0,2431092.380952381,0,0.0,0.3703703703703704,Başakşehir_3,1763308.2631578948
Başakşehir,85,3.0,7.5,1130000.0,0.0,3.0,8,Doğalgaz,Emlakjet,1.0,6,27.419354838709676,1,4.454347296253507,1.3862943611198906,255.0,637.5,2431092.380952381,0,0.0,0.3703703703703704,Başakşehir_3,1763308.2631578948
Başakşehir,85,3.0,7.5,1075000.0,0.0,3.0,8,Doğalgaz,Emlakjet,1.0,6,27.419354838709676,1,4.454347296253507,1.3862943611198906,255.0,637.5,2431092.380952381,0,0.0,0.3703703703703704,Başakşehir_3,1763308.2631578948
Başakşehir,100,3.0,2.0,730000.0,0.0,3.0,8,Doğalgaz,Emlakjet,1.0,6,32.25806451612903,0,4.61512051684126,1.3862943611198906,300.0,200.0,2431092.380952381,0,0.0,0.3703703703703704,Başakşehir_3,1763308.2631578948
Başakşehir,90,3.0,2.0,690000.0,0.0,3.0,8,Doğalgaz,Emlakjet,1.0,6,29.032258064516128,0,4.51085950651685,1.3862943611198906,270.0,180.0,2431092.380952381,0,0.0,0.3703703703703704,Başakşehir_3,1763308.2631578948
Başakşehir,197,5.0,10.0,4800000.0,0.0,3.0,8,Doğalgaz,Emlakjet,1.0,6,38.62745098039216,1,5.288267030694535,1.791759469228055,985.0,1970.0,2431092.380952381,0,0.0,0.3703703703703704,Başakşehir_5,3514039.1960784313
Başakşehir,135,3.0,3.0,2130000.0,0.0,3.0,8,Doğalgaz,Emlakjet,1.0,6,43.54838709677419,0,4.912654885736052,1.3862943611198906,405.0,405.0,2431092.380952381,0,0.0,0.3703703703703704,Başakşehir_3,1763308.2631578948
Başakşehir,150,4.0,7.5,2600000.0,0.0,3.0,8,Doğalgaz,Emlakjet,1.0,6,36.58536585365854,1,5.017279836814924,1.6094379124341003,600.0,1125.0,2431092.380952381,0,0.0,0.3703703703703704,Başakşehir_4,2361527.0240963856
Başakşehir,90,3.0,18.0,1200000.0,0.0,3.0,8,Doğalgaz,Emlakjet,1.0,6,29.032258064516128,2,4.51085950651685,1.3862943611198906,270.0,1620.0,2431092.380952381,0,0.0,0.3703703703703704,Başakşehir_3,1763308.2631578948
Başakşehir,110,3.0,10.0,430000.0,0.0,3.0,8,Doğalgaz,Emlakjet,1.0,6,35.483870967741936,1,4.709530201312334,1.3862943611198906,330.0,1100.0,2431092.380952381,0,0.0,0.3703703703703704,Başakşehir_3,1763308.2631578948
Başakşehir,118,4.0,4.0,1700000.0,0.0,3.0,8,Doğalgaz,Emlakjet,1.0,6,28.780487804878053,0,4.77912349311153,1.6094379124341003,472.0,472.0,2431092.380952381,0,0.0,0.3703703703703704,Başakşehir_4,2361527.0240963856
Başakşehir,460,9.0,7.5,4600000.0,0.0,3.0,8,Doğalgaz,Emlakjet,1.0,6,50.549450549450555,1,6.133398042996649,2.302585092994046,4140.0,3450.0,2431092.380952381,0,0.0,0.3703703703703704,Başakşehir_9,4800000.0
Başakşehir,76,2.0,10.0,950000.0,0.0,3.0,8,Doğalgaz,Emlakjet,1.0,6,36.19047619047619,1,4.343805421853684,1.0986122886681098,152.0,760.0,2431092.380952381,0,0.0,0.3703703703703704,Başakşehir_2,1698500.0
Başakşehir,77,2.0,10.0,1070000.0,0.0,3.0,8,Doğalgaz,Emlakjet,1.0,6,36.666666666666664,1,4.356708826689592,1.0986122886681098,154.0,770.0,2431092.380952381,0,0.0,0.3703703703703704,Başakşehir_2,1698500.0
Başakşehir,77,2.0,10.0,1100000.0,0.0,3.0,8,Doğalgaz,Emlakjet,1.0,6,36.666666666666664,1,4.356708826689592,1.0986122886681098,154.0,770.0,2431092.380952381,0,0.0,0.3703703703703704,Başakşehir_2,1698500.0
Başakşehir,100,3.0,10.0,595000.0,0.0,3.0,8,Doğalgaz,Emlakjet,1.0,6,32.25806451612903,1,4.61512051684126,1.3862943611198906,300.0,1000.0,2431092.380952381,0,0.0,0.3703703703703704,Başakşehir_3,1763308.2631578948
Başakşehir,180,5.0,10.0,965000.0,0.0,3.0,8,Doğalgaz,Emlakjet,1.0,6,35.294117647058826,1,5.198497031265826,1.791759469228055,900.0,1800.0,2431092.380952381,0,0.0,0.3703703703703704,Başakşehir_5,3514039.1960784313
Başakşehir,119,4.0,7.5,1350000.0,0.0,3.0,8,Doğalgaz,Emlakjet,1.0,6,29.02439024390244,1,4.787491742782046,1.6094379124341003,476.0,892.5,2431092.380952381,0,0.0,0.3703703703703704,Başakşehir_4,2361527.0240963856
Başakşehir,105,3.0,7.5,1260000.0,0.0,3.0,8,Doğalgaz,Emlakjet,1.0,6,33.87096774193548,1,4.663439094112067,1.3862943611198906,315.0,787.5,2431092.380952381,0,0.0,0.3703703703703704,Başakşehir_3,1763308.2631578948
Başakşehir,95,3.0,10.0,585000.0,0.0,3.0,8,Doğalgaz,Emlakjet,1.0,6,30.64516129032258,1,4.564348191467836,1.3862943611198906,285.0,950.0,2431092.380952381,0,0.0,0.3703703703703704,Başakşehir_3,1763308.2631578948
Başakşehir,110,3.0,10.0,798000.0,0.0,3.0,8,Doğalgaz,Emlakjet,1.0,6,35.483870967741936,1,4.709530201312334,1.3862943611198906,330.0,1100.0,2431092.380952381,0,0.0,0.3703703703703704,Başakşehir_3,1763308.2631578948
Başakşehir,177,4.0,4.0,1850000.0,0.0,3.0,8,Doğalgaz,Emlakjet,1.0,6,43.170731707317074,0,5.181783550292085,1.6094379124341003,708.0,708.0,2431092.380952381,0,0.0,0.3703703703703704,Başakşehir_4,2361527.0240963856
Başakşehir,77,2.0,10.0,1000000.0,0.0,3.0,8,Doğalgaz,Emlakjet,1.0,6,36.666666666666664,1,4.356708826689592,1.0986122886681098,154.0,770.0,2431092.380952381,0,0.0,0.3703703703703704,Başakşehir_2,1698500.0
Başakşehir,202,5.0,4.0,3000000.0,0.0,3.0,8,Doğalgaz,Emlakjet,1.0,6,39.6078431372549,0,5.313205979041787,1.791759469228055,1010.0,808.0,2431092.380952381,0,0.0,0.3703703703703704,Başakşehir_5,3514039.1960784313
Başakşehir,225,6.0,2.0,6500000.0,0.0,3.0,8,Doğalgaz,Emlakjet,1.0,6,36.885245901639344,0,5.420534999272286,1.9459101490553132,1350.0,450.0,2431092.380952381,0,0.0,0.3703703703703704,Başakşehir_6,3410823.8095238097
Başakşehir,136,3.0,7.5,2350000.0,0.0,3.0,8,Doğalgaz,Emlakjet,1.0,6,43.87096774193548,1,4.919980925828125,1.3862943611198906,408.0,1020.0,2431092.380952381,0,0.0,0.3703703703703704,Başakşehir_3,1763308.2631578948
Başakşehir,84,3.0,4.0,1180000.0,0.0,3.0,8,Doğalgaz,Emlakjet,1.0,6,27.096774193548388,0,4.442651256490317,1.3862943611198906,252.0,336.0,2431092.380952381,0,0.0,0.3703703703703704,Başakşehir_3,1763308.2631578948
Başakşehir,158,3.0,4.0,1650000.0,0.0,3.0,8,Doğalgaz,Emlakjet,1.0,6,50.96774193548387,0,5.0689042022202315,1.3862943611198906,474.0,632.0,2431092.380952381,0,0.0,0.3703703703703704,Başakşehir_3,1763308.2631578948
Başakşehir,181,4.0,4.0,4400000.0,0.0,3.0,8,Doğalgaz,Emlakjet,1.0,6,44.146341463414636,0,5.204006687076795,1.6094379124341003,724.0,724.0,2431092.380952381,0,0.0,0.3703703703703704,Başakşehir_4,2361527.0240963856
Başakşehir,160,4.0,7.5,3500000.0,0.0,3.0,8,Doğalgaz,Emlakjet,1.0,6,39.024390243902445,1,5.081404364984463,1.6094379124341003,640.0,1200.0,2431092.380952381,0,0.0,0.3703703703703704,Başakşehir_4,2361527.0240963856
Başakşehir,202,5.0,7.5,4000000.0,0.0,3.0,8,Doğalgaz,Emlakjet,1.0,6,39.6078431372549,1,5.313205979041787,1.791759469228055,1010.0,1515.0,2431092.380952381,0,0.0,0.3703703703703704,Başakşehir_5,3514039.1960784313
Başakşehir,110,3.0,10.0,775000.0,0.0,3.0,8,Doğalgaz,Emlakjet,1.0,6,35.483870967741936,1,4.709530201312334,1.3862943611198906,330.0,1100.0,2431092.380952381,0,0.0,0.3703703703703704,Başakşehir_3,1763308.2631578948
Başakşehir,95,3.0,10.0,740000.0,0.0,3.0,8,Doğalgaz,Emlakjet,1.0,6,30.64516129032258,1,4.564348191467836,1.3862943611198906,285.0,950.0,2431092.380952381,0,0.0,0.3703703703703704,Başakşehir_3,1763308.2631578948
Başakşehir,100,3.0,7.5,650000.0,0.0,3.0,8,Doğalgaz,Emlakjet,1.0,6,32.25806451612903,1,4.61512051684126,1.3862943611198906,300.0,750.0,2431092.380952381,0,0.0,0.3703703703703704,Başakşehir_3,1763308.2631578948
Başakşehir,135,3.0,3.0,2295000.0,0.0,3.0,8,Doğalgaz,Emlakjet,1.0,6,43.54838709677419,0,4.912654885736052,1.3862943611198906,405.0,405.0,2431092.380952381,0,0.0,0.3703703703703704,Başakşehir_3,1763308.2631578948
Başakşehir,100,3.0,10.0,775000.0,0.0,3.0,8,Doğalgaz,Emlakjet,1.0,6,32.25806451612903,1,4.61512051684126,1.3862943611198906,300.0,1000.0,2431092.380952381,0,0.0,0.3703703703703704,Başakşehir_3,1763308.2631578948
Başakşehir,165,5.0,10.0,1065000.0,0.0,3.0,8,Doğalgaz,Emlakjet,1.0,6,32.35294117647059,1,5.111987788356544,1.791759469228055,825.0,1650.0,2431092.380952381,0,0.0,0.3703703703703704,Başakşehir_5,3514039.1960784313
Başakşehir,110,3.0,10.0,825000.0,0.0,3.0,8,Doğalgaz,Emlakjet,1.0,6,35.483870967741936,1,4.709530201312334,1.3862943611198906,330.0,1100.0,2431092.380952381,0,0.0,0.3703703703703704,Başakşehir_3,1763308.2631578948
Başakşehir,242,6.0,1.0,5000000.0,0.0,3.0,8,Doğalgaz,Emlakjet,1.0,6,39.67213114754099,0,5.493061443340548,1.9459101490553132,1452.0,242.0,2431092.380952381,0,0.0,0.3703703703703704,Başakşehir_6,3410823.8095238097
Başakşehir,119,3.0,4.0,1500000.0,0.0,3.0,8,Doğalgaz,Emlakjet,1.0,6,38.387096774193544,0,4.787491742782046,1.3862943611198906,357.0,476.0,2431092.380952381,0,0.0,0.3703703703703704,Başakşehir_3,1763308.2631578948
Başakşehir,128,3.0,7.5,2550000.0,0.0,3.0,8,Doğalgaz,Emlakjet,1.0,6,41.29032258064516,1,4.859812404361672,1.3862943611198906,384.0,960.0,2431092.380952381,0,0.0,0.3703703703703704,Başakşehir_3,1763308.2631578948
Başakşehir,110,3.0,2.0,2550000.0,0.0,3.0,8,Doğalgaz,Emlakjet,1.0,6,35.483870967741936,0,4.709530201312334,1.3862943611198906,330.0,220.0,2431092.380952381,0,0.0,0.3703703703703704,Başakşehir_3,1763308.2631578948
Başakşehir,48,2.0,7.5,580000.0,0.0,3.0,8,Doğalgaz,Emlakjet,1.0,6,22.857142857142858,1,3.8918202981106265,1.0986122886681098,96.0,360.0,2431092.380952381,0,0.0,0.3703703703703704,Başakşehir_2,1698500.0
Başakşehir,108,3.0,4.0,1930000.0,0.0,3.0,8,Doğalgaz,Emlakjet,1.0,6,34.83870967741935,0,4.6913478822291435,1.3862943611198906,324.0,432.0,2431092.380952381,0,0.0,0.3703703703703704,Başakşehir_3,1763308.2631578948
Başakşehir,135,4.0,7.5,2400000.0,0.0,3.0,8,Doğalgaz,Emlakjet,1.0,6,32.926829268292686,1,4.912654885736052,1.6094379124341003,540.0,1012.5,2431092.380952381,0,0.0,0.3703703703703704,Başakşehir_4,2361527.0240963856
Başakşehir,118,4.0,4.0,1500000.0,0.0,3.0,8,Doğalgaz,Emlakjet,1.0,6,28.780487804878053,0,4.77912349311153,1.6094379124341003,472.0,472.0,2431092.380952381,0,0.0,0.3703703703703704,Başakşehir_4,2361527.0240963856
Başakşehir,168,4.0,3.0,2560000.0,0.0,3.0,8,Doğalgaz,Emlakjet,1.0,6,40.97560975609756,0,5.1298987149230735,1.6094379124341003,672.0,504.0,2431092.380952381,0,0.0,0.3703703703703704,Başakşehir_4,2361527.0240963856
Başakşehir,178,4.0,4.0,3199999.0,0.0,3.0,8,Doğalgaz,Emlakjet,1.0,6,43.41463414634147,0,5.187385805840755,1.6094379124341003,712.0,712.0,2431092.380952381,0,0.0,0.3703703703703704,Başakşehir_4,2361527.0240963856
Başakşehir,200,5.0,7.5,3149000.0,0.0,3.0,8,Doğalgaz,Emlakjet,1.0,6,39.21568627450981,1,5.303304908059076,1.791759469228055,1000.0,1500.0,2431092.380952381,0,0.0,0.3703703703703704,Başakşehir_5,3514039.1960784313
Başakşehir,188,4.0,2.0,2499000.0,0.0,3.0,8,Doğalgaz,Emlakjet,1.0,6,45.85365853658537,0,5.241747015059643,1.6094379124341003,752.0,376.0,2431092.380952381,0,0.0,0.3703703703703704,Başakşehir_4,2361527.0240963856
Başakşehir,126,3.0,4.0,2250000.0,0.0,3.0,8,Doğalgaz,Emlakjet,1.0,6,40.64516129032258,0,4.844187086458591,1.3862943611198906,378.0,504.0,2431092.380952381,0,0.0,0.3703703703703704,Başakşehir_3,1763308.2631578948
Başakşehir,105,3.0,7.5,1650000.0,0.0,3.0,8,Doğalgaz,Emlakjet,1.0,6,33.87096774193548,1,4.663439094112067,1.3862943611198906,315.0,787.5,2431092.380952381,0,0.0,0.3703703703703704,Başakşehir_3,1763308.2631578948
Başakşehir,85,3.0,7.5,800000.0,0.0,3.0,8,Doğalgaz,Emlakjet,1.0,6,27.419354838709676,1,4.454347296253507,1.3862943611198906,255.0,637.5,2431092.380952381,0,0.0,0.3703703703703704,Başakşehir_3,1763308.2631578948
Başakşehir,160,4.0,2.0,2230000.0,0.0,3.0,8,Doğalgaz,Emlakjet,1.0,6,39.024390243902445,0,5.081404364984463,1.6094379124341003,640.0,320.0,2431092.380952381,0,0.0,0.3703703703703704,Başakşehir_4,2361527.0240963856
Başakşehir,95,3.0,10.0,680000.0,0.0,3.0,8,Doğalgaz,Emlakjet,1.0,6,30.64516129032258,1,4.564348191467836,1.3862943611198906,285.0,950.0,2431092.380952381,0,0.0,0.3703703703703704,Başakşehir_3,1763308.2631578948
Başakşehir,140,4.0,7.5,1825000.0,0.0,3.0,8,Doğalgaz,Emlakjet,1.0,6,34.146341463414636,1,4.948759890378168,1.6094379124341003,560.0,1050.0,2431092.380952381,0,0.0,0.3703703703703704,Başakşehir_4,2361527.0240963856
Başakşehir,185,4.0,10.0,2850000.0,0.0,3.0,8,Doğalgaz,Emlakjet,1.0,6,45.1219512195122,1,5.225746673713202,1.6094379124341003,740.0,1850.0,2431092.380952381,0,0.0,0.3703703703703704,Başakşehir_4,2361527.0240963856
Başakşehir,216,5.0,10.0,2300000.0,0.0,3.0,8,Doğalgaz,Emlakjet,1.0,6,42.352941176470594,1,5.37989735354046,1.791759469228055,1080.0,2160.0,2431092.380952381,0,0.0,0.3703703703703704,Başakşehir_5,3514039.1960784313
Başakşehir,145,4.0,7.5,2225000.0,0.0,3.0,8,Doğalgaz,Emlakjet,1.0,6,35.36585365853659,1,4.983606621708336,1.6094379124341003,580.0,1087.5,2431092.380952381,0,0.0,0.3703703703703704,Başakşehir_4,2361527.0240963856
Başakşehir,135,3.0,3.0,3545000.0,0.0,3.0,8,Doğalgaz,Emlakjet,1.0,6,43.54838709677419,0,4.912654885736052,1.3862943611198906,405.0,405.0,2431092.380952381,0,0.0,0.3703703703703704,Başakşehir_3,1763308.2631578948
Başakşehir,181,4.0,7.5,3850000.0,0.0,3.0,8,Doğalgaz,Emlakjet,1.0,6,44.146341463414636,1,5.204006687076795,1.6094379124341003,724.0,1357.5,2431092.380952381,0,0.0,0.3703703703703704,Başakşehir_4,2361527.0240963856
Başakşehir,174,4.0,7.5,3900000.0,0.0,3.0,8,Doğalgaz,Emlakjet,1.0,6,42.43902439024391,1,5.1647859739235145,1.6094379124341003,696.0,1305.0,2431092.380952381,0,0.0,0.3703703703703704,Başakşehir_4,2361527.0240963856
Başakşehir,126,3.0,7.5,2100000.0,0.0,3.0,8,Doğalgaz,Emlakjet,1.0,6,40.64516129032258,1,4.844187086458591,1.3862943611198906,378.0,945.0,2431092.380952381,0,0.0,0.3703703703703704,Başakşehir_3,1763308.2631578948
Başakşehir,200,5.0,4.0,4000000.0,0.0,3.0,8,Doğalgaz,Emlakjet,1.0,6,39.21568627450981,0,5.303304908059076,1.791759469228055,1000.0,800.0,2431092.380952381,0,0.0,0.3703703703703704,Başakşehir_5,3514039.1960784313
Başakşehir,126,3.0,7.5,2795000.0,0.0,3.0,8,Doğalgaz,Emlakjet,1.0,6,40.64516129032258,1,4.844187086458591,1.3862943611198906,378.0,945.0,2431092.380952381,0,0.0,0.3703703703703704,Başakşehir_3,1763308.2631578948
Başakşehir,100,3.0,7.5,1850000.0,0.0,3.0,8,Doğalgaz,Emlakjet,1.0,6,32.25806451612903,1,4.61512051684126,1.3862943611198906,300.0,750.0,2431092.380952381,0,0.0,0.3703703703703704,Başakşehir_3,1763308.2631578948
Başakşehir,154,4.0,4.0,2699999.0,0.0,3.0,8,Doğalgaz,Emlakjet,1.0,6,37.5609756097561,0,5.043425116919247,1.6094379124341003,616.0,616.0,2431092.380952381,0,0.0,0.3703703703703704,Başakşehir_4,2361527.0240963856
Başakşehir,205,5.0,7.5,3700000.0,0.0,3.0,8,Doğalgaz,Emlakjet,1.0,6,40.19607843137255,1,5.327876168789581,1.791759469228055,1025.0,1537.5,2431092.380952381,0,0.0,0.3703703703703704,Başakşehir_5,3514039.1960784313
Başakşehir,170,4.0,7.5,2575000.0,0.0,3.0,8,Doğalgaz,Emlakjet,1.0,6,41.463414634146346,1,5.14166355650266,1.6094379124341003,680.0,1275.0,2431092.380952381,0,0.0,0.3703703703703704,Başakşehir_4,2361527.0240963856
Başakşehir,189,5.0,4.0,3999999.0,0.0,3.0,8,Doğalgaz,Emlakjet,1.0,6,37.05882352941177,0,5.247024072160486,1.791759469228055,945.0,756.0,2431092.380952381,0,0.0,0.3703703703703704,Başakşehir_5,3514039.1960784313
Başakşehir,186,5.0,3.0,3100000.0,0.0,3.0,8,Doğalgaz,Emlakjet,1.0,6,36.47058823529412,0,5.231108616854587,1.791759469228055,930.0,558.0,2431092.380952381,0,0.0,0.3703703703703704,Başakşehir_5,3514039.1960784313
Başakşehir,125,3.0,7.5,2300000.0,0.0,3.0,8,Doğalgaz,Emlakjet,1.0,6,40.32258064516129,1,4.836281906951478,1.3862943611198906,375.0,937.5,2431092.380952381,0,0.0,0.3703703703703704,Başakşehir_3,1763308.2631578948
Başakşehir,85,3.0,7.5,998000.0,0.0,3.0,8,Doğalgaz,Emlakjet,1.0,6,27.419354838709676,1,4.454347296253507,1.3862943611198906,255.0,637.5,2431092.380952381,0,0.0,0.3703703703703704,Başakşehir_3,1763308.2631578948
Başakşehir,85,3.0,7.5,1120000.0,0.0,3.0,8,Doğalgaz,Emlakjet,1.0,6,27.419354838709676,1,4.454347296253507,1.3862943611198906,255.0,637.5,2431092.380952381,0,0.0,0.3703703703703704,Başakşehir_3,1763308.2631578948
Başakşehir,118,4.0,7.5,1550000.0,0.0,3.0,8,Doğalgaz,Emlakjet,1.0,6,28.780487804878053,1,4.77912349311153,1.6094379124341003,472.0,885.0,2431092.380952381,0,0.0,0.3703703703703704,Başakşehir_4,2361527.0240963856
Başakşehir,92,3.0,7.5,1285000.0,0.0,3.0,8,Doğalgaz,Emlakjet,1.0,6,29.677419354838708,1,4.532599493153256,1.3862943611198906,276.0,690.0,2431092.380952381,0,0.0,0.3703703703703704,Başakşehir_3,1763308.2631578948
Başakşehir,300,5.0,3.0,7350000.0,0.0,3.0,8,Doğalgaz,Emlakjet,1.0,6,58.82352941176471,0,5.707110264748875,1.791759469228055,1500.0,900.0,2431092.380952381,0,0.0,0.3703703703703704,Başakşehir_5,3514039.1960784313
Başakşehir,310,6.0,1.0,6000000.0,0.0,3.0,8,Doğalgaz,Emlakjet,1.0,6,50.81967213114754,0,5.739792912179234,1.9459101490553132,1860.0,310.0,2431092.380952381,0,0.0,0.3703703703703704,Başakşehir_6,3410823.8095238097
Başakşehir,365,9.0,18.0,6000000.0,0.0,3.0,8,Doğalgaz,Emlakjet,1.0,6,40.10989010989011,2,5.902633333401366,2.302585092994046,3285.0,6570.0,2431092.380952381,0,0.0,0.3703703703703704,Başakşehir_9,4800000.0
Başakşehir,180,4.0,3.0,3000000.0,0.0,3.0,8,Doğalgaz,Emlakjet,1.0,6,43.90243902439025,0,5.198497031265826,1.6094379124341003,720.0,540.0,2431092.380952381,0,0.0,0.3703703703703704,Başakşehir_4,2361527.0240963856
Başakşehir,95,3.0,3.0,425000.0,0.0,3.0,8,Doğalgaz,Emlakjet,1.0,6,30.64516129032258,0,4.564348191467836,1.3862943611198906,285.0,285.0,2431092.380952381,0,0.0,0.3703703703703704,Başakşehir_3,1763308.2631578948
Başakşehir,90,2.0,10.0,1080000.0,0.0,3.0,8,Doğalgaz,Emlakjet,1.0,6,42.857142857142854,1,4.51085950651685,1.0986122886681098,180.0,900.0,2431092.380952381,0,0.0,0.3703703703703704,Başakşehir_2,1698500.0
Başakşehir,120,3.0,2.0,1400000.0,0.0,3.0,8,Doğalgaz,Emlakjet,1.0,6,38.70967741935484,0,4.795790545596741,1.3862943611198906,360.0,240.0,2431092.380952381,0,0.0,0.3703703703703704,Başakşehir_3,1763308.2631578948
Başakşehir,360,7.0,13.0,7100000.0,0.0,3.0,8,Doğalgaz,Emlakjet,1.0,6,50.70422535211268,2,5.8888779583328805,2.0794415416798357,2520.0,4680.0,2431092.380952381,0,0.0,0.3703703703703704,Başakşehir_7,4442499.9
Başakşehir,105,3.0,4.0,1620000.0,0.0,3.0,8,Doğalgaz,Emlakjet,1.0,6,33.87096774193548,0,4.663439094112067,1.3862943611198906,315.0,420.0,2431092.380952381,0,0.0,0.3703703703703704,Başakşehir_3,1763308.2631578948
Başakşehir,432,5.0,10.0,6250000.0,0.0,3.0,8,Doğalgaz,Emlakjet,1.0,6,84.70588235294119,1,6.07073772800249,1.791759469228055,2160.0,4320.0,2431092.380952381,0,0.0,0.3703703703703704,Başakşehir_5,3514039.1960784313
Başakşehir,102,3.0,7.5,1400000.0,0.0,3.0,8,Doğalgaz,Emlakjet,1.0,6,32.90322580645161,1,4.634728988229636,1.3862943611198906,306.0,765.0,2431092.380952381,0,0.0,0.3703703703703704,Başakşehir_3,1763308.2631578948
Başakşehir,118,4.0,13.0,1300000.0,0.0,3.0,8,Doğalgaz,Emlakjet,1.0,6,28.780487804878053,2,4.77912349311153,1.6094379124341003,472.0,1534.0,2431092.380952381,0,0.0,0.3703703703703704,Başakşehir_4,2361527.0240963856
Başakşehir,208,5.0,4.0,5500000.0,0.0,3.0,8,Doğalgaz,Emlakjet,1.0,6,40.7843137254902,0,5.342334251964811,1.791759469228055,1040.0,832.0,2431092.380952381,0,0.0,0.3703703703703704,Başakşehir_5,3514039.1960784313
Başakşehir,162,4.0,10.0,3125000.0,0.0,3.0,8,Doğalgaz,Emlakjet,1.0,6,39.51219512195122,1,5.093750200806762,1.6094379124341003,648.0,1620.0,2431092.380952381,0,0.0,0.3703703703703704,Başakşehir_4,2361527.0240963856
Başakşehir,174,4.0,7.5,2850000.0,0.0,3.0,8,Doğalgaz,Emlakjet,1.0,6,42.43902439024391,1,5.1647859739235145,1.6094379124341003,696.0,1305.0,2431092.380952381,0,0.0,0.3703703703703704,Başakşehir_4,2361527.0240963856
Başakşehir,127,4.0,4.0,1500000.0,0.0,3.0,8,Doğalgaz,Emlakjet,1.0,6,30.975609756097565,0,4.852030263919617,1.6094379124341003,508.0,508.0,2431092.380952381,0,0.0,0.3703703703703704,Başakşehir_4,2361527.0240963856
Başakşehir,190,5.0,7.5,3750000.0,0.0,3.0,8,Doğalgaz,Emlakjet,1.0,6,37.254901960784316,1,5.25227342804663,1.791759469228055,950.0,1425.0,2431092.380952381,0,0.0,0.3703703703703704,Başakşehir_5,3514039.1960784313
Başakşehir,110,3.0,13.0,1550000.0,0.0,3.0,8,Doğalgaz,Emlakjet,1.0,6,35.483870967741936,2,4.709530201312334,1.3862943611198906,330.0,1430.0,2431092.380952381,0,0.0,0.3703703703703704,Başakşehir_3,1763308.2631578948
Başakşehir,105,3.0,7.5,1600000.0,0.0,3.0,8,Doğalgaz,Emlakjet,1.0,6,33.87096774193548,1,4.663439094112067,1.3862943611198906,315.0,787.5,2431092.380952381,0,0.0,0.3703703703703704,Başakşehir_3,1763308.2631578948
Başakşehir,68,3.0,7.5,760000.0,0.0,3.0,8,Doğalgaz,Emlakjet,1.0,6,21.93548387096774,1,4.23410650459726,1.3862943611198906,204.0,510.0,2431092.380952381,0,0.0,0.3703703703703704,Başakşehir_3,1763308.2631578948
Başakşehir,177,4.0,7.5,1760000.0,0.0,3.0,8,Doğalgaz,Emlakjet,1.0,6,43.170731707317074,1,5.181783550292085,1.6094379124341003,708.0,1327.5,2431092.380952381,0,0.0,0.3703703703703704,Başakşehir_4,2361527.0240963856
Başakşehir,149,4.0,18.0,1650000.0,0.0,3.0,8,Doğalgaz,Emlakjet,1.0,6,36.34146341463415,2,5.0106352940962555,1.6094379124341003,596.0,2682.0,2431092.380952381,0,0.0,0.3703703703703704,Başakşehir_4,2361527.0240963856
Başakşehir,180,3.0,3.0,785000.0,0.0,3.0,8,Doğalgaz,Emlakjet,1.0,6,58.064516129032256,0,5.198497031265826,1.3862943611198906,540.0,540.0,2431092.380952381,0,0.0,0.3703703703703704,Başakşehir_3,1763308.2631578948
Başakşehir,95,3.0,10.0,765000.0,0.0,3.0,8,Doğalgaz,Emlakjet,1.0,6,30.64516129032258,1,4.564348191467836,1.3862943611198906,285.0,950.0,2431092.380952381,0,0.0,0.3703703703703704,Başakşehir_3,1763308.2631578948
Başakşehir,146,3.0,7.5,3100000.0,0.0,3.0,8,Doğalgaz,Emlakjet,1.0,6,47.096774193548384,1,4.990432586778736,1.3862943611198906,438.0,1095.0,2431092.380952381,0,0.0,0.3703703703703704,Başakşehir_3,1763308.2631578948
Başakşehir,159,3.0,1.0,3750000.0,0.0,3.0,8,Doğalgaz,Emlakjet,1.0,6,51.29032258064516,0,5.075173815233827,1.3862943611198906,477.0,159.0,2431092.380952381,0,0.0,0.3703703703703704,Başakşehir_3,1763308.2631578948
Başakşehir,130,3.0,10.0,1200000.0,0.0,3.0,8,Doğalgaz,Emlakjet,1.0,6,41.935483870967744,1,4.875197323201151,1.3862943611198906,390.0,1300.0,2431092.380952381,0,0.0,0.3703703703703704,Başakşehir_3,1763308.2631578948
Başakşehir,195,4.0,10.0,7500000.0,0.0,3.0,8,Doğalgaz,Emlakjet,1.0,6,47.5609756097561,1,5.278114659230517,1.6094379124341003,780.0,1950.0,2431092.380952381,0,0.0,0.3703703703703704,Başakşehir_4,2361527.0240963856
Başakşehir,100,3.0,10.0,430000.0,0.0,3.0,8,Doğalgaz,Emlakjet,1.0,6,32.25806451612903,1,4.61512051684126,1.3862943611198906,300.0,1000.0,2431092.380952381,0,0.0,0.3703703703703704,Başakşehir_3,1763308.2631578948
Başakşehir,150,4.0,10.0,1690000.0,0.0,3.0,8,Doğalgaz,Emlakjet,1.0,6,36.58536585365854,1,5.017279836814924,1.6094379124341003,600.0,1500.0,2431092.380952381,0,0.0,0.3703703703703704,Başakşehir_4,2361527.0240963856
Başakşehir,70,2.0,7.5,1520000.0,0.0,3.0,8,Doğalgaz,Emlakjet,1.0,6,33.33333333333333,1,4.2626798770413155,1.0986122886681098,140.0,525.0,2431092.380952381,0,0.0,0.3703703703703704,Başakşehir_2,1698500.0
Başakşehir,150,4.0,7.5,3000000.0,0.0,3.0,8,Doğalgaz,Emlakjet,1.0,6,36.58536585365854,1,5.017279836814924,1.6094379124341003,600.0,1125.0,2431092.380952381,0,0.0,0.3703703703703704,Başakşehir_4,2361527.0240963856
Bahçelievler,150,4.0,7.5,2650000.0,0.0,3.0,8,Doğalgaz,Emlakjet,1.0,3,36.58536585365854,1,5.017279836814924,1.6094379124341003,600.0,1125.0,2039386.7348066298,0,0.0,0.3703703703703704,Bahçelievler_4,1603812.5
Bahçelievler,115,4.0,30.0,730000.0,0.0,3.0,8,Doğalgaz,Emlakjet,1.0,3,28.04878048780488,3,4.7535901911063645,1.6094379124341003,460.0,3450.0,2039386.7348066298,0,0.0,0.3703703703703704,Bahçelievler_4,1603812.5
Bahçelievler,125,4.0,10.0,3000000.0,0.0,3.0,8,Doğalgaz,Emlakjet,1.0,3,30.487804878048784,1,4.836281906951478,1.6094379124341003,500.0,1250.0,2039386.7348066298,0,0.0,0.3703703703703704,Bahçelievler_4,1603812.5
Bahçelievler,90,3.0,7.5,831000.0,0.0,3.0,8,Doğalgaz,Emlakjet,1.0,3,29.032258064516128,1,4.51085950651685,1.3862943611198906,270.0,675.0,2039386.7348066298,0,0.0,0.3703703703703704,Bahçelievler_3,1860425.5212765958
Bahçelievler,150,4.0,7.5,2640000.0,0.0,3.0,8,Doğalgaz,Emlakjet,1.0,3,36.58536585365854,1,5.017279836814924,1.6094379124341003,600.0,1125.0,2039386.7348066298,0,0.0,0.3703703703703704,Bahçelievler_4,1603812.5
Bahçelievler,95,3.0,30.0,700000.0,0.0,3.0,8,Doğalgaz,Emlakjet,1.0,3,30.64516129032258,3,4.564348191467836,1.3862943611198906,285.0,2850.0,2039386.7348066298,0,0.0,0.3703703703703704,Bahçelievler_3,1860425.5212765958
Bahçelievler,85,3.0,13.0,840000.0,0.0,3.0,8,Doğalgaz,Emlakjet,1.0,3,27.419354838709676,2,4.454347296253507,1.3862943611198906,255.0,1105.0,2039386.7348066298,0,0.0,0.3703703703703704,Bahçelievler_3,1860425.5212765958
Bahçelievler,120,4.0,30.0,520000.0,0.0,3.0,8,Doğalgaz,Emlakjet,1.0,3,29.26829268292683,3,4.795790545596741,1.6094379124341003,480.0,3600.0,2039386.7348066298,0,0.0,0.3703703703703704,Bahçelievler_4,1603812.5
Bahçelievler,110,3.0,30.0,845000.0,0.0,3.0,8,Doğalgaz,Emlakjet,1.0,3,35.483870967741936,3,4.709530201312334,1.3862943611198906,330.0,3300.0,2039386.7348066298,0,0.0,0.3703703703703704,Bahçelievler_3,1860425.5212765958
Bahçelievler,80,3.0,10.0,980000.0,0.0,3.0,8,Doğalgaz,Emlakjet,1.0,3,25.806451612903224,1,4.394449154672439,1.3862943611198906,240.0,800.0,2039386.7348066298,0,0.0,0.3703703703703704,Bahçelievler_3,1860425.5212765958
Bahçelievler,150,4.0,7.5,1400000.0,0.0,3.0,8,Doğalgaz,Emlakjet,1.0,3,36.58536585365854,1,5.017279836814924,1.6094379124341003,600.0,1125.0,2039386.7348066298,0,0.0,0.3703703703703704,Bahçelievler_4,1603812.5
Bahçelievler,95,3.0,7.5,900000.0,0.0,3.0,8,Doğalgaz,Emlakjet,1.0,3,30.64516129032258,1,4.564348191467836,1.3862943611198906,285.0,712.5,2039386.7348066298,0,0.0,0.3703703703703704,Bahçelievler_3,1860425.5212765958
Bahçelievler,200,6.0,10.0,1800000.0,0.0,3.0,8,Doğalgaz,Emlakjet,1.0,3,32.786885245901644,1,5.303304908059076,1.9459101490553132,1200.0,2000.0,2039386.7348066298,0,0.0,0.3703703703703704,Bahçelievler_6,1581000.0
Bahçelievler,80,3.0,10.0,800000.0,0.0,3.0,8,Doğalgaz,Emlakjet,1.0,3,25.806451612903224,1,4.394449154672439,1.3862943611198906,240.0,800.0,2039386.7348066298,0,0.0,0.3703703703703704,Bahçelievler_3,1860425.5212765958
Bahçelievler,150,4.0,10.0,1249000.0,0.0,3.0,8,Doğalgaz,Emlakjet,1.0,3,36.58536585365854,1,5.017279836814924,1.6094379124341003,600.0,1500.0,2039386.7348066298,0,0.0,0.3703703703703704,Bahçelievler_4,1603812.5
Bakırköy,50,2.0,10.0,1200000.0,0.0,3.0,8,Doğalgaz,Emlakjet,1.0,4,23.80952380952381,1,3.9318256327243257,1.0986122886681098,100.0,500.0,8473921.232876712,0,0.0,0.3703703703703704,Bakırköy_2,5132678.571428572
Bakırköy,65,2.0,3.0,850000.0,0.0,3.0,8,Doğalgaz,Emlakjet,1.0,4,30.952380952380953,0,4.189654742026425,1.0986122886681098,130.0,195.0,8473921.232876712,0,0.0,0.3703703703703704,Bakırköy_2,5132678.571428572
Bakırköy,265,5.0,10.0,16800000.0,0.0,3.0,8,Doğalgaz,Emlakjet,1.0,4,51.96078431372549,1,5.583496308781699,1.791759469228055,1325.0,2650.0,8473921.232876712,0,0.0,0.3703703703703704,Bakırköy_5,8490408.163265307
Bakırköy,85,2.0,10.0,4500000.0,0.0,3.0,8,Doğalgaz,Emlakjet,1.0,4,40.476190476190474,1,4.454347296253507,1.0986122886681098,170.0,850.0,8473921.232876712,0,0.0,0.3703703703703704,Bakırköy_2,5132678.571428572
Bakırköy,350,8.0,10.0,17000000.0,0.0,3.0,8,Doğalgaz,Emlakjet,1.0,4,43.20987654320988,1,5.860786223465865,2.1972245773362196,2800.0,3500.0,8473921.232876712,0,0.0,0.3703703703703704,Bakırköy_8,14125000.0
Bakırköy,70,2.0,30.0,565000.0,0.0,3.0,8,Doğalgaz,Emlakjet,1.0,4,33.33333333333333,3,4.2626798770413155,1.0986122886681098,140.0,2100.0,8473921.232876712,0,0.0,0.3703703703703704,Bakırköy_2,5132678.571428572
Bakırköy,260,5.0,13.0,15400000.0,0.0,3.0,8,Doğalgaz,Emlakjet,1.0,4,50.98039215686275,2,5.564520407322694,1.791759469228055,1300.0,3380.0,8473921.232876712,0,0.0,0.3703703703703704,Bakırköy_5,8490408.163265307
Bakırköy,120,4.0,30.0,1200000.0,0.0,3.0,8,Doğalgaz,Emlakjet,1.0,4,29.26829268292683,3,4.795790545596741,1.6094379124341003,480.0,3600.0,8473921.232876712,0,0.0,0.3703703703703704,Bakırköy_4,10120168.539325843
Bakırköy,115,3.0,30.0,1350000.0,0.0,3.0,8,Doğalgaz,Emlakjet,1.0,4,37.096774193548384,3,4.7535901911063645,1.3862943611198906,345.0,3450.0,8473921.232876712,0,0.0,0.3703703703703704,Bakırköy_3,7148456.790123457
Bakırköy,90,3.0,30.0,950000.0,0.0,3.0,8,Doğalgaz,Emlakjet,1.0,4,29.032258064516128,3,4.51085950651685,1.3862943611198906,270.0,2700.0,8473921.232876712,0,0.0,0.3703703703703704,Bakırköy_3,7148456.790123457
Bakırköy,160,5.0,4.0,2850000.0,0.0,3.0,8,Doğalgaz,Emlakjet,1.0,4,31.372549019607845,0,5.081404364984463,1.791759469228055,800.0,640.0,8473921.232876712,0,0.0,0.3703703703703704,Bakırköy_5,8490408.163265307
Bakırköy,100,3.0,10.0,2100000.0,0.0,3.0,8,Doğalgaz,Emlakjet,1.0,4,32.25806451612903,1,4.61512051684126,1.3862943611198906,300.0,1000.0,8473921.232876712,0,0.0,0.3703703703703704,Bakırköy_3,7148456.790123457
Bakırköy,130,4.0,10.0,4250000.0,0.0,3.0,8,Doğalgaz,Emlakjet,1.0,4,31.707317073170735,1,4.875197323201151,1.6094379124341003,520.0,1300.0,8473921.232876712,0,0.0,0.3703703703703704,Bakırköy_4,10120168.539325843
Bakırköy,240,6.0,10.0,6000000.0,0.0,3.0,8,Doğalgaz,Emlakjet,1.0,4,39.34426229508197,1,5.484796933490655,1.9459101490553132,1440.0,2400.0,8473921.232876712,0,0.0,0.3703703703703704,Bakırköy_6,8028181.818181818
Bakırköy,100,3.0,1.0,2480000.0,0.0,3.0,8,Doğalgaz,Emlakjet,1.0,4,32.25806451612903,0,4.61512051684126,1.3862943611198906,300.0,100.0,8473921.232876712,0,0.0,0.3703703703703704,Bakırköy_3,7148456.790123457
Bakırköy,100,3.0,1.0,2150000.0,0.0,3.0,8,Doğalgaz,Emlakjet,1.0,4,32.25806451612903,0,4.61512051684126,1.3862943611198906,300.0,100.0,8473921.232876712,0,0.0,0.3703703703703704,Bakırköy_3,7148456.790123457
Bakırköy,85,3.0,10.0,2150000.0,0.0,3.0,8,Doğalgaz,Emlakjet,1.0,4,27.419354838709676,1,4.454347296253507,1.3862943611198906,255.0,850.0,8473921.232876712,0,0.0,0.3703703703703704,Bakırköy_3,7148456.790123457
Bakırköy,85,3.0,10.0,1800000.0,0.0,3.0,8,Doğalgaz,Emlakjet,1.0,4,27.419354838709676,1,4.454347296253507,1.3862943611198906,255.0,850.0,8473921.232876712,0,0.0,0.3703703703703704,Bakırköy_3,7148456.790123457
Bakırköy,260,5.0,3.0,10400000.0,0.0,3.0,8,Doğalgaz,Emlakjet,1.0,4,50.98039215686275,0,5.564520407322694,1.791759469228055,1300.0,780.0,8473921.232876712,0,0.0,0.3703703703703704,Bakırköy_5,8490408.163265307
Bakırköy,180,5.0,30.0,3300000.0,0.0,3.0,8,Doğalgaz,Emlakjet,1.0,4,35.294117647058826,3,5.198497031265826,1.791759469228055,900.0,5400.0,8473921.232876712,0,0.0,0.3703703703703704,Bakırköy_5,8490408.163265307
Bakırköy,200,4.0,13.0,6000000.0,0.0,3.0,8,Doğalgaz,Emlakjet,1.0,4,48.78048780487805,2,5.303304908059076,1.6094379124341003,800.0,2600.0,8473921.232876712,0,0.0,0.3703703703703704,Bakırköy_4,10120168.539325843
Bakırköy,145,4.0,10.0,5900000.0,0.0,3.0,8,Doğalgaz,Emlakjet,1.0,4,35.36585365853659,1,4.983606621708336,1.6094379124341003,580.0,1450.0,8473921.232876712,0,0.0,0.3703703703703704,Bakırköy_4,10120168.539325843
Bakırköy,175,4.0,3.0,2250000.0,0.0,3.0,8,Doğalgaz,Emlakjet,1.0,4,42.6829268292683,0,5.170483995038151,1.6094379124341003,700.0,525.0,8473921.232876712,0,0.0,0.3703703703703704,Bakırköy_4,10120168.539325843
Bakırköy,100,3.0,30.0,750000.0,0.0,3.0,8,Doğalgaz,Emlakjet,1.0,4,32.25806451612903,3,4.61512051684126,1.3862943611198906,300.0,3000.0,8473921.232876712,0,0.0,0.3703703703703704,Bakırköy_3,7148456.790123457
Bakırköy,75,2.0,3.0,2350000.0,0.0,3.0,8,Doğalgaz,Emlakjet,1.0,4,35.714285714285715,0,4.330733340286331,1.0986122886681098,150.0,225.0,8473921.232876712,0,0.0,0.3703703703703704,Bakırköy_2,5132678.571428572
Bakırköy,274,4.0,3.0,9500000.0,0.0,3.0,8,Doğalgaz,Emlakjet,1.0,4,66.82926829268293,0,5.616771097666572,1.6094379124341003,1096.0,822.0,8473921.232876712,0,0.0,0.3703703703703704,Bakırköy_4,10120168.539325843
Bakırköy,100,3.0,10.0,3250000.0,0.0,3.0,8,Doğalgaz,Emlakjet,1.0,4,32.25806451612903,1,4.61512051684126,1.3862943611198906,300.0,1000.0,8473921.232876712,0,0.0,0.3703703703703704,Bakırköy_3,7148456.790123457
Bakırköy,90,3.0,10.0,3250000.0,0.0,3.0,8,Doğalgaz,Emlakjet,1.0,4,29.032258064516128,1,4.51085950651685,1.3862943611198906,270.0,900.0,8473921.232876712,0,0.0,0.3703703703703704,Bakırköy_3,7148456.790123457
Bakırköy,220,5.0,13.0,8800000.0,0.0,3.0,8,Doğalgaz,Emlakjet,1.0,4,43.13725490196079,2,5.3981627015177525,1.791759469228055,1100.0,2860.0,8473921.232876712,0,0.0,0.3703703703703704,Bakırköy_5,8490408.163265307
Bakırköy,105,3.0,30.0,2900000.0,0.0,3.0,8,Doğalgaz,Emlakjet,1.0,4,33.87096774193548,3,4.663439094112067,1.3862943611198906,315.0,3150.0,8473921.232876712,0,0.0,0.3703703703703704,Bakırköy_3,7148456.790123457
Bakırköy,230,4.0,30.0,2650000.0,0.0,3.0,8,Doğalgaz,Emlakjet,1.0,4,56.09756097560976,3,5.442417710521793,1.6094379124341003,920.0,6900.0,8473921.232876712,0,0.0,0.3703703703703704,Bakırköy_4,10120168.539325843
Bakırköy,120,3.0,10.0,3850000.0,0.0,3.0,8,Doğalgaz,Emlakjet,1.0,4,38.70967741935484,1,4.795790545596741,1.3862943611198906,360.0,1200.0,8473921.232876712,0,0.0,0.3703703703703704,Bakırköy_3,7148456.790123457
Bakırköy,650,8.0,30.0,10000000.0,0.0,3.0,8,Doğalgaz,Emlakjet,1.0,4,80.24691358024691,3,6.478509642208569,2.1972245773362196,5200.0,19500.0,8473921.232876712,0,0.0,0.3703703703703704,Bakırköy_8,14125000.0
Bakırköy,95,3.0,30.0,800000.0,0.0,3.0,8,Doğalgaz,Emlakjet,1.0,4,30.64516129032258,3,4.564348191467836,1.3862943611198906,285.0,2850.0,8473921.232876712,0,0.0,0.3703703703703704,Bakırköy_3,7148456.790123457
Bakırköy,185,5.0,13.0,3785000.0,0.0,3.0,8,Doğalgaz,Emlakjet,1.0,4,36.27450980392157,2,5.225746673713202,1.791759469228055,925.0,2405.0,8473921.232876712,0,0.0,0.3703703703703704,Bakırköy_5,8490408.163265307
Bakırköy,400,9.0,30.0,7100000.0,0.0,3.0,8,Doğalgaz,Emlakjet,1.0,4,43.956043956043956,3,5.993961427306569,2.302585092994046,3600.0,12000.0,8473921.232876712,0,0.0,0.3703703703703704,Bakırköy_9,7100000.0
Bakırköy,85,3.0,30.0,1030000.0,0.0,3.0,8,Doğalgaz,Emlakjet,1.0,4,27.419354838709676,3,4.454347296253507,1.3862943611198906,255.0,2550.0,8473921.232876712,0,0.0,0.3703703703703704,Bakırköy_3,7148456.790123457
Bakırköy,260,6.0,30.0,3700000.0,0.0,3.0,8,Doğalgaz,Emlakjet,1.0,4,42.622950819672134,3,5.564520407322694,1.9459101490553132,1560.0,7800.0,8473921.232876712,0,0.0,0.3703703703703704,Bakırköy_6,8028181.818181818
Bakırköy,49,2.0,3.0,1600000.0,0.0,3.0,8,Doğalgaz,Emlakjet,1.0,4,23.333333333333332,0,3.912023005428146,1.0986122886681098,98.0,147.0,8473921.232876712,0,0.0,0.3703703703703704,Bakırköy_2,5132678.571428572
Bakırköy,100,3.0,3.0,3250000.0,0.0,3.0,8,Doğalgaz,Emlakjet,1.0,4,32.25806451612903,0,4.61512051684126,1.3862943611198906,300.0,300.0,8473921.232876712,0,0.0,0.3703703703703704,Bakırköy_3,7148456.790123457
Bakırköy,85,3.0,30.0,1100000.0,0.0,3.0,8,Doğalgaz,Emlakjet,1.0,4,27.419354838709676,3,4.454347296253507,1.3862943611198906,255.0,2550.0,8473921.232876712,0,0.0,0.3703703703703704,Bakırköy_3,7148456.790123457
Bakırköy,145,4.0,30.0,4850000.0,0.0,3.0,8,Doğalgaz,Emlakjet,1.0,4,35.36585365853659,3,4.983606621708336,1.6094379124341003,580.0,4350.0,8473921.232876712,0,0.0,0.3703703703703704,Bakırköy_4,10120168.539325843
Bakırköy,48,2.0,4.0,1500000.0,0.0,3.0,8,Doğalgaz,Emlakjet,1.0,4,22.857142857142858,0,3.8918202981106265,1.0986122886681098,96.0,192.0,8473921.232876712,0,0.0,0.3703703703703704,Bakırköy_2,5132678.571428572
Bakırköy,175,4.0,30.0,3250000.0,0.0,3.0,8,Doğalgaz,Emlakjet,1.0,4,42.6829268292683,3,5.170483995038151,1.6094379124341003,700.0,5250.0,8473921.232876712,0,0.0,0.3703703703703704,Bakırköy_4,10120168.539325843
Bakırköy,600,3.0,30.0,22000000.0,0.0,3.0,8,Doğalgaz,Emlakjet,1.0,4,193.54838709677418,3,6.398594934535208,1.3862943611198906,1800.0,18000.0,8473921.232876712,0,0.0,0.3703703703703704,Bakırköy_3,7148456.790123457
Bakırköy,100,3.0,30.0,985000.0,0.0,3.0,8,Doğalgaz,Emlakjet,1.0,4,32.25806451612903,3,4.61512051684126,1.3862943611198906,300.0,3000.0,8473921.232876712,0,0.0,0.3703703703703704,Bakırköy_3,7148456.790123457
Bakırköy,400,7.0,30.0,8000000.0,0.0,3.0,8,Doğalgaz,Emlakjet,1.0,4,56.33802816901409,3,5.993961427306569,2.0794415416798357,2800.0,12000.0,8473921.232876712,0,0.0,0.3703703703703704,Bakırköy_7,10830000.0
Bakırköy,110,4.0,10.0,4200000.0,0.0,3.0,8,Doğalgaz,Emlakjet,1.0,4,26.82926829268293,1,4.709530201312334,1.6094379124341003,440.0,1100.0,8473921.232876712,0,0.0,0.3703703703703704,Bakırköy_4,10120168.539325843
Bakırköy,135,4.0,30.0,2900000.0,0.0,3.0,8,Doğalgaz,Emlakjet,1.0,4,32.926829268292686,3,4.912654885736052,1.6094379124341003,540.0,4050.0,8473921.232876712,0,0.0,0.3703703703703704,Bakırköy_4,10120168.539325843
Bakırköy,260,5.0,13.0,16250000.0,0.0,3.0,8,Doğalgaz,Emlakjet,1.0,4,50.98039215686275,2,5.564520407322694,1.791759469228055,1300.0,3380.0,8473921.232876712,0,0.0,0.3703703703703704,Bakırköy_5,8490408.163265307
Bakırköy,110,3.0,30.0,1500000.0,0.0,3.0,8,Doğalgaz,Emlakjet,1.0,4,35.483870967741936,3,4.709530201312334,1.3862943611198906,330.0,3300.0,8473921.232876712,0,0.0,0.3703703703703704,Bakırköy_3,7148456.790123457
Bakırköy,70,2.0,3.0,1990000.0,0.0,3.0,8,Doğalgaz,Emlakjet,1.0,4,33.33333333333333,0,4.2626798770413155,1.0986122886681098,140.0,210.0,8473921.232876712,0,0.0,0.3703703703703704,Bakırköy_2,5132678.571428572
Bakırköy,85,2.0,10.0,4250000.0,0.0,3.0,8,Doğalgaz,Emlakjet,1.0,4,40.476190476190474,1,4.454347296253507,1.0986122886681098,170.0,850.0,8473921.232876712,0,0.0,0.3703703703703704,Bakırköy_2,5132678.571428572
Bakırköy,135,4.0,10.0,4100000.0,0.0,3.0,8,Doğalgaz,Emlakjet,1.0,4,32.926829268292686,1,4.912654885736052,1.6094379124341003,540.0,1350.0,8473921.232876712,0,0.0,0.3703703703703704,Bakırköy_4,10120168.539325843
Bakırköy,100,3.0,10.0,2100000.0,0.0,3.0,8,Doğalgaz,Emlakjet,1.0,4,32.25806451612903,1,4.61512051684126,1.3862943611198906,300.0,1000.0,8473921.232876712,0,0.0,0.3703703703703704,Bakırköy_3,7148456.790123457
Bakırköy,90,3.0,2.0,2900000.0,0.0,3.0,8,Doğalgaz,Emlakjet,1.0,4,29.032258064516128,0,4.51085950651685,1.3862943611198906,270.0,180.0,8473921.232876712,0,0.0,0.3703703703703704,Bakırköy_3,7148456.790123457
Bakırköy,165,4.0,10.0,5250000.0,0.0,3.0,8,Doğalgaz,Emlakjet,1.0,4,40.243902439024396,1,5.111987788356544,1.6094379124341003,660.0,1650.0,8473921.232876712,0,0.0,0.3703703703703704,Bakırköy_4,10120168.539325843
Bakırköy,200,4.0,10.0,7500000.0,0.0,3.0,8,Doğalgaz,Emlakjet,1.0,4,48.78048780487805,1,5.303304908059076,1.6094379124341003,800.0,2000.0,8473921.232876712,0,0.0,0.3703703703703704,Bakırköy_4,10120168.539325843
Bakırköy,320,7.0,10.0,12000000.0,0.0,3.0,8,Doğalgaz,Emlakjet,1.0,4,45.07042253521127,1,5.771441123130016,2.0794415416798357,2240.0,3200.0,8473921.232876712,0,0.0,0.3703703703703704,Bakırköy_7,10830000.0
Bakırköy,105,3.0,10.0,1350000.0,0.0,3.0,8,Doğalgaz,Emlakjet,1.0,4,33.87096774193548,1,4.663439094112067,1.3862943611198906,315.0,1050.0,8473921.232876712,0,0.0,0.3703703703703704,Bakırköy_3,7148456.790123457
Bakırköy,90,3.0,10.0,2175000.0,0.0,3.0,8,Doğalgaz,Emlakjet,1.0,4,29.032258064516128,1,4.51085950651685,1.3862943611198906,270.0,900.0,8473921.232876712,0,0.0,0.3703703703703704,Bakırköy_3,7148456.790123457
Bakırköy,200,4.0,10.0,12000000.0,0.0,3.0,8,Doğalgaz,Emlakjet,1.0,4,48.78048780487805,1,5.303304908059076,1.6094379124341003,800.0,2000.0,8473921.232876712,0,0.0,0.3703703703703704,Bakırköy_4,10120168.539325843
Bakırköy,255,5.0,3.0,9500000.0,0.0,3.0,8,Doğalgaz,Emlakjet,1.0,4,50.0,0,5.545177444479562,1.791759469228055,1275.0,765.0,8473921.232876712,0,0.0,0.3703703703703704,Bakırköy_5,8490408.163265307
Bakırköy,350,8.0,10.0,14000000.0,0.0,3.0,8,Doğalgaz,Emlakjet,1.0,4,43.20987654320988,1,5.860786223465865,2.1972245773362196,2800.0,3500.0,8473921.232876712,0,0.0,0.3703703703703704,Bakırköy_8,14125000.0
Bakırköy,370,6.0,10.0,18500000.0,0.0,3.0,8,Doğalgaz,Emlakjet,1.0,4,60.65573770491804,1,5.916202062607435,1.9459101490553132,2220.0,3700.0,8473921.232876712,0,0.0,0.3703703703703704,Bakırköy_6,8028181.818181818
Bakırköy,190,6.0,10.0,3650000.0,0.0,3.0,8,Doğalgaz,Emlakjet,1.0,4,31.14754098360656,1,5.25227342804663,1.9459101490553132,1140.0,1900.0,8473921.232876712,0,0.0,0.3703703703703704,Bakırköy_6,8028181.818181818
Bakırköy,140,4.0,10.0,4000000.0,0.0,3.0,8,Doğalgaz,Emlakjet,1.0,4,34.146341463414636,1,4.948759890378168,1.6094379124341003,560.0,1400.0,8473921.232876712,0,0.0,0.3703703703703704,Bakırköy_4,10120168.539325843
Bakırköy,400,8.0,10.0,17500000.0,0.0,3.0,8,Doğalgaz,Emlakjet,1.0,4,49.382716049382715,1,5.993961427306569,2.1972245773362196,3200.0,4000.0,8473921.232876712,0,0.0,0.3703703703703704,Bakırköy_8,14125000.0
Bakırköy,147,3.0,10.0,5850000.0,0.0,3.0,8,Doğalgaz,Emlakjet,1.0,4,47.41935483870967,1,4.997212273764115,1.3862943611198906,441.0,1470.0,8473921.232876712,0,0.0,0.3703703703703704,Bakırköy_3,7148456.790123457
Bakırköy,363,6.0,10.0,23000000.0,0.0,3.0,8,Doğalgaz,Emlakjet,1.0,4,59.50819672131148,1,5.8971538676367405,1.9459101490553132,2178.0,3630.0,8473921.232876712,0,0.0,0.3703703703703704,Bakırköy_6,8028181.818181818
Bakırköy,115,3.0,10.0,1350000.0,0.0,3.0,8,Doğalgaz,Emlakjet,1.0,4,37.096774193548384,1,4.7535901911063645,1.3862943611198906,345.0,1150.0,8473921.232876712,0,0.0,0.3703703703703704,Bakırköy_3,7148456.790123457
Bakırköy,115,4.0,10.0,2580000.0,0.0,3.0,8,Doğalgaz,Emlakjet,1.0,4,28.04878048780488,1,4.7535901911063645,1.6094379124341003,460.0,1150.0,8473921.232876712,0,0.0,0.3703703703703704,Bakırköy_4,10120168.539325843
Bakırköy,350,7.0,10.0,17500000.0,0.0,3.0,8,Doğalgaz,Emlakjet,1.0,4,49.29577464788733,1,5.860786223465865,2.0794415416798357,2450.0,3500.0,8473921.232876712,0,0.0,0.3703703703703704,Bakırköy_7,10830000.0
Bakırköy,190,4.0,10.0,7000000.0,0.0,3.0,8,Doğalgaz,Emlakjet,1.0,4,46.34146341463415,1,5.25227342804663,1.6094379124341003,760.0,1900.0,8473921.232876712,0,0.0,0.3703703703703704,Bakırköy_4,10120168.539325843
Bakırköy,180,4.0,10.0,5750000.0,0.0,3.0,8,Doğalgaz,Emlakjet,1.0,4,43.90243902439025,1,5.198497031265826,1.6094379124341003,720.0,1800.0,8473921.232876712,0,0.0,0.3703703703703704,Bakırköy_4,10120168.539325843
Bakırköy,250,6.0,10.0,3550000.0,0.0,3.0,8,Doğalgaz,Emlakjet,1.0,4,40.98360655737705,1,5.5254529391317835,1.9459101490553132,1500.0,2500.0,8473921.232876712,0,0.0,0.3703703703703704,Bakırköy_6,8028181.818181818
Bakırköy,115,3.0,10.0,1350000.0,0.0,3.0,8,Doğalgaz,Emlakjet,1.0,4,37.096774193548384,1,4.7535901911063645,1.3862943611198906,345.0,1150.0,8473921.232876712,0,0.0,0.3703703703703704,Bakırköy_3,7148456.790123457
Bakırköy,105,3.0,10.0,1350000.0,0.0,3.0,8,Doğalgaz,Emlakjet,1.0,4,33.87096774193548,1,4.663439094112067,1.3862943611198906,315.0,1050.0,8473921.232876712,0,0.0,0.3703703703703704,Bakırköy_3,7148456.790123457
Bakırköy,100,3.0,10.0,1200000.0,0.0,3.0,8,Doğalgaz,Emlakjet,1.0,4,32.25806451612903,1,4.61512051684126,1.3862943611198906,300.0,1000.0,8473921.232876712,0,0.0,0.3703703703703704,Bakırköy_3,7148456.790123457
Bakırköy,320,8.0,7.5,7750000.0,0.0,3.0,8,Doğalgaz,Emlakjet,1.0,4,39.50617283950618,1,5.771441123130016,2.1972245773362196,2560.0,2400.0,8473921.232876712,0,0.0,0.3703703703703704,Bakırköy_8,14125000.0
Bakırköy,125,4.0,10.0,4500000.0,0.0,3.0,8,Doğalgaz,Emlakjet,1.0,4,30.487804878048784,1,4.836281906951478,1.6094379124341003,500.0,1250.0,8473921.232876712,0,0.0,0.3703703703703704,Bakırköy_4,10120168.539325843
Bakırköy,60,2.0,10.0,875000.0,0.0,3.0,8,Doğalgaz,Emlakjet,1.0,4,28.57142857142857,1,4.110873864173311,1.0986122886681098,120.0,600.0,8473921.232876712,0,0.0,0.3703703703703704,Bakırköy_2,5132678.571428572
Bakırköy,250,6.0,10.0,4000000.0,0.0,3.0,8,Doğalgaz,Emlakjet,1.0,4,40.98360655737705,1,5.5254529391317835,1.9459101490553132,1500.0,2500.0,8473921.232876712,0,0.0,0.3703703703703704,Bakırköy_6,8028181.818181818
Bakırköy,144,3.0,7.5,3700000.0,0.0,3.0,8,Doğalgaz,Emlakjet,1.0,4,46.45161290322581,1,4.976733742420574,1.3862943611198906,432.0,1080.0,8473921.232876712,0,0.0,0.3703703703703704,Bakırköy_3,7148456.790123457
Bakırköy,165,4.0,30.0,1390000.0,0.0,3.0,8,Doğalgaz,Emlakjet,1.0,4,40.243902439024396,3,5.111987788356544,1.6094379124341003,660.0,4950.0,8473921.232876712,0,0.0,0.3703703703703704,Bakırköy_4,10120168.539325843
Bakırköy,75,3.0,10.0,1800000.0,0.0,3.0,8,Doğalgaz,Emlakjet,1.0,4,24.193548387096772,1,4.330733340286331,1.3862943611198906,225.0,750.0,8473921.232876712,0,0.0,0.3703703703703704,Bakırköy_3,7148456.790123457
Bakırköy,65,2.0,10.0,1300000.0,0.0,3.0,8,Doğalgaz,Emlakjet,1.0,4,30.952380952380953,1,4.189654742026425,1.0986122886681098,130.0,650.0,8473921.232876712,0,0.0,0.3703703703703704,Bakırköy_2,5132678.571428572
Bakırköy,130,3.0,10.0,2500000.0,0.0,3.0,8,Doğalgaz,Emlakjet,1.0,4,41.935483870967744,1,4.875197323201151,1.3862943611198906,390.0,1300.0,8473921.232876712,0,0.0,0.3703703703703704,Bakırköy_3,7148456.790123457
Bakırköy,176,4.0,13.0,9400000.0,0.0,3.0,8,Doğalgaz,Emlakjet,1.0,4,42.926829268292686,2,5.176149732573829,1.6094379124341003,704.0,2288.0,8473921.232876712,0,0.0,0.3703703703703704,Bakırköy_4,10120168.539325843
Bakırköy,120,3.0,30.0,1500000.0,0.0,3.0,8,Doğalgaz,Emlakjet,1.0,4,38.70967741935484,3,4.795790545596741,1.3862943611198906,360.0,3600.0,8473921.232876712,0,0.0,0.3703703703703704,Bakırköy_3,7148456.790123457
Bakırköy,58,2.0,4.0,1700000.0,0.0,3.0,8,Doğalgaz,Emlakjet,1.0,4,27.619047619047617,0,4.07753744390572,1.0986122886681098,116.0,232.0,8473921.232876712,0,0.0,0.3703703703703704,Bakırköy_2,5132678.571428572
Bakırköy,250,7.0,7.5,5250000.0,0.0,3.0,8,Doğalgaz,Emlakjet,1.0,4,35.21126760563381,1,5.5254529391317835,2.0794415416798357,1750.0,1875.0,8473921.232876712,0,0.0,0.3703703703703704,Bakırköy_7,10830000.0
Bakırköy,65,2.0,10.0,1325000.0,0.0,3.0,8,Doğalgaz,Emlakjet,1.0,4,30.952380952380953,1,4.189654742026425,1.0986122886681098,130.0,650.0,8473921.232876712,0,0.0,0.3703703703703704,Bakırköy_2,5132678.571428572
Bakırköy,100,3.0,30.0,1300000.0,0.0,3.0,8,Doğalgaz,Emlakjet,1.0,4,32.25806451612903,3,4.61512051684126,1.3862943611198906,300.0,3000.0,8473921.232876712,0,0.0,0.3703703703703704,Bakırköy_3,7148456.790123457
Bakırköy,130,4.0,30.0,1750000.0,0.0,3.0,8,Doğalgaz,Emlakjet,1.0,4,31.707317073170735,3,4.875197323201151,1.6094379124341003,520.0,3900.0,8473921.232876712,0,0.0,0.3703703703703704,Bakırköy_4,10120168.539325843
Bakırköy,100,3.0,30.0,1700000.0,0.0,3.0,8,Doğalgaz,Emlakjet,1.0,4,32.25806451612903,3,4.61512051684126,1.3862943611198906,300.0,3000.0,8473921.232876712,0,0.0,0.3703703703703704,Bakırköy_3,7148456.790123457
Bakırköy,135,4.0,30.0,2650000.0,0.0,3.0,8,Doğalgaz,Emlakjet,1.0,4,32.926829268292686,3,4.912654885736052,1.6094379124341003,540.0,4050.0,8473921.232876712,0,0.0,0.3703703703703704,Bakırköy_4,10120168.539325843
Bakırköy,180,4.0,3.0,8200000.0,0.0,3.0,8,Doğalgaz,Emlakjet,1.0,4,43.90243902439025,0,5.198497031265826,1.6094379124341003,720.0,540.0,8473921.232876712,0,0.0,0.3703703703703704,Bakırköy_4,10120168.539325843
Bakırköy,85,3.0,30.0,480000.0,0.0,3.0,8,Doğalgaz,Emlakjet,1.0,4,27.419354838709676,3,4.454347296253507,1.3862943611198906,255.0,2550.0,8473921.232876712,0,0.0,0.3703703703703704,Bakırköy_3,7148456.790123457
Bakırköy,95,3.0,1.0,3100000.0,0.0,3.0,8,Doğalgaz,Emlakjet,1.0,4,30.64516129032258,0,4.564348191467836,1.3862943611198906,285.0,95.0,8473921.232876712,0,0.0,0.3703703703703704,Bakırköy_3,7148456.790123457
Bakırköy,125,4.0,10.0,3150000.0,0.0,3.0,8,Doğalgaz,Emlakjet,1.0,4,30.487804878048784,1,4.836281906951478,1.6094379124341003,500.0,1250.0,8473921.232876712,0,0.0,0.3703703703703704,Bakırköy_4,10120168.539325843
Bakırköy,260,5.0,13.0,15500000.0,0.0,3.0,8,Doğalgaz,Emlakjet,1.0,4,50.98039215686275,2,5.564520407322694,1.791759469228055,1300.0,3380.0,8473921.232876712,0,0.0,0.3703703703703704,Bakırköy_5,8490408.163265307
Bakırköy,190,5.5,1.0,10000000.0,0.0,3.0,8,Doğalgaz,Emlakjet,1.0,4,33.92857142857143,0,5.25227342804663,1.8718021769015913,1045.0,190.0,8473921.232876712,0,0.0,0.3703703703703704,Bakırköy_5,8490408.163265307
Bakırköy,180,5.0,10.0,2700000.0,0.0,3.0,8,Doğalgaz,Emlakjet,1.0,4,35.294117647058826,1,5.198497031265826,1.791759469228055,900.0,1800.0,8473921.232876712,0,0.0,0.3703703703703704,Bakırköy_5,8490408.163265307
Bakırköy,175,5.0,10.0,2400000.0,0.0,3.0,8,Doğalgaz,Emlakjet,1.0,4,34.31372549019608,1,5.170483995038151,1.791759469228055,875.0,1750.0,8473921.232876712,0,0.0,0.3703703703703704,Bakırköy_5,8490408.163265307
Bakırköy,90,3.0,30.0,750000.0,0.0,3.0,8,Doğalgaz,Emlakjet,1.0,4,29.032258064516128,3,4.51085950651685,1.3862943611198906,270.0,2700.0,8473921.232876712,0,0.0,0.3703703703703704,Bakırköy_3,7148456.790123457
Bakırköy,110,4.0,10.0,2900000.0,0.0,3.0,8,Doğalgaz,Emlakjet,1.0,4,26.82926829268293,1,4.709530201312334,1.6094379124341003,440.0,1100.0,8473921.232876712,0,0.0,0.3703703703703704,Bakırköy_4,10120168.539325843
Bakırköy,115,4.0,30.0,1600000.0,0.0,3.0,8,Doğalgaz,Emlakjet,1.0,4,28.04878048780488,3,4.7535901911063645,1.6094379124341003,460.0,3450.0,8473921.232876712,0,0.0,0.3703703703703704,Bakırköy_4,10120168.539325843
Bakırköy,110,3.0,30.0,1375000.0,0.0,3.0,8,Doğalgaz,Emlakjet,1.0,4,35.483870967741936,3,4.709530201312334,1.3862943611198906,330.0,3300.0,8473921.232876712,0,0.0,0.3703703703703704,Bakırköy_3,7148456.790123457
Bakırköy,100,3.0,10.0,2290000.0,0.0,3.0,8,Doğalgaz,Emlakjet,1.0,4,32.25806451612903,1,4.61512051684126,1.3862943611198906,300.0,1000.0,8473921.232876712,0,0.0,0.3703703703703704,Bakırköy_3,7148456.790123457
Bakırköy,130,4.0,10.0,3850000.0,0.0,3.0,8,Doğalgaz,Emlakjet,1.0,4,31.707317073170735,1,4.875197323201151,1.6094379124341003,520.0,1300.0,8473921.232876712,0,0.0,0.3703703703703704,Bakırköy_4,10120168.539325843
Bakırköy,750,3.0,30.0,18000000.0,0.0,3.0,8,Doğalgaz,Emlakjet,1.0,4,241.93548387096774,3,6.621405651764134,1.3862943611198906,2250.0,22500.0,8473921.232876712,0,0.0,0.3703703703703704,Bakırköy_3,7148456.790123457
Bakırköy,230,5.0,13.0,5750000.0,0.0,3.0,8,Doğalgaz,Emlakjet,1.0,4,45.09803921568628,2,5.442417710521793,1.791759469228055,1150.0,2990.0,8473921.232876712,0,0.0,0.3703703703703704,Bakırköy_5,8490408.163265307
Bakırköy,211,5.0,13.0,13000000.0,0.0,3.0,8,Doğalgaz,Emlakjet,1.0,4,41.372549019607845,2,5.356586274672012,1.791759469228055,1055.0,2743.0,8473921.232876712,0,0.0,0.3703703703703704,Bakırköy_5,8490408.163265307
Bakırköy,130,4.0,30.0,4450000.0,0.0,3.0,8,Doğalgaz,Emlakjet,1.0,4,31.707317073170735,3,4.875197323201151,1.6094379124341003,520.0,3900.0,8473921.232876712,0,0.0,0.3703703703703704,Bakırköy_4,10120168.539325843
Bakırköy,130,3.0,30.0,3500000.0,0.0,3.0,8,Doğalgaz,Emlakjet,1.0,4,41.935483870967744,3,4.875197323201151,1.3862943611198906,390.0,3900.0,8473921.232876712,0,0.0,0.3703703703703704,Bakırköy_3,7148456.790123457
Bakırköy,85,3.0,30.0,1075000.0,0.0,3.0,8,Doğalgaz,Emlakjet,1.0,4,27.419354838709676,3,4.454347296253507,1.3862943611198906,255.0,2550.0,8473921.232876712,0,0.0,0.3703703703703704,Bakırköy_3,7148456.790123457
Bakırköy,260,5.0,13.0,15000000.0,0.0,3.0,8,Doğalgaz,Emlakjet,1.0,4,50.98039215686275,2,5.564520407322694,1.791759469228055,1300.0,3380.0,8473921.232876712,0,0.0,0.3703703703703704,Bakırköy_5,8490408.163265307
Bakırköy,340,5.0,13.0,6750000.0,0.0,3.0,8,Doğalgaz,Emlakjet,1.0,4,66.66666666666667,2,5.831882477283517,1.791759469228055,1700.0,4420.0,8473921.232876712,0,0.0,0.3703703703703704,Bakırköy_5,8490408.163265307
Bakırköy,200,4.0,7.5,12350000.0,0.0,3.0,8,Doğalgaz,Emlakjet,1.0,4,48.78048780487805,1,5.303304908059076,1.6094379124341003,800.0,1500.0,8473921.232876712,0,0.0,0.3703703703703704,Bakırköy_4,10120168.539325843
Bakırköy,200,4.0,7.5,11900000.0,0.0,3.0,8,Doğalgaz,Emlakjet,1.0,4,48.78048780487805,1,5.303304908059076,1.6094379124341003,800.0,1500.0,8473921.232876712,0,0.0,0.3703703703703704,Bakırköy_4,10120168.539325843
Bakırköy,85,3.0,30.0,1300000.0,0.0,3.0,8,Doğalgaz,Emlakjet,1.0,4,27.419354838709676,3,4.454347296253507,1.3862943611198906,255.0,2550.0,8473921.232876712,0,0.0,0.3703703703703704,Bakırköy_3,7148456.790123457
Bakırköy,280,7.0,10.0,22000000.0,0.0,3.0,8,Doğalgaz,Emlakjet,1.0,4,39.43661971830986,1,5.638354669333745,2.0794415416798357,1960.0,2800.0,8473921.232876712,0,0.0,0.3703703703703704,Bakırköy_7,10830000.0
Bakırköy,174,4.0,13.0,8900000.0,0.0,3.0,8,Doğalgaz,Emlakjet,1.0,4,42.43902439024391,2,5.1647859739235145,1.6094379124341003,696.0,2262.0,8473921.232876712,0,0.0,0.3703703703703704,Bakırköy_4,10120168.539325843
Bakırköy,195,5.0,4.0,4200000.0,0.0,3.0,8,Doğalgaz,Emlakjet,1.0,4,38.23529411764706,0,5.278114659230517,1.791759469228055,975.0,780.0,8473921.232876712,0,0.0,0.3703703703703704,Bakırköy_5,8490408.163265307
Bakırköy,48,2.0,3.0,1350000.0,0.0,3.0,8,Doğalgaz,Emlakjet,1.0,4,22.857142857142858,0,3.8918202981106265,1.0986122886681098,96.0,144.0,8473921.232876712,0,0.0,0.3703703703703704,Bakırköy_2,5132678.571428572
Bakırköy,150,4.0,30.0,1750000.0,0.0,3.0,8,Doğalgaz,Emlakjet,1.0,4,36.58536585365854,3,5.017279836814924,1.6094379124341003,600.0,4500.0,8473921.232876712,0,0.0,0.3703703703703704,Bakırköy_4,10120168.539325843
Bakırköy,100,3.0,30.0,1350000.0,0.0,3.0,8,Doğalgaz,Emlakjet,1.0,4,32.25806451612903,3,4.61512051684126,1.3862943611198906,300.0,3000.0,8473921.232876712,0,0.0,0.3703703703703704,Bakırköy_3,7148456.790123457
Bakırköy,375,7.0,10.0,13500000.0,0.0,3.0,8,Doğalgaz,Emlakjet,1.0,4,52.816901408450704,1,5.929589143389895,2.0794415416798357,2625.0,3750.0,8473921.232876712,0,0.0,0.3703703703703704,Bakırköy_7,10830000.0
Bakırköy,120,4.0,30.0,1780000.0,0.0,3.0,8,Doğalgaz,Emlakjet,1.0,4,29.26829268292683,3,4.795790545596741,1.6094379124341003,480.0,3600.0,8473921.232876712,0,0.0,0.3703703703703704,Bakırköy_4,10120168.539325843
Bakırköy,120,3.0,30.0,4250000.0,0.0,3.0,8,Doğalgaz,Emlakjet,1.0,4,38.70967741935484,3,4.795790545596741,1.3862943611198906,360.0,3600.0,8473921.232876712,0,0.0,0.3703703703703704,Bakırköy_3,7148456.790123457
Bakırköy,90,3.0,30.0,950000.0,0.0,3.0,8,Doğalgaz,Emlakjet,1.0,4,29.032258064516128,3,4.51085950651685,1.3862943611198906,270.0,2700.0,8473921.232876712,0,0.0,0.3703703703703704,Bakırköy_3,7148456.790123457
Bakırköy,200,5.0,4.0,4500000.0,0.0,3.0,8,Doğalgaz,Emlakjet,1.0,4,39.21568627450981,0,5.303304908059076,1.791759469228055,1000.0,800.0,8473921.232876712,0,0.0,0.3703703703703704,Bakırköy_5,8490408.163265307
Bakırköy,155,4.0,30.0,2100000.0,0.0,3.0,8,Doğalgaz,Emlakjet,1.0,4,37.80487804878049,3,5.049856007249537,1.6094379124341003,620.0,4650.0,8473921.232876712,0,0.0,0.3703703703703704,Bakırköy_4,10120168.539325843
Bakırköy,200,4.0,13.0,6400000.0,0.0,3.0,8,Doğalgaz,Emlakjet,1.0,4,48.78048780487805,2,5.303304908059076,1.6094379124341003,800.0,2600.0,8473921.232876712,0,0.0,0.3703703703703704,Bakırköy_4,10120168.539325843
Bakırköy,290,5.0,13.0,11000000.0,0.0,3.0,8,Doğalgaz,Emlakjet,1.0,4,56.86274509803922,2,5.673323267171493,1.791759469228055,1450.0,3770.0,8473921.232876712,0,0.0,0.3703703703703704,Bakırköy_5,8490408.163265307
Bakırköy,180,4.0,30.0,4500000.0,0.0,3.0,8,Doğalgaz,Emlakjet,1.0,4,43.90243902439025,3,5.198497031265826,1.6094379124341003,720.0,5400.0,8473921.232876712,0,0.0,0.3703703703703704,Bakırköy_4,10120168.539325843
Bakırköy,250,7.0,7.5,4650000.0,0.0,3.0,8,Doğalgaz,Emlakjet,1.0,4,35.21126760563381,1,5.5254529391317835,2.0794415416798357,1750.0,1875.0,8473921.232876712,0,0.0,0.3703703703703704,Bakırköy_7,10830000.0
Bakırköy,250,6.0,30.0,3750000.0,0.0,3.0,8,Doğalgaz,Emlakjet,1.0,4,40.98360655737705,3,5.5254529391317835,1.9459101490553132,1500.0,7500.0,8473921.232876712,0,0.0,0.3703703703703704,Bakırköy_6,8028181.818181818
Bakırköy,260,5.0,13.0,4650000.0,0.0,3.0,8,Doğalgaz,Emlakjet,1.0,4,50.98039215686275,2,5.564520407322694,1.791759469228055,1300.0,3380.0,8473921.232876712,0,0.0,0.3703703703703704,Bakırköy_5,8490408.163265307
Bakırköy,170,4.0,1.0,2800000.0,0.0,3.0,8,Doğalgaz,Emlakjet,1.0,4,41.463414634146346,0,5.14166355650266,1.6094379124341003,680.0,170.0,8473921.232876712,0,0.0,0.3703703703703704,Bakırköy_4,10120168.539325843
Başakşehir,130,4.0,10.0,855000.0,0.0,3.0,8,Doğalgaz,Emlakjet,1.0,6,31.707317073170735,1,4.875197323201151,1.6094379124341003,520.0,1300.0,2431092.380952381,0,0.0,0.3703703703703704,Başakşehir_4,2361527.0240963856
Başakşehir,195,5.0,1.0,3500000.0,0.0,3.0,8,Doğalgaz,Emlakjet,1.0,6,38.23529411764706,0,5.278114659230517,1.791759469228055,975.0,195.0,2431092.380952381,0,0.0,0.3703703703703704,Başakşehir_5,3514039.1960784313
Başakşehir,100,3.0,3.0,665000.0,0.0,3.0,8,Doğalgaz,Emlakjet,1.0,6,32.25806451612903,0,4.61512051684126,1.3862943611198906,300.0,300.0,2431092.380952381,0,0.0,0.3703703703703704,Başakşehir_3,1763308.2631578948
Başakşehir,220,6.0,3.0,1050000.0,0.0,3.0,8,Doğalgaz,Emlakjet,1.0,6,36.0655737704918,0,5.3981627015177525,1.9459101490553132,1320.0,660.0,2431092.380952381,0,0.0,0.3703703703703704,Başakşehir_6,3410823.8095238097
Başakşehir,131,3.0,1.0,1850000.0,0.0,3.0,8,Doğalgaz,Emlakjet,1.0,6,42.25806451612903,0,4.882801922586371,1.3862943611198906,393.0,131.0,2431092.380952381,0,0.0,0.3703703703703704,Başakşehir_3,1763308.2631578948
Başakşehir,110,4.0,1.0,510000.0,0.0,3.0,8,Doğalgaz,Emlakjet,1.0,6,26.82926829268293,0,4.709530201312334,1.6094379124341003,440.0,110.0,2431092.380952381,0,0.0,0.3703703703703704,Başakşehir_4,2361527.0240963856
Başakşehir,122,4.0,3.0,2030000.0,0.0,3.0,8,Doğalgaz,Emlakjet,1.0,6,29.75609756097561,0,4.812184355372417,1.6094379124341003,488.0,366.0,2431092.380952381,0,0.0,0.3703703703703704,Başakşehir_4,2361527.0240963856
Başakşehir,140,4.0,7.5,1765000.0,0.0,3.0,8,Doğalgaz,Emlakjet,1.0,6,34.146341463414636,1,4.948759890378168,1.6094379124341003,560.0,1050.0,2431092.380952381,0,0.0,0.3703703703703704,Başakşehir_4,2361527.0240963856
Başakşehir,270,7.0,2.0,1430000.0,0.0,3.0,8,Doğalgaz,Emlakjet,1.0,6,38.02816901408451,0,5.602118820879701,2.0794415416798357,1890.0,540.0,2431092.380952381,0,0.0,0.3703703703703704,Başakşehir_7,4442499.9
Başakşehir,74,2.0,10.0,1175000.0,0.0,3.0,8,Doğalgaz,Emlakjet,1.0,6,35.238095238095234,1,4.31748811353631,1.0986122886681098,148.0,740.0,2431092.380952381,0,0.0,0.3703703703703704,Başakşehir_2,1698500.0
Başakşehir,74,2.0,10.0,1150000.0,0.0,3.0,8,Doğalgaz,Emlakjet,1.0,6,35.238095238095234,1,4.31748811353631,1.0986122886681098,148.0,740.0,2431092.380952381,0,0.0,0.3703703703703704,Başakşehir_2,1698500.0
Başakşehir,180,4.0,3.0,3140000.0,0.0,3.0,8,Doğalgaz,Emlakjet,1.0,6,43.90243902439025,0,5.198497031265826,1.6094379124341003,720.0,540.0,2431092.380952381,0,0.0,0.3703703703703704,Başakşehir_4,2361527.0240963856
Başakşehir,125,3.0,10.0,875000.0,0.0,3.0,8,Doğalgaz,Emlakjet,1.0,6,40.32258064516129,1,4.836281906951478,1.3862943611198906,375.0,1250.0,2431092.380952381,0,0.0,0.3703703703703704,Başakşehir_3,1763308.2631578948
Başakşehir,112,3.0,10.0,1620000.0,0.0,3.0,8,Doğalgaz,Emlakjet,1.0,6,36.12903225806451,1,4.727387818712341,1.3862943611198906,336.0,1120.0,2431092.380952381,0,0.0,0.3703703703703704,Başakşehir_3,1763308.2631578948
Başakşehir,145,4.0,1.0,2950000.0,0.0,3.0,8,Doğalgaz,Emlakjet,1.0,6,35.36585365853659,0,4.983606621708336,1.6094379124341003,580.0,145.0,2431092.380952381,0,0.0,0.3703703703703704,Başakşehir_4,2361527.0240963856
Başakşehir,326,6.0,4.0,6200000.0,0.0,3.0,8,Doğalgaz,Emlakjet,1.0,6,53.442622950819676,0,5.7899601708972535,1.9459101490553132,1956.0,1304.0,2431092.380952381,0,0.0,0.3703703703703704,Başakşehir_6,3410823.8095238097
Başakşehir,206,5.0,2.0,5250000.0,0.0,3.0,8,Doğalgaz,Emlakjet,1.0,6,40.392156862745104,0,5.332718793265369,1.791759469228055,1030.0,412.0,2431092.380952381,0,0.0,0.3703703703703704,Başakşehir_5,3514039.1960784313
Başakşehir,198,4.0,7.5,1900000.0,0.0,3.0,8,Doğalgaz,Emlakjet,1.0,6,48.29268292682927,1,5.293304824724492,1.6094379124341003,792.0,1485.0,2431092.380952381,0,0.0,0.3703703703703704,Başakşehir_4,2361527.0240963856
Başakşehir,125,4.0,30.0,1900000.0,0.0,3.0,8,Doğalgaz,Emlakjet,1.0,6,30.487804878048784,3,4.836281906951478,1.6094379124341003,500.0,3750.0,2431092.380952381,0,0.0,0.3703703703703704,Başakşehir_4,2361527.0240963856
Başakşehir,68,3.0,7.5,840000.0,0.0,3.0,8,Doğalgaz,Emlakjet,1.0,6,21.93548387096774,1,4.23410650459726,1.3862943611198906,204.0,510.0,2431092.380952381,0,0.0,0.3703703703703704,Başakşehir_3,1763308.2631578948
Başakşehir,280,5.0,7.5,7700000.0,0.0,3.0,8,Doğalgaz,Emlakjet,1.0,6,54.90196078431373,1,5.638354669333745,1.791759469228055,1400.0,2100.0,2431092.380952381,0,0.0,0.3703703703703704,Başakşehir_5,3514039.1960784313
Başakşehir,163,4.0,10.0,2600000.0,0.0,3.0,8,Doğalgaz,Emlakjet,1.0,6,39.75609756097561,1,5.099866427824199,1.6094379124341003,652.0,1630.0,2431092.380952381,0,0.0,0.3703703703703704,Başakşehir_4,2361527.0240963856
Başakşehir,128,3.0,10.0,1050000.0,0.0,3.0,8,Doğalgaz,Emlakjet,1.0,6,41.29032258064516,1,4.859812404361672,1.3862943611198906,384.0,1280.0,2431092.380952381,0,0.0,0.3703703703703704,Başakşehir_3,1763308.2631578948
Başakşehir,100,3.0,10.0,640000.0,0.0,3.0,8,Doğalgaz,Emlakjet,1.0,6,32.25806451612903,1,4.61512051684126,1.3862943611198906,300.0,1000.0,2431092.380952381,0,0.0,0.3703703703703704,Başakşehir_3,1763308.2631578948
Başakşehir,175,4.0,1.0,2650000.0,0.0,3.0,8,Doğalgaz,Emlakjet,1.0,6,42.6829268292683,0,5.170483995038151,1.6094379124341003,700.0,175.0,2431092.380952381,0,0.0,0.3703703703703704,Başakşehir_4,2361527.0240963856
Başakşehir,245,5.0,4.0,6000000.0,0.0,3.0,8,Doğalgaz,Emlakjet,1.0,6,48.03921568627451,0,5.5053315359323625,1.791759469228055,1225.0,980.0,2431092.380952381,0,0.0,0.3703703703703704,Başakşehir_5,3514039.1960784313
Başakşehir,200,5.0,3.0,7500000.0,0.0,3.0,8,Doğalgaz,Emlakjet,1.0,6,39.21568627450981,0,5.303304908059076,1.791759469228055,1000.0,600.0,2431092.380952381,0,0.0,0.3703703703703704,Başakşehir_5,3514039.1960784313
Başakşehir,90,2.0,1.0,1590000.0,0.0,3.0,8,Doğalgaz,Emlakjet,1.0,6,42.857142857142854,0,4.51085950651685,1.0986122886681098,180.0,90.0,2431092.380952381,0,0.0,0.3703703703703704,Başakşehir_2,1698500.0
Başakşehir,450,8.0,13.0,5800000.0,0.0,3.0,8,Doğalgaz,Emlakjet,1.0,6,55.55555555555556,2,6.111467339502679,2.1972245773362196,3600.0,5850.0,2431092.380952381,0,0.0,0.3703703703703704,Başakşehir_8,7433333.333333333
Başakşehir,360,7.0,3.0,13500000.0,0.0,3.0,8,Doğalgaz,Emlakjet,1.0,6,50.70422535211268,0,5.8888779583328805,2.0794415416798357,2520.0,1080.0,2431092.380952381,0,0.0,0.3703703703703704,Başakşehir_7,4442499.9
Başakşehir,475,7.0,7.5,8450000.0,0.0,3.0,8,Doğalgaz,Emlakjet,1.0,6,66.90140845070422,1,6.16541785423142,2.0794415416798357,3325.0,3562.5,2431092.380952381,0,0.0,0.3703703703703704,Başakşehir_7,4442499.9
Başakşehir,140,3.0,1.0,1100000.0,0.0,3.0,8,Doğalgaz,Emlakjet,1.0,6,45.16129032258064,0,4.948759890378168,1.3862943611198906,420.0,140.0,2431092.380952381,0,0.0,0.3703703703703704,Başakşehir_3,1763308.2631578948
Başakşehir,102,3.0,1.0,925000.0,0.0,3.0,8,Doğalgaz,Emlakjet,1.0,6,32.90322580645161,0,4.634728988229636,1.3862943611198906,306.0,102.0,2431092.380952381,0,0.0,0.3703703703703704,Başakşehir_3,1763308.2631578948
Başakşehir,200,4.0,7.5,3100000.0,0.0,3.0,8,Doğalgaz,Emlakjet,1.0,6,48.78048780487805,1,5.303304908059076,1.6094379124341003,800.0,1500.0,2431092.380952381,0,0.0,0.3703703703703704,Başakşehir_4,2361527.0240963856
Başakşehir,145,3.0,4.0,1200000.0,0.0,3.0,8,Doğalgaz,Emlakjet,1.0,6,46.774193548387096,0,4.983606621708336,1.3862943611198906,435.0,580.0,2431092.380952381,0,0.0,0.3703703703703704,Başakşehir_3,1763308.2631578948
Başakşehir,165,4.0,4.0,1700000.0,0.0,3.0,8,Doğalgaz,Emlakjet,1.0,6,40.243902439024396,0,5.111987788356544,1.6094379124341003,660.0,660.0,2431092.380952381,0,0.0,0.3703703703703704,Başakşehir_4,2361527.0240963856
Başakşehir,220,7.0,10.0,1350000.0,0.0,3.0,8,Doğalgaz,Emlakjet,1.0,6,30.985915492957748,1,5.3981627015177525,2.0794415416798357,1540.0,2200.0,2431092.380952381,0,0.0,0.3703703703703704,Başakşehir_7,4442499.9
Başakşehir,190,6.0,10.0,955000.0,0.0,3.0,8,Doğalgaz,Emlakjet,1.0,6,31.14754098360656,1,5.25227342804663,1.9459101490553132,1140.0,1900.0,2431092.380952381,0,0.0,0.3703703703703704,Başakşehir_6,3410823.8095238097
Başakşehir,120,3.0,1.0,735000.0,0.0,3.0,8,Doğalgaz,Emlakjet,1.0,6,38.70967741935484,0,4.795790545596741,1.3862943611198906,360.0,120.0,2431092.380952381,0,0.0,0.3703703703703704,Başakşehir_3,1763308.2631578948
Başakşehir,95,3.0,3.0,565000.0,0.0,3.0,8,Doğalgaz,Emlakjet,1.0,6,30.64516129032258,0,4.564348191467836,1.3862943611198906,285.0,285.0,2431092.380952381,0,0.0,0.3703703703703704,Başakşehir_3,1763308.2631578948
Başakşehir,100,3.0,10.0,690000.0,0.0,3.0,8,Doğalgaz,Emlakjet,1.0,6,32.25806451612903,1,4.61512051684126,1.3862943611198906,300.0,1000.0,2431092.380952381,0,0.0,0.3703703703703704,Başakşehir_3,1763308.2631578948
Başakşehir,360,6.0,13.0,4250000.0,0.0,3.0,8,Doğalgaz,Emlakjet,1.0,6,59.016393442622956,2,5.8888779583328805,1.9459101490553132,2160.0,4680.0,2431092.380952381,0,0.0,0.3703703703703704,Başakşehir_6,3410823.8095238097
Başakşehir,177,5.0,7.5,4990000.0,0.0,3.0,8,Doğalgaz,Emlakjet,1.0,6,34.70588235294118,1,5.181783550292085,1.791759469228055,885.0,1327.5,2431092.380952381,0,0.0,0.3703703703703704,Başakşehir_5,3514039.1960784313
Başakşehir,262,6.0,2.0,8130000.0,0.0,3.0,8,Doğalgaz,Emlakjet,1.0,6,42.95081967213115,0,5.572154032177765,1.9459101490553132,1572.0,524.0,2431092.380952381,0,0.0,0.3703703703703704,Başakşehir_6,3410823.8095238097
Başakşehir,186,5.0,10.0,4150000.0,0.0,3.0,8,Doğalgaz,Emlakjet,1.0,6,36.47058823529412,1,5.231108616854587,1.791759469228055,930.0,1860.0,2431092.380952381,0,0.0,0.3703703703703704,Başakşehir_5,3514039.1960784313
Başakşehir,85,3.0,4.0,545000.0,0.0,3.0,8,Doğalgaz,Emlakjet,1.0,6,27.419354838709676,0,4.454347296253507,1.3862943611198906,255.0,340.0,2431092.380952381,0,0.0,0.3703703703703704,Başakşehir_3,1763308.2631578948
Başakşehir,108,3.0,4.0,4050000.0,0.0,3.0,8,Doğalgaz,Emlakjet,1.0,6,34.83870967741935,0,4.6913478822291435,1.3862943611198906,324.0,432.0,2431092.380952381,0,0.0,0.3703703703703704,Başakşehir_3,1763308.2631578948
Başakşehir,220,7.0,7.5,2625000.0,0.0,3.0,8,Doğalgaz,Emlakjet,1.0,6,30.985915492957748,1,5.3981627015177525,2.0794415416798357,1540.0,1650.0,2431092.380952381,0,0.0,0.3703703703703704,Başakşehir_7,4442499.9
Başakşehir,120,3.0,4.0,4300000.0,0.0,3.0,8,Doğalgaz,Emlakjet,1.0,6,38.70967741935484,0,4.795790545596741,1.3862943611198906,360.0,480.0,2431092.380952381,0,0.0,0.3703703703703704,Başakşehir_3,1763308.2631578948
Başakşehir,174,4.0,3.0,3499000.0,0.0,3.0,8,Doğalgaz,Emlakjet,1.0,6,42.43902439024391,0,5.1647859739235145,1.6094379124341003,696.0,522.0,2431092.380952381,0,0.0,0.3703703703703704,Başakşehir_4,2361527.0240963856
Başakşehir,202,5.0,7.5,3850000.0,0.0,3.0,8,Doğalgaz,Emlakjet,1.0,6,39.6078431372549,1,5.313205979041787,1.791759469228055,1010.0,1515.0,2431092.380952381,0,0.0,0.3703703703703704,Başakşehir_5,3514039.1960784313
Başakşehir,178,4.0,4.0,1790000.0,0.0,3.0,8,Doğalgaz,Emlakjet,1.0,6,43.41463414634147,0,5.187385805840755,1.6094379124341003,712.0,712.0,2431092.380952381,0,0.0,0.3703703703703704,Başakşehir_4,2361527.0240963856
Başakşehir,105,3.0,7.5,3450000.0,0.0,3.0,8,Doğalgaz,Emlakjet,1.0,6,33.87096774193548,1,4.663439094112067,1.3862943611198906,315.0,787.5,2431092.380952381,0,0.0,0.3703703703703704,Başakşehir_3,1763308.2631578948
Başakşehir,147,4.0,7.5,560000.0,0.0,3.0,8,Doğalgaz,Emlakjet,1.0,6,35.85365853658537,1,4.997212273764115,1.6094379124341003,588.0,1102.5,2431092.380952381,0,0.0,0.3703703703703704,Başakşehir_4,2361527.0240963856
Başakşehir,88,3.0,2.0,820000.0,0.0,3.0,8,Doğalgaz,Emlakjet,1.0,6,28.387096774193548,0,4.48863636973214,1.3862943611198906,264.0,176.0,2431092.380952381,0,0.0,0.3703703703703704,Başakşehir_3,1763308.2631578948
Başakşehir,120,4.0,18.0,2500000.0,0.0,3.0,8,Doğalgaz,Emlakjet,1.0,6,29.26829268292683,2,4.795790545596741,1.6094379124341003,480.0,2160.0,2431092.380952381,0,0.0,0.3703703703703704,Başakşehir_4,2361527.0240963856
Başakşehir,88,2.0,10.0,2250000.0,0.0,3.0,8,Doğalgaz,Emlakjet,1.0,6,41.904761904761905,1,4.48863636973214,1.0986122886681098,176.0,880.0,2431092.380952381,0,0.0,0.3703703703703704,Başakşehir_2,1698500.0
Başakşehir,135,3.0,3.0,1360000.0,0.0,3.0,8,Doğalgaz,Emlakjet,1.0,6,43.54838709677419,0,4.912654885736052,1.3862943611198906,405.0,405.0,2431092.380952381,0,0.0,0.3703703703703704,Başakşehir_3,1763308.2631578948
Başakşehir,220,5.0,7.5,3130000.0,0.0,3.0,8,Doğalgaz,Emlakjet,1.0,6,43.13725490196079,1,5.3981627015177525,1.791759469228055,1100.0,1650.0,2431092.380952381,0,0.0,0.3703703703703704,Başakşehir_5,3514039.1960784313
Başakşehir,193,5.0,7.5,2000000.0,0.0,3.0,8,Doğalgaz,Emlakjet,1.0,6,37.84313725490196,1,5.267858159063328,1.791759469228055,965.0,1447.5,2431092.380952381,0,0.0,0.3703703703703704,Başakşehir_5,3514039.1960784313
Başakşehir,90,3.0,13.0,1850000.0,0.0,3.0,8,Doğalgaz,Emlakjet,1.0,6,29.032258064516128,2,4.51085950651685,1.3862943611198906,270.0,1170.0,2431092.380952381,0,0.0,0.3703703703703704,Başakşehir_3,1763308.2631578948
Başakşehir,130,3.0,10.0,1200000.0,0.0,3.0,8,Doğalgaz,Emlakjet,1.0,6,41.935483870967744,1,4.875197323201151,1.3862943611198906,390.0,1300.0,2431092.380952381,0,0.0,0.3703703703703704,Başakşehir_3,1763308.2631578948
Başakşehir,122,3.0,7.5,3250000.0,0.0,3.0,8,Doğalgaz,Emlakjet,1.0,6,39.354838709677416,1,4.812184355372417,1.3862943611198906,366.0,915.0,2431092.380952381,0,0.0,0.3703703703703704,Başakşehir_3,1763308.2631578948
Başakşehir,173,4.0,4.0,1750000.0,0.0,3.0,8,Doğalgaz,Emlakjet,1.0,6,42.19512195121951,0,5.159055299214529,1.6094379124341003,692.0,692.0,2431092.380952381,0,0.0,0.3703703703703704,Başakşehir_4,2361527.0240963856
Başakşehir,55,2.0,2.0,1350000.0,0.0,3.0,8,Doğalgaz,Emlakjet,1.0,6,26.19047619047619,0,4.02535169073515,1.0986122886681098,110.0,110.0,2431092.380952381,0,0.0,0.3703703703703704,Başakşehir_2,1698500.0
Başakşehir,63,2.0,2.0,1600000.0,0.0,3.0,8,Doğalgaz,Emlakjet,1.0,6,30.0,0,4.1588830833596715,1.0986122886681098,126.0,126.0,2431092.380952381,0,0.0,0.3703703703703704,Başakşehir_2,1698500.0
Başakşehir,136,4.0,10.0,1050000.0,0.0,3.0,8,Doğalgaz,Emlakjet,1.0,6,33.170731707317074,1,4.919980925828125,1.6094379124341003,544.0,1360.0,2431092.380952381,0,0.0,0.3703703703703704,Başakşehir_4,2361527.0240963856
Başakşehir,82,3.0,10.0,2700000.0,0.0,3.0,8,Doğalgaz,Emlakjet,1.0,6,26.451612903225804,1,4.418840607796598,1.3862943611198906,246.0,820.0,2431092.380952381,0,0.0,0.3703703703703704,Başakşehir_3,1763308.2631578948
Başakşehir,135,3.0,7.5,1270000.0,0.0,3.0,8,Doğalgaz,Emlakjet,1.0,6,43.54838709677419,1,4.912654885736052,1.3862943611198906,405.0,1012.5,2431092.380952381,0,0.0,0.3703703703703704,Başakşehir_3,1763308.2631578948
Başakşehir,79,3.0,2.0,1250000.0,0.0,3.0,8,Doğalgaz,Emlakjet,1.0,6,25.483870967741936,0,4.382026634673881,1.3862943611198906,237.0,158.0,2431092.380952381,0,0.0,0.3703703703703704,Başakşehir_3,1763308.2631578948
Başakşehir,125,3.0,10.0,2650000.0,0.0,3.0,8,Doğalgaz,Emlakjet,1.0,6,40.32258064516129,1,4.836281906951478,1.3862943611198906,375.0,1250.0,2431092.380952381,0,0.0,0.3703703703703704,Başakşehir_3,1763308.2631578948
Başakşehir,128,3.0,7.5,755000.0,0.0,3.0,8,Doğalgaz,Emlakjet,1.0,6,41.29032258064516,1,4.859812404361672,1.3862943611198906,384.0,960.0,2431092.380952381,0,0.0,0.3703703703703704,Başakşehir_3,1763308.2631578948
Başakşehir,100,3.0,10.0,4200000.0,0.0,3.0,8,Doğalgaz,Emlakjet,1.0,6,32.25806451612903,1,4.61512051684126,1.3862943611198906,300.0,1000.0,2431092.380952381,0,0.0,0.3703703703703704,Başakşehir_3,1763308.2631578948
Başakşehir,174,4.0,3.0,3000000.0,0.0,3.0,8,Doğalgaz,Emlakjet,1.0,6,42.43902439024391,0,5.1647859739235145,1.6094379124341003,696.0,522.0,2431092.380952381,0,0.0,0.3703703703703704,Başakşehir_4,2361527.0240963856
Başakşehir,180,4.0,3.0,8950000.0,0.0,3.0,8,Doğalgaz,Emlakjet,1.0,6,43.90243902439025,0,5.198497031265826,1.6094379124341003,720.0,540.0,2431092.380952381,0,0.0,0.3703703703703704,Başakşehir_4,2361527.0240963856
Başakşehir,155,4.0,2.0,2765000.0,0.0,3.0,8,Doğalgaz,Emlakjet,1.0,6,37.80487804878049,0,5.049856007249537,1.6094379124341003,620.0,310.0,2431092.380952381,0,0.0,0.3703703703703704,Başakşehir_4,2361527.0240963856
Başakşehir,163,4.0,4.0,970000.0,0.0,3.0,8,Doğalgaz,Emlakjet,1.0,6,39.75609756097561,0,5.099866427824199,1.6094379124341003,652.0,652.0,2431092.380952381,0,0.0,0.3703703703703704,Başakşehir_4,2361527.0240963856
Başakşehir,75,3.0,7.5,1550000.0,0.0,3.0,8,Doğalgaz,Emlakjet,1.0,6,24.193548387096772,1,4.330733340286331,1.3862943611198906,225.0,562.5,2431092.380952381,0,0.0,0.3703703703703704,Başakşehir_3,1763308.2631578948
Başakşehir,380,7.0,13.0,1400000.0,0.0,3.0,8,Doğalgaz,Emlakjet,1.0,6,53.521126760563384,2,5.942799375126701,2.0794415416798357,2660.0,4940.0,2431092.380952381,0,0.0,0.3703703703703704,Başakşehir_7,4442499.9
Başakşehir,220,5.0,18.0,1075000.0,0.0,3.0,8,Doğalgaz,Emlakjet,1.0,6,43.13725490196079,2,5.3981627015177525,1.791759469228055,1100.0,3960.0,2431092.380952381,0,0.0,0.3703703703703704,Başakşehir_5,3514039.1960784313
Başakşehir,74,2.0,10.0,3850000.0,0.0,3.0,8,Doğalgaz,Emlakjet,1.0,6,35.238095238095234,1,4.31748811353631,1.0986122886681098,148.0,740.0,2431092.380952381,0,0.0,0.3703703703703704,Başakşehir_2,1698500.0
Başakşehir,117,3.0,4.0,5300000.0,0.0,3.0,8,Doğalgaz,Emlakjet,1.0,6,37.74193548387097,0,4.770684624465665,1.3862943611198906,351.0,468.0,2431092.380952381,0,0.0,0.3703703703703704,Başakşehir_3,1763308.2631578948
Başakşehir,120,3.0,10.0,5000000.0,0.0,3.0,8,Doğalgaz,Emlakjet,1.0,6,38.70967741935484,1,4.795790545596741,1.3862943611198906,360.0,1200.0,2431092.380952381,0,0.0,0.3703703703703704,Başakşehir_3,1763308.2631578948
Başakşehir,199,5.5,10.0,685000.0,0.0,3.0,8,Doğalgaz,Emlakjet,1.0,6,35.535714285714285,1,5.298317366548036,1.8718021769015913,1094.5,1990.0,2431092.380952381,0,0.0,0.3703703703703704,Başakşehir_5,3514039.1960784313
Başakşehir,95,3.0,2.0,720000.0,0.0,3.0,8,Doğalgaz,Emlakjet,1.0,6,30.64516129032258,0,4.564348191467836,1.3862943611198906,285.0,190.0,2431092.380952381,0,0.0,0.3703703703703704,Başakşehir_3,1763308.2631578948
Başakşehir,105,3.0,2.0,2260000.0,0.0,3.0,8,Doğalgaz,Emlakjet,1.0,6,33.87096774193548,0,4.663439094112067,1.3862943611198906,315.0,210.0,2431092.380952381,0,0.0,0.3703703703703704,Başakşehir_3,1763308.2631578948
Başakşehir,380,7.0,18.0,2349999.0,0.0,3.0,8,Doğalgaz,Emlakjet,1.0,6,53.521126760563384,2,5.942799375126701,2.0794415416798357,2660.0,6840.0,2431092.380952381,0,0.0,0.3703703703703704,Başakşehir_7,4442499.9
Başakşehir,130,4.0,7.5,4200000.0,0.0,3.0,8,Doğalgaz,Emlakjet,1.0,6,31.707317073170735,1,4.875197323201151,1.6094379124341003,520.0,975.0,2431092.380952381,0,0.0,0.3703703703703704,Başakşehir_4,2361527.0240963856
Başakşehir,195,5.0,3.0,2150000.0,0.0,3.0,8,Doğalgaz,Emlakjet,1.0,6,38.23529411764706,0,5.278114659230517,1.791759469228055,975.0,585.0,2431092.380952381,0,0.0,0.3703703703703704,Başakşehir_5,3514039.1960784313
Başakşehir,320,6.0,30.0,1000000.0,0.0,3.0,8,Doğalgaz,Emlakjet,1.0,6,52.459016393442624,3,5.771441123130016,1.9459101490553132,1920.0,9600.0,2431092.380952381,0,0.0,0.3703703703703704,Başakşehir_6,3410823.8095238097
Başakşehir,130,4.0,2.0,2080000.0,0.0,3.0,8,Doğalgaz,Emlakjet,1.0,6,31.707317073170735,0,4.875197323201151,1.6094379124341003,520.0,260.0,2431092.380952381,0,0.0,0.3703703703703704,Başakşehir_4,2361527.0240963856
Başakşehir,200,5.0,10.0,749000.0,0.0,3.0,8,Doğalgaz,Emlakjet,1.0,6,39.21568627450981,1,5.303304908059076,1.791759469228055,1000.0,2000.0,2431092.380952381,0,0.0,0.3703703703703704,Başakşehir_5,3514039.1960784313
Başakşehir,208,5.0,4.0,2000000.0,0.0,3.0,8,Doğalgaz,Emlakjet,1.0,6,40.7843137254902,0,5.342334251964811,1.791759469228055,1040.0,832.0,2431092.380952381,0,0.0,0.3703703703703704,Başakşehir_5,3514039.1960784313
Başakşehir,108,3.0,4.0,3750000.0,0.0,3.0,8,Doğalgaz,Emlakjet,1.0,6,34.83870967741935,0,4.6913478822291435,1.3862943611198906,324.0,432.0,2431092.380952381,0,0.0,0.3703703703703704,Başakşehir_3,1763308.2631578948
Başakşehir,135,3.0,2.0,1210000.0,0.0,3.0,8,Doğalgaz,Emlakjet,1.0,6,43.54838709677419,0,4.912654885736052,1.3862943611198906,405.0,270.0,2431092.380952381,0,0.0,0.3703703703703704,Başakşehir_3,1763308.2631578948
Başakşehir,57,2.0,4.0,2100000.0,0.0,3.0,8,Doğalgaz,Emlakjet,1.0,6,27.142857142857142,0,4.060443010546419,1.0986122886681098,114.0,228.0,2431092.380952381,0,0.0,0.3703703703703704,Başakşehir_2,1698500.0
Başakşehir,115,3.0,10.0,3240000.0,0.0,3.0,8,Doğalgaz,Emlakjet,1.0,6,37.096774193548384,1,4.7535901911063645,1.3862943611198906,345.0,1150.0,2431092.380952381,0,0.0,0.3703703703703704,Başakşehir_3,1763308.2631578948
Başakşehir,175,4.0,4.0,1280000.0,0.0,3.0,8,Doğalgaz,Emlakjet,1.0,6,42.6829268292683,0,5.170483995038151,1.6094379124341003,700.0,700.0,2431092.380952381,0,0.0,0.3703703703703704,Başakşehir_4,2361527.0240963856
Başakşehir,102,3.0,4.0,4250000.0,0.0,3.0,8,Doğalgaz,Emlakjet,1.0,6,32.90322580645161,0,4.634728988229636,1.3862943611198906,306.0,408.0,2431092.380952381,0,0.0,0.3703703703703704,Başakşehir_3,1763308.2631578948
Başakşehir,181,4.0,4.0,5218745.0,0.0,3.0,8,Doğalgaz,Emlakjet,1.0,6,44.146341463414636,0,5.204006687076795,1.6094379124341003,724.0,724.0,2431092.380952381,0,0.0,0.3703703703703704,Başakşehir_4,2361527.0240963856
Başakşehir,188,5.0,10.0,5000000.0,0.0,3.0,8,Doğalgaz,Emlakjet,1.0,6,36.86274509803922,1,5.241747015059643,1.791759469228055,940.0,1880.0,2431092.380952381,0,0.0,0.3703703703703704,Başakşehir_5,3514039.1960784313
Başakşehir,500,8.0,13.0,6500000.0,0.0,3.0,8,Doğalgaz,Emlakjet,1.0,6,61.7283950617284,2,6.2166061010848646,2.1972245773362196,4000.0,6500.0,2431092.380952381,0,0.0,0.3703703703703704,Başakşehir_8,7433333.333333333
Başakşehir,208,5.0,4.0,3550000.0,0.0,3.0,8,Doğalgaz,Emlakjet,1.0,6,40.7843137254902,0,5.342334251964811,1.791759469228055,1040.0,832.0,2431092.380952381,0,0.0,0.3703703703703704,Başakşehir_5,3514039.1960784313
Başakşehir,202,5.0,7.5,1500000.0,0.0,3.0,8,Doğalgaz,Emlakjet,1.0,6,39.6078431372549,1,5.313205979041787,1.791759469228055,1010.0,1515.0,2431092.380952381,0,0.0,0.3703703703703704,Başakşehir_5,3514039.1960784313
Başakşehir,230,7.0,10.0,1270000.0,0.0,3.0,8,Doğalgaz,Emlakjet,1.0,6,32.3943661971831,1,5.442417710521793,2.0794415416798357,1610.0,2300.0,2431092.380952381,0,0.0,0.3703703703703704,Başakşehir_7,4442499.9
Başakşehir,210,6.0,10.0,1635000.0,0.0,3.0,8,Doğalgaz,Emlakjet,1.0,6,34.42622950819673,1,5.351858133476067,1.9459101490553132,1260.0,2100.0,2431092.380952381,0,0.0,0.3703703703703704,Başakşehir_6,3410823.8095238097
Başakşehir,326,6.0,4.0,4350000.0,0.0,3.0,8,Doğalgaz,Emlakjet,1.0,6,53.442622950819676,0,5.7899601708972535,1.9459101490553132,1956.0,1304.0,2431092.380952381,0,0.0,0.3703703703703704,Başakşehir_6,3410823.8095238097
Başakşehir,190,5.0,2.0,2650000.0,0.0,3.0,8,Doğalgaz,Emlakjet,1.0,6,37.254901960784316,0,5.25227342804663,1.791759469228055,950.0,380.0,2431092.380952381,0,0.0,0.3703703703703704,Başakşehir_5,3514039.1960784313
Başakşehir,135,3.0,3.0,1250000.0,0.0,3.0,8,Doğalgaz,Emlakjet,1.0,6,43.54838709677419,0,4.912654885736052,1.3862943611198906,405.0,405.0,2431092.380952381,0,0.0,0.3703703703703704,Başakşehir_3,1763308.2631578948
Başakşehir,85,3.0,7.5,3150000.0,0.0,3.0,8,Doğalgaz,Emlakjet,1.0,6,27.419354838709676,1,4.454347296253507,1.3862943611198906,255.0,637.5,2431092.380952381,0,0.0,0.3703703703703704,Başakşehir_3,1763308.2631578948
Başakşehir,175,4.0,7.5,595000.0,0.0,3.0,8,Doğalgaz,Emlakjet,1.0,6,42.6829268292683,1,5.170483995038151,1.6094379124341003,700.0,1312.5,2431092.380952381,0,0.0,0.3703703703703704,Başakşehir_4,2361527.0240963856
Başakşehir,85,3.0,10.0,1550000.0,0.0,3.0,8,Doğalgaz,Emlakjet,1.0,6,27.419354838709676,1,4.454347296253507,1.3862943611198906,255.0,850.0,2431092.380952381,0,0.0,0.3703703703703704,Başakşehir_3,1763308.2631578948
Başakşehir,90,3.0,3.0,1250000.0,0.0,3.0,8,Doğalgaz,Emlakjet,1.0,6,29.032258064516128,0,4.51085950651685,1.3862943611198906,270.0,270.0,2431092.380952381,0,0.0,0.3703703703703704,Başakşehir_3,1763308.2631578948
Başakşehir,118,4.0,7.5,1850000.0,0.0,3.0,8,Doğalgaz,Emlakjet,1.0,6,28.780487804878053,1,4.77912349311153,1.6094379124341003,472.0,885.0,2431092.380952381,0,0.0,0.3703703703703704,Başakşehir_4,2361527.0240963856
Başakşehir,110,3.0,4.0,1850000.0,0.0,3.0,8,Doğalgaz,Emlakjet,1.0,6,35.483870967741936,0,4.709530201312334,1.3862943611198906,330.0,440.0,2431092.380952381,0,0.0,0.3703703703703704,Başakşehir_3,1763308.2631578948
Başakşehir,75,2.0,1.0,398000.0,0.0,3.0,8,Doğalgaz,Emlakjet,1.0,6,35.714285714285715,0,4.330733340286331,1.0986122886681098,150.0,75.0,2431092.380952381,0,0.0,0.3703703703703704,Başakşehir_2,1698500.0
Başakşehir,90,3.0,2.0,10499999.0,0.0,3.0,8,Doğalgaz,Emlakjet,1.0,6,29.032258064516128,0,4.51085950651685,1.3862943611198906,270.0,180.0,2431092.380952381,0,0.0,0.3703703703703704,Başakşehir_3,1763308.2631578948
Başakşehir,145,3.0,2.0,2150000.0,0.0,3.0,8,Doğalgaz,Emlakjet,1.0,6,46.774193548387096,0,4.983606621708336,1.3862943611198906,435.0,290.0,2431092.380952381,0,0.0,0.3703703703703704,Başakşehir_3,1763308.2631578948
Başakşehir,135,3.0,4.0,5000000.0,0.0,3.0,8,Doğalgaz,Emlakjet,1.0,6,43.54838709677419,0,4.912654885736052,1.3862943611198906,405.0,540.0,2431092.380952381,0,0.0,0.3703703703703704,Başakşehir_3,1763308.2631578948
Başakşehir,210,5.0,4.0,3980000.0,0.0,3.0,8,Doğalgaz,Emlakjet,1.0,6,41.1764705882353,0,5.351858133476067,1.791759469228055,1050.0,840.0,2431092.380952381,0,0.0,0.3703703703703704,Başakşehir_5,3514039.1960784313
Başakşehir,185,4.0,4.0,855000.0,0.0,3.0,8,Doğalgaz,Emlakjet,1.0,6,45.1219512195122,0,5.225746673713202,1.6094379124341003,740.0,740.0,2431092.380952381,0,0.0,0.3703703703703704,Başakşehir_4,2361527.0240963856
Başakşehir,75,3.0,7.5,1550000.0,0.0,3.0,8,Doğalgaz,Emlakjet,1.0,6,24.193548387096772,1,4.330733340286331,1.3862943611198906,225.0,562.5,2431092.380952381,0,0.0,0.3703703703703704,Başakşehir_3,1763308.2631578948
Başakşehir,122,3.0,7.5,4650000.0,0.0,3.0,8,Doğalgaz,Emlakjet,1.0,6,39.354838709677416,1,4.812184355372417,1.3862943611198906,366.0,915.0,2431092.380952381,0,0.0,0.3703703703703704,Başakşehir_3,1763308.2631578948
Başakşehir,170,4.0,4.0,1440000.0,0.0,3.0,8,Doğalgaz,Emlakjet,1.0,6,41.463414634146346,0,5.14166355650266,1.6094379124341003,680.0,680.0,2431092.380952381,0,0.0,0.3703703703703704,Başakşehir_4,2361527.0240963856
Başakşehir,96,3.0,4.0,4150000.0,0.0,3.0,8,Doğalgaz,Emlakjet,1.0,6,30.96774193548387,0,4.574710978503383,1.3862943611198906,288.0,384.0,2431092.380952381,0,0.0,0.3703703703703704,Başakşehir_3,1763308.2631578948
Başakşehir,200,5.0,4.0,2800000.0,0.0,3.0,8,Doğalgaz,Emlakjet,1.0,6,39.21568627450981,0,5.303304908059076,1.791759469228055,1000.0,800.0,2431092.380952381,0,0.0,0.3703703703703704,Başakşehir_5,3514039.1960784313
Başakşehir,144,4.0,4.0,3550000.0,0.0,3.0,8,Doğalgaz,Emlakjet,1.0,6,35.1219512195122,0,4.976733742420574,1.6094379124341003,576.0,576.0,2431092.380952381,0,0.0,0.3703703703703704,Başakşehir_4,2361527.0240963856
Başakşehir,267,5.0,3.0,13870000.0,0.0,3.0,8,Doğalgaz,Emlakjet,1.0,6,52.352941176470594,0,5.5909869805108565,1.791759469228055,1335.0,801.0,2431092.380952381,0,0.0,0.3703703703703704,Başakşehir_5,3514039.1960784313
Başakşehir,336,6.0,7.5,5050000.0,0.0,3.0,8,Doğalgaz,Emlakjet,1.0,6,55.08196721311476,1,5.820082930352362,1.9459101490553132,2016.0,2520.0,2431092.380952381,0,0.0,0.3703703703703704,Başakşehir_6,3410823.8095238097
Başakşehir,194,5.0,13.0,525000.0,0.0,3.0,8,Doğalgaz,Emlakjet,1.0,6,38.03921568627451,2,5.272999558563747,1.791759469228055,970.0,2522.0,2431092.380952381,0,0.0,0.3703703703703704,Başakşehir_5,3514039.1960784313
Başakşehir,73,2.0,10.0,13000000.0,0.0,3.0,8,Doğalgaz,Emlakjet,1.0,6,34.76190476190476,1,4.30406509320417,1.0986122886681098,146.0,730.0,2431092.380952381,0,0.0,0.3703703703703704,Başakşehir_2,1698500.0
Başakşehir,336,6.0,7.5,1800000.0,0.0,3.0,8,Doğalgaz,Emlakjet,1.0,6,55.08196721311476,1,5.820082930352362,1.9459101490553132,2016.0,2520.0,2431092.380952381,0,0.0,0.3703703703703704,Başakşehir_6,3410823.8095238097
Başakşehir,174,4.0,7.5,700000.0,0.0,3.0,8,Doğalgaz,Emlakjet,1.0,6,42.43902439024391,1,5.1647859739235145,1.6094379124341003,696.0,1305.0,2431092.380952381,0,0.0,0.3703703703703704,Başakşehir_4,2361527.0240963856
Başakşehir,100,3.0,10.0,1335000.0,0.0,3.0,8,Doğalgaz,Emlakjet,1.0,6,32.25806451612903,1,4.61512051684126,1.3862943611198906,300.0,1000.0,2431092.380952381,0,0.0,0.3703703703703704,Başakşehir_3,1763308.2631578948
Başakşehir,190,5.0,10.0,4250000.0,0.0,3.0,8,Doğalgaz,Emlakjet,1.0,6,37.254901960784316,1,5.25227342804663,1.791759469228055,950.0,1900.0,2431092.380952381,0,0.0,0.3703703703703704,Başakşehir_5,3514039.1960784313
Başakşehir,156,4.0,10.0,1925000.0,0.0,3.0,8,Doğalgaz,Emlakjet,1.0,6,38.04878048780488,1,5.056245805348308,1.6094379124341003,624.0,1560.0,2431092.380952381,0,0.0,0.3703703703703704,Başakşehir_4,2361527.0240963856
Başakşehir,95,3.0,10.0,780000.0,0.0,3.0,8,Doğalgaz,Emlakjet,1.0,6,30.64516129032258,1,4.564348191467836,1.3862943611198906,285.0,950.0,2431092.380952381,0,0.0,0.3703703703703704,Başakşehir_3,1763308.2631578948
Başakşehir,120,4.0,2.0,950000.0,0.0,3.0,8,Doğalgaz,Emlakjet,1.0,6,29.26829268292683,0,4.795790545596741,1.6094379124341003,480.0,240.0,2431092.380952381,0,0.0,0.3703703703703704,Başakşehir_4,2361527.0240963856
Başakşehir,130,4.0,10.0,830000.0,0.0,3.0,8,Doğalgaz,Emlakjet,1.0,6,31.707317073170735,1,4.875197323201151,1.6094379124341003,520.0,1300.0,2431092.380952381,0,0.0,0.3703703703703704,Başakşehir_4,2361527.0240963856
Başakşehir,110,3.0,10.0,1185000.0,0.0,3.0,8,Doğalgaz,Emlakjet,1.0,6,35.483870967741936,1,4.709530201312334,1.3862943611198906,330.0,1100.0,2431092.380952381,0,0.0,0.3703703703703704,Başakşehir_3,1763308.2631578948
Başakşehir,210,6.0,4.0,700000.0,0.0,3.0,8,Doğalgaz,Emlakjet,1.0,6,34.42622950819673,0,5.351858133476067,1.9459101490553132,1260.0,840.0,2431092.380952381,0,0.0,0.3703703703703704,Başakşehir_6,3410823.8095238097
Başakşehir,90,3.0,10.0,825000.0,0.0,3.0,8,Doğalgaz,Emlakjet,1.0,6,29.032258064516128,1,4.51085950651685,1.3862943611198906,270.0,900.0,2431092.380952381,0,0.0,0.3703703703703704,Başakşehir_3,1763308.2631578948
Başakşehir,100,3.0,4.0,950000.0,0.0,3.0,8,Doğalgaz,Emlakjet,1.0,6,32.25806451612903,0,4.61512051684126,1.3862943611198906,300.0,400.0,2431092.380952381,0,0.0,0.3703703703703704,Başakşehir_3,1763308.2631578948
Başakşehir,190,5.0,1.0,1500000.0,0.0,3.0,8,Doğalgaz,Emlakjet,1.0,6,37.254901960784316,0,5.25227342804663,1.791759469228055,950.0,190.0,2431092.380952381,0,0.0,0.3703703703703704,Başakşehir_5,3514039.1960784313
Başakşehir,200,6.0,10.0,438000.0,0.0,3.0,8,Doğalgaz,Emlakjet,1.0,6,32.786885245901644,1,5.303304908059076,1.9459101490553132,1200.0,2000.0,2431092.380952381,0,0.0,0.3703703703703704,Başakşehir_6,3410823.8095238097
Başakşehir,90,3.0,3.0,1150000.0,0.0,3.0,8,Doğalgaz,Emlakjet,1.0,6,29.032258064516128,0,4.51085950651685,1.3862943611198906,270.0,270.0,2431092.380952381,0,0.0,0.3703703703703704,Başakşehir_3,1763308.2631578948
Başakşehir,130,4.0,10.0,950000.0,0.0,3.0,8,Doğalgaz,Emlakjet,1.0,6,31.707317073170735,1,4.875197323201151,1.6094379124341003,520.0,1300.0,2431092.380952381,0,0.0,0.3703703703703704,Başakşehir_4,2361527.0240963856
Başakşehir,100,3.0,10.0,885000.0,0.0,3.0,8,Doğalgaz,Emlakjet,1.0,6,32.25806451612903,1,4.61512051684126,1.3862943611198906,300.0,1000.0,2431092.380952381,0,0.0,0.3703703703703704,Başakşehir_3,1763308.2631578948
Başakşehir,100,3.0,10.0,1250000.0,0.0,3.0,8,Doğalgaz,Emlakjet,1.0,6,32.25806451612903,1,4.61512051684126,1.3862943611198906,300.0,1000.0,2431092.380952381,0,0.0,0.3703703703703704,Başakşehir_3,1763308.2631578948
Başakşehir,200,5.0,1.0,678000.0,0.0,3.0,8,Doğalgaz,Emlakjet,1.0,6,39.21568627450981,0,5.303304908059076,1.791759469228055,1000.0,200.0,2431092.380952381,0,0.0,0.3703703703703704,Başakşehir_5,3514039.1960784313
Başakşehir,120,4.0,3.0,2500000.0,0.0,3.0,8,Doğalgaz,Emlakjet,1.0,6,29.26829268292683,0,4.795790545596741,1.6094379124341003,480.0,360.0,2431092.380952381,0,0.0,0.3703703703703704,Başakşehir_4,2361527.0240963856
Başakşehir,95,3.0,4.0,8000000.0,0.0,3.0,8,Doğalgaz,Emlakjet,1.0,6,30.64516129032258,0,4.564348191467836,1.3862943611198906,285.0,380.0,2431092.380952381,0,0.0,0.3703703703703704,Başakşehir_3,1763308.2631578948
Başakşehir,330,9.0,7.5,3800000.0,0.0,3.0,8,Doğalgaz,Emlakjet,1.0,6,36.26373626373626,1,5.802118375377063,2.302585092994046,2970.0,2475.0,2431092.380952381,0,0.0,0.3703703703703704,Başakşehir_9,4800000.0
Kadıköy,240,5.0,18.0,5750000.0,0.0,3.0,8,Doğalgaz,Emlakjet,1.0,10,47.05882352941177,2,5.484796933490655,1.791759469228055,1200.0,4320.0,12712120.921305181,0,0.0,0.3703703703703704,Kadıköy_5,9932272.727272727
Kadıköy,130,4.0,30.0,3100000.0,0.0,3.0,8,Doğalgaz,Emlakjet,1.0,10,31.707317073170735,3,4.875197323201151,1.6094379124341003,520.0,3900.0,12712120.921305181,0,0.0,0.3703703703703704,Kadıköy_4,10351004.016064256
Kadıköy,240,6.0,7.5,13895000.0,0.0,3.0,8,Doğalgaz,Emlakjet,1.0,10,39.34426229508197,1,5.484796933490655,1.9459101490553132,1440.0,1800.0,12712120.921305181,0,0.0,0.3703703703703704,Kadıköy_6,11243000.0
Kadıköy,155,4.0,30.0,4395000.0,0.0,3.0,8,Doğalgaz,Emlakjet,1.0,10,37.80487804878049,3,5.049856007249537,1.6094379124341003,620.0,4650.0,12712120.921305181,0,0.0,0.3703703703703704,Kadıköy_4,10351004.016064256
Kadıköy,115,4.0,4.0,3500000.0,0.0,3.0,8,Doğalgaz,Emlakjet,1.0,10,28.04878048780488,0,4.7535901911063645,1.6094379124341003,460.0,460.0,12712120.921305181,0,0.0,0.3703703703703704,Kadıköy_4,10351004.016064256
Kadıköy,120,4.0,30.0,1780000.0,0.0,3.0,8,Doğalgaz,Emlakjet,1.0,10,29.26829268292683,3,4.795790545596741,1.6094379124341003,480.0,3600.0,12712120.921305181,0,0.0,0.3703703703703704,Kadıköy_4,10351004.016064256
Kadıköy,75,3.0,4.0,3650000.0,0.0,3.0,8,Doğalgaz,Emlakjet,1.0,10,24.193548387096772,0,4.330733340286331,1.3862943611198906,225.0,300.0,12712120.921305181,0,0.0,0.3703703703703704,Kadıköy_3,16696702.898550725
Kadıköy,130,4.0,30.0,3685000.0,0.0,3.0,8,Doğalgaz,Emlakjet,1.0,10,31.707317073170735,3,4.875197323201151,1.6094379124341003,520.0,3900.0,12712120.921305181,0,0.0,0.3703703703703704,Kadıköy_4,10351004.016064256
Kadıköy,90,3.0,4.0,1985000.0,0.0,3.0,8,Doğalgaz,Emlakjet,1.0,10,29.032258064516128,0,4.51085950651685,1.3862943611198906,270.0,360.0,12712120.921305181,0,0.0,0.3703703703703704,Kadıköy_3,16696702.898550725
Kadıköy,140,4.0,30.0,3450000.0,0.0,3.0,8,Doğalgaz,Emlakjet,1.0,10,34.146341463414636,3,4.948759890378168,1.6094379124341003,560.0,4200.0,12712120.921305181,0,0.0,0.3703703703703704,Kadıköy_4,10351004.016064256
Kadıköy,145,4.0,2.0,4790000.0,0.0,3.0,8,Doğalgaz,Emlakjet,1.0,10,35.36585365853659,0,4.983606621708336,1.6094379124341003,580.0,290.0,12712120.921305181,0,0.0,0.3703703703703704,Kadıköy_4,10351004.016064256
Kadıköy,130,4.0,3.0,6900000.0,0.0,3.0,8,Doğalgaz,Emlakjet,1.0,10,31.707317073170735,0,4.875197323201151,1.6094379124341003,520.0,390.0,12712120.921305181,0,0.0,0.3703703703703704,Kadıköy_4,10351004.016064256
Kadıköy,180,6.0,18.0,2150000.0,0.0,3.0,8,Doğalgaz,Emlakjet,1.0,10,29.508196721311478,2,5.198497031265826,1.9459101490553132,1080.0,3240.0,12712120.921305181,0,0.0,0.3703703703703704,Kadıköy_6,11243000.0
Kadıköy,110,4.0,30.0,1680000.0,0.0,3.0,8,Doğalgaz,Emlakjet,1.0,10,26.82926829268293,3,4.709530201312334,1.6094379124341003,440.0,3300.0,12712120.921305181,0,0.0,0.3703703703703704,Kadıköy_4,10351004.016064256
Kadıköy,85,3.0,3.0,2490000.0,0.0,3.0,8,Doğalgaz,Emlakjet,1.0,10,27.419354838709676,0,4.454347296253507,1.3862943611198906,255.0,255.0,12712120.921305181,0,0.0,0.3703703703703704,Kadıköy_3,16696702.898550725
Kadıköy,150,4.0,30.0,5500000.0,0.0,3.0,8,Doğalgaz,Emlakjet,1.0,10,36.58536585365854,3,5.017279836814924,1.6094379124341003,600.0,4500.0,12712120.921305181,0,0.0,0.3703703703703704,Kadıköy_4,10351004.016064256
Kadıköy,90,3.0,30.0,3350000.0,0.0,3.0,8,Doğalgaz,Emlakjet,1.0,10,29.032258064516128,3,4.51085950651685,1.3862943611198906,270.0,2700.0,12712120.921305181,0,0.0,0.3703703703703704,Kadıköy_3,16696702.898550725
Kadıköy,130,4.0,13.0,5295000.0,0.0,3.0,8,Doğalgaz,Emlakjet,1.0,10,31.707317073170735,2,4.875197323201151,1.6094379124341003,520.0,1690.0,12712120.921305181,0,0.0,0.3703703703703704,Kadıköy_4,10351004.016064256
Kadıköy,155,4.0,30.0,4495000.0,0.0,3.0,8,Doğalgaz,Emlakjet,1.0,10,37.80487804878049,3,5.049856007249537,1.6094379124341003,620.0,4650.0,12712120.921305181,0,0.0,0.3703703703703704,Kadıköy_4,10351004.016064256
Kadıköy,135,4.0,4.0,4895000.0,0.0,3.0,8,Doğalgaz,Emlakjet,1.0,10,32.926829268292686,0,4.912654885736052,1.6094379124341003,540.0,540.0,12712120.921305181,0,0.0,0.3703703703703704,Kadıköy_4,10351004.016064256
Kadıköy,185,5.0,30.0,5750000.0,0.0,3.0,8,Doğalgaz,Emlakjet,1.0,10,36.27450980392157,3,5.225746673713202,1.791759469228055,925.0,5550.0,12712120.921305181,0,0.0,0.3703703703703704,Kadıköy_5,9932272.727272727
Kadıköy,240,5.0,13.0,5750000.0,0.0,3.0,8,Doğalgaz,Emlakjet,1.0,10,47.05882352941177,2,5.484796933490655,1.791759469228055,1200.0,3120.0,12712120.921305181,0,0.0,0.3703703703703704,Kadıköy_5,9932272.727272727
Kadıköy,115,4.0,4.0,1950000.0,0.0,3.0,8,Doğalgaz,Emlakjet,1.0,10,28.04878048780488,0,4.7535901911063645,1.6094379124341003,460.0,460.0,12712120.921305181,0,0.0,0.3703703703703704,Kadıköy_4,10351004.016064256
Kadıköy,100,2.0,30.0,2900000.0,0.0,3.0,8,Doğalgaz,Emlakjet,1.0,10,47.61904761904762,3,4.61512051684126,1.0986122886681098,200.0,3000.0,12712120.921305181,0,0.0,0.3703703703703704,Kadıköy_2,17476521.739130434
Kadıköy,92,3.0,4.0,3495000.0,0.0,3.0,8,Doğalgaz,Emlakjet,1.0,10,29.677419354838708,0,4.532599493153256,1.3862943611198906,276.0,368.0,12712120.921305181,0,0.0,0.3703703703703704,Kadıköy_3,16696702.898550725
Kadıköy,118,4.0,4.0,4250000.0,0.0,3.0,8,Doğalgaz,Emlakjet,1.0,10,28.780487804878053,0,4.77912349311153,1.6094379124341003,472.0,472.0,12712120.921305181,0,0.0,0.3703703703703704,Kadıköy_4,10351004.016064256
Kadıköy,120,4.0,30.0,2200000.0,0.0,3.0,8,Doğalgaz,Emlakjet,1.0,10,29.26829268292683,3,4.795790545596741,1.6094379124341003,480.0,3600.0,12712120.921305181,0,0.0,0.3703703703703704,Kadıköy_4,10351004.016064256
Kadıköy,92,3.0,4.0,3495000.0,0.0,3.0,8,Doğalgaz,Emlakjet,1.0,10,29.677419354838708,0,4.532599493153256,1.3862943611198906,276.0,368.0,12712120.921305181,0,0.0,0.3703703703703704,Kadıköy_3,16696702.898550725
Kadıköy,210,4.0,30.0,3500000.0,0.0,3.0,8,Doğalgaz,Emlakjet,1.0,10,51.21951219512196,3,5.351858133476067,1.6094379124341003,840.0,6300.0,12712120.921305181,0,0.0,0.3703703703703704,Kadıköy_4,10351004.016064256
Kadıköy,160,4.0,30.0,3275000.0,0.0,3.0,8,Doğalgaz,Emlakjet,1.0,10,39.024390243902445,3,5.081404364984463,1.6094379124341003,640.0,4800.0,12712120.921305181,0,0.0,0.3703703703703704,Kadıköy_4,10351004.016064256
Kadıköy,115,4.0,30.0,2100000.0,0.0,3.0,8,Doğalgaz,Emlakjet,1.0,10,28.04878048780488,3,4.7535901911063645,1.6094379124341003,460.0,3450.0,12712120.921305181,0,0.0,0.3703703703703704,Kadıköy_4,10351004.016064256
Kadıköy,60,2.0,3.0,1500000.0,0.0,3.0,8,Doğalgaz,Emlakjet,1.0,10,28.57142857142857,0,4.110873864173311,1.0986122886681098,120.0,180.0,12712120.921305181,0,0.0,0.3703703703703704,Kadıköy_2,17476521.739130434
Kadıköy,85,3.0,30.0,2550000.0,0.0,3.0,8,Doğalgaz,Emlakjet,1.0,10,27.419354838709676,3,4.454347296253507,1.3862943611198906,255.0,2550.0,12712120.921305181,0,0.0,0.3703703703703704,Kadıköy_3,16696702.898550725
Kadıköy,150,4.0,30.0,4350000.0,0.0,3.0,8,Doğalgaz,Emlakjet,1.0,10,36.58536585365854,3,5.017279836814924,1.6094379124341003,600.0,4500.0,12712120.921305181,0,0.0,0.3703703703703704,Kadıköy_4,10351004.016064256
Kadıköy,280,4.0,7.5,4100000.0,0.0,3.0,8,Doğalgaz,Emlakjet,1.0,10,68.29268292682927,1,5.638354669333745,1.6094379124341003,1120.0,2100.0,12712120.921305181,0,0.0,0.3703703703703704,Kadıköy_4,10351004.016064256
Kadıköy,120,4.0,30.0,1780000.0,0.0,3.0,8,Doğalgaz,Emlakjet,1.0,10,29.26829268292683,3,4.795790545596741,1.6094379124341003,480.0,3600.0,12712120.921305181,0,0.0,0.3703703703703704,Kadıköy_4,10351004.016064256
Kadıköy,150,4.0,30.0,6900000.0,0.0,3.0,8,Doğalgaz,Emlakjet,1.0,10,36.58536585365854,3,5.017279836814924,1.6094379124341003,600.0,4500.0,12712120.921305181,0,0.0,0.3703703703703704,Kadıköy_4,10351004.016064256
Kadıköy,140,4.0,30.0,3685000.0,0.0,3.0,8,Doğalgaz,Emlakjet,1.0,10,34.146341463414636,3,4.948759890378168,1.6094379124341003,560.0,4200.0,12712120.921305181,0,0.0,0.3703703703703704,Kadıköy_4,10351004.016064256
Kadıköy,150,4.0,30.0,3345000.0,0.0,3.0,8,Doğalgaz,Emlakjet,1.0,10,36.58536585365854,3,5.017279836814924,1.6094379124341003,600.0,4500.0,12712120.921305181,0,0.0,0.3703703703703704,Kadıköy_4,10351004.016064256
Kadıköy,115,3.0,10.0,2175000.0,0.0,3.0,8,Doğalgaz,Emlakjet,1.0,10,37.096774193548384,1,4.7535901911063645,1.3862943611198906,345.0,1150.0,12712120.921305181,0,0.0,0.3703703703703704,Kadıköy_3,16696702.898550725
Kadıköy,3662,3.0,10.0,105000000.0,0.0,3.0,8,Doğalgaz,Emlakjet,1.0,10,1181.2903225806451,1,8.206037762778815,1.3862943611198906,10986.0,36620.0,12712120.921305181,0,0.0,0.3703703703703704,Kadıköy_3,16696702.898550725
Kadıköy,135,4.0,7.5,6945000.0,0.0,3.0,8,Doğalgaz,Emlakjet,1.0,10,32.926829268292686,1,4.912654885736052,1.6094379124341003,540.0,1012.5,12712120.921305181,0,0.0,0.3703703703703704,Kadıköy_4,10351004.016064256
Kadıköy,170,4.0,30.0,3445000.0,0.0,3.0,8,Doğalgaz,Emlakjet,1.0,10,41.463414634146346,3,5.14166355650266,1.6094379124341003,680.0,5100.0,12712120.921305181,0,0.0,0.3703703703703704,Kadıköy_4,10351004.016064256
Kadıköy,250,5.0,10.0,6600000.0,0.0,3.0,8,Doğalgaz,Emlakjet,1.0,10,49.01960784313726,1,5.5254529391317835,1.791759469228055,1250.0,2500.0,12712120.921305181,0,0.0,0.3703703703703704,Kadıköy_5,9932272.727272727
Kadıköy,125,4.0,10.0,3950000.0,0.0,3.0,8,Doğalgaz,Emlakjet,1.0,10,30.487804878048784,1,4.836281906951478,1.6094379124341003,500.0,1250.0,12712120.921305181,0,0.0,0.3703703703703704,Kadıköy_4,10351004.016064256
Kadıköy,90,3.0,4.0,2500000.0,0.0,3.0,8,Doğalgaz,Emlakjet,1.0,10,29.032258064516128,0,4.51085950651685,1.3862943611198906,270.0,360.0,12712120.921305181,0,0.0,0.3703703703703704,Kadıköy_3,16696702.898550725
Kadıköy,135,4.0,4.0,4895000.0,0.0,3.0,8,Doğalgaz,Emlakjet,1.0,10,32.926829268292686,0,4.912654885736052,1.6094379124341003,540.0,540.0,12712120.921305181,0,0.0,0.3703703703703704,Kadıköy_4,10351004.016064256
Kadıköy,135,4.0,30.0,1450000.0,0.0,3.0,8,Doğalgaz,Emlakjet,1.0,10,32.926829268292686,3,4.912654885736052,1.6094379124341003,540.0,4050.0,12712120.921305181,0,0.0,0.3703703703703704,Kadıköy_4,10351004.016064256
Kadıköy,150,4.0,7.5,7950000.0,0.0,3.0,8,Doğalgaz,Emlakjet,1.0,10,36.58536585365854,1,5.017279836814924,1.6094379124341003,600.0,1125.0,12712120.921305181,0,0.0,0.3703703703703704,Kadıköy_4,10351004.016064256
Kadıköy,230,5.0,30.0,9750000.0,0.0,3.0,8,Doğalgaz,Emlakjet,1.0,10,45.09803921568628,3,5.442417710521793,1.791759469228055,1150.0,6900.0,12712120.921305181,0,0.0,0.3703703703703704,Kadıköy_5,9932272.727272727
Kadıköy,85,2.0,7.5,1680000.0,0.0,3.0,8,Doğalgaz,Emlakjet,1.0,10,40.476190476190474,1,4.454347296253507,1.0986122886681098,170.0,637.5,12712120.921305181,0,0.0,0.3703703703703704,Kadıköy_2,17476521.739130434
Kadıköy,120,4.0,4.0,3975000.0,0.0,3.0,8,Doğalgaz,Emlakjet,1.0,10,29.26829268292683,0,4.795790545596741,1.6094379124341003,480.0,480.0,12712120.921305181,0,0.0,0.3703703703703704,Kadıköy_4,10351004.016064256
Kadıköy,190,4.0,4.0,3140000.0,0.0,3.0,8,Doğalgaz,Emlakjet,1.0,10,46.34146341463415,0,5.25227342804663,1.6094379124341003,760.0,760.0,12712120.921305181,0,0.0,0.3703703703703704,Kadıköy_4,10351004.016064256
Kadıköy,160,4.0,13.0,4690000.0,0.0,3.0,8,Doğalgaz,Emlakjet,1.0,10,39.024390243902445,2,5.081404364984463,1.6094379124341003,640.0,2080.0,12712120.921305181,0,0.0,0.3703703703703704,Kadıköy_4,10351004.016064256
Kadıköy,130,4.0,10.0,7595000.0,0.0,3.0,8,Doğalgaz,Emlakjet,1.0,10,31.707317073170735,1,4.875197323201151,1.6094379124341003,520.0,1300.0,12712120.921305181,0,0.0,0.3703703703703704,Kadıköy_4,10351004.016064256
Kadıköy,135,4.0,4.0,4400000.0,0.0,3.0,8,Doğalgaz,Emlakjet,1.0,10,32.926829268292686,0,4.912654885736052,1.6094379124341003,540.0,540.0,12712120.921305181,0,0.0,0.3703703703703704,Kadıköy_4,10351004.016064256
Kadıköy,450,7.0,30.0,14750000.0,0.0,3.0,8,Doğalgaz,Emlakjet,1.0,10,63.38028169014085,3,6.111467339502679,2.0794415416798357,3150.0,13500.0,12712120.921305181,0,0.0,0.3703703703703704,Kadıköy_7,14290000.0
Kadıköy,210,5.0,10.0,12250000.0,0.0,3.0,8,Doğalgaz,Emlakjet,1.0,10,41.1764705882353,1,5.351858133476067,1.791759469228055,1050.0,2100.0,12712120.921305181,0,0.0,0.3703703703703704,Kadıköy_5,9932272.727272727
Kadıköy,260,6.0,3.0,5250000.0,0.0,3.0,8,Doğalgaz,Emlakjet,1.0,10,42.622950819672134,0,5.564520407322694,1.9459101490553132,1560.0,780.0,12712120.921305181,0,0.0,0.3703703703703704,Kadıköy_6,11243000.0
Kadıköy,118,4.0,4.0,4950000.0,0.0,3.0,8,Doğalgaz,Emlakjet,1.0,10,28.780487804878053,0,4.77912349311153,1.6094379124341003,472.0,472.0,12712120.921305181,0,0.0,0.3703703703703704,Kadıköy_4,10351004.016064256
Kadıköy,165,4.0,13.0,4690000.0,0.0,3.0,8,Doğalgaz,Emlakjet,1.0,10,40.243902439024396,2,5.111987788356544,1.6094379124341003,660.0,2145.0,12712120.921305181,0,0.0,0.3703703703703704,Kadıköy_4,10351004.016064256
Kadıköy,223,4.0,4.0,10850000.0,0.0,3.0,8,Doğalgaz,Emlakjet,1.0,10,54.39024390243903,0,5.4116460518550396,1.6094379124341003,892.0,892.0,12712120.921305181,0,0.0,0.3703703703703704,Kadıköy_4,10351004.016064256
Kadıköy,140,4.0,3.0,7950000.0,0.0,3.0,8,Doğalgaz,Emlakjet,1.0,10,34.146341463414636,0,4.948759890378168,1.6094379124341003,560.0,420.0,12712120.921305181,0,0.0,0.3703703703703704,Kadıköy_4,10351004.016064256
Kadıköy,130,4.0,10.0,5450000.0,0.0,3.0,8,Doğalgaz,Emlakjet,1.0,10,31.707317073170735,1,4.875197323201151,1.6094379124341003,520.0,1300.0,12712120.921305181,0,0.0,0.3703703703703704,Kadıköy_4,10351004.016064256
Kadıköy,92,3.0,7.5,1345000.0,0.0,3.0,8,Doğalgaz,Emlakjet,1.0,10,29.677419354838708,1,4.532599493153256,1.3862943611198906,276.0,690.0,12712120.921305181,0,0.0,0.3703703703703704,Kadıköy_3,16696702.898550725
Kadıköy,230,5.0,10.0,9000000.0,0.0,3.0,8,Doğalgaz,Emlakjet,1.0,10,45.09803921568628,1,5.442417710521793,1.791759469228055,1150.0,2300.0,12712120.921305181,0,0.0,0.3703703703703704,Kadıköy_5,9932272.727272727
Kadıköy,70,2.0,10.0,2100000.0,0.0,3.0,8,Doğalgaz,Emlakjet,1.0,10,33.33333333333333,1,4.2626798770413155,1.0986122886681098,140.0,700.0,12712120.921305181,0,0.0,0.3703703703703704,Kadıköy_2,17476521.739130434
Kadıköy,185,5.0,30.0,5750000.0,0.0,3.0,8,Doğalgaz,Emlakjet,1.0,10,36.27450980392157,3,5.225746673713202,1.791759469228055,925.0,5550.0,12712120.921305181,0,0.0,0.3703703703703704,Kadıköy_5,9932272.727272727
Kadıköy,91,3.0,3.0,3000000.0,0.0,3.0,8,Doğalgaz,Emlakjet,1.0,10,29.35483870967742,0,4.5217885770490405,1.3862943611198906,273.0,273.0,12712120.921305181,0,0.0,0.3703703703703704,Kadıköy_3,16696702.898550725
Kadıköy,141,4.0,30.0,3700000.0,0.0,3.0,8,Doğalgaz,Emlakjet,1.0,10,34.390243902439025,3,4.955827057601261,1.6094379124341003,564.0,4230.0,12712120.921305181,0,0.0,0.3703703703703704,Kadıköy_4,10351004.016064256
Kadıköy,95,3.0,30.0,1625000.0,0.0,3.0,8,Doğalgaz,Emlakjet,1.0,10,30.64516129032258,3,4.564348191467836,1.3862943611198906,285.0,2850.0,12712120.921305181,0,0.0,0.3703703703703704,Kadıköy_3,16696702.898550725
Kadıköy,130,4.0,30.0,1350000.0,0.0,3.0,8,Doğalgaz,Emlakjet,1.0,10,31.707317073170735,3,4.875197323201151,1.6094379124341003,520.0,3900.0,12712120.921305181,0,0.0,0.3703703703703704,Kadıköy_4,10351004.016064256
Kadıköy,145,4.0,30.0,3895000.0,0.0,3.0,8,Doğalgaz,Emlakjet,1.0,10,35.36585365853659,3,4.983606621708336,1.6094379124341003,580.0,4350.0,12712120.921305181,0,0.0,0.3703703703703704,Kadıköy_4,10351004.016064256
Kadıköy,140,4.0,3.0,3695000.0,0.0,3.0,8,Doğalgaz,Emlakjet,1.0,10,34.146341463414636,0,4.948759890378168,1.6094379124341003,560.0,420.0,12712120.921305181,0,0.0,0.3703703703703704,Kadıköy_4,10351004.016064256
Kadıköy,125,4.0,30.0,1700000.0,0.0,3.0,8,Doğalgaz,Emlakjet,1.0,10,30.487804878048784,3,4.836281906951478,1.6094379124341003,500.0,3750.0,12712120.921305181,0,0.0,0.3703703703703704,Kadıköy_4,10351004.016064256
Kadıköy,160,4.0,30.0,7500000.0,0.0,3.0,8,Doğalgaz,Emlakjet,1.0,10,39.024390243902445,3,5.081404364984463,1.6094379124341003,640.0,4800.0,12712120.921305181,0,0.0,0.3703703703703704,Kadıköy_4,10351004.016064256
Kadıköy,345,8.0,10.0,15000000.0,0.0,3.0,8,Doğalgaz,Emlakjet,1.0,10,42.592592592592595,1,5.846438775057725,2.1972245773362196,2760.0,3450.0,12712120.921305181,0,0.0,0.3703703703703704,Kadıköy_8,12916666.666666666
Kadıköy,145,4.0,4.0,4975000.0,0.0,3.0,8,Doğalgaz,Emlakjet,1.0,10,35.36585365853659,0,4.983606621708336,1.6094379124341003,580.0,580.0,12712120.921305181,0,0.0,0.3703703703703704,Kadıköy_4,10351004.016064256
Kadıköy,200,5.0,30.0,4950000.0,0.0,3.0,8,Doğalgaz,Emlakjet,1.0,10,39.21568627450981,3,5.303304908059076,1.791759469228055,1000.0,6000.0,12712120.921305181,0,0.0,0.3703703703703704,Kadıköy_5,9932272.727272727
Kadıköy,120,4.0,4.0,3650000.0,0.0,3.0,8,Doğalgaz,Emlakjet,1.0,10,29.26829268292683,0,4.795790545596741,1.6094379124341003,480.0,480.0,12712120.921305181,0,0.0,0.3703703703703704,Kadıköy_4,10351004.016064256
Kadıköy,205,5.0,4.0,9200000.0,0.0,3.0,8,Doğalgaz,Emlakjet,1.0,10,40.19607843137255,0,5.327876168789581,1.791759469228055,1025.0,820.0,12712120.921305181,0,0.0,0.3703703703703704,Kadıköy_5,9932272.727272727
Kadıköy,160,4.0,4.0,5090000.0,0.0,3.0,8,Doğalgaz,Emlakjet,1.0,10,39.024390243902445,0,5.081404364984463,1.6094379124341003,640.0,640.0,12712120.921305181,0,0.0,0.3703703703703704,Kadıköy_4,10351004.016064256
Kadıköy,120,4.0,7.5,4200000.0,0.0,3.0,8,Doğalgaz,Emlakjet,1.0,10,29.26829268292683,1,4.795790545596741,1.6094379124341003,480.0,900.0,12712120.921305181,0,0.0,0.3703703703703704,Kadıköy_4,10351004.016064256
Kadıköy,120,4.0,1.0,3550000.0,0.0,3.0,8,Doğalgaz,Emlakjet,1.0,10,29.26829268292683,0,4.795790545596741,1.6094379124341003,480.0,120.0,12712120.921305181,0,0.0,0.3703703703703704,Kadıköy_4,10351004.016064256
Kadıköy,155,4.0,10.0,5650000.0,0.0,3.0,8,Doğalgaz,Emlakjet,1.0,10,37.80487804878049,1,5.049856007249537,1.6094379124341003,620.0,1550.0,12712120.921305181,0,0.0,0.3703703703703704,Kadıköy_4,10351004.016064256
Kadıköy,135,3.0,13.0,4795000.0,0.0,3.0,8,Doğalgaz,Emlakjet,1.0,10,43.54838709677419,2,4.912654885736052,1.3862943611198906,405.0,1755.0,12712120.921305181,0,0.0,0.3703703703703704,Kadıköy_3,16696702.898550725
Kadıköy,72,2.0,4.0,1245000.0,0.0,3.0,8,Doğalgaz,Emlakjet,1.0,10,34.285714285714285,0,4.290459441148391,1.0986122886681098,144.0,288.0,12712120.921305181,0,0.0,0.3703703703703704,Kadıköy_2,17476521.739130434
Kadıköy,110,3.0,10.0,11000000.0,0.0,3.0,8,Doğalgaz,Emlakjet,1.0,10,35.483870967741936,1,4.709530201312334,1.3862943611198906,330.0,1100.0,12712120.921305181,0,0.0,0.3703703703703704,Kadıköy_3,16696702.898550725
Kadıköy,140,4.0,30.0,3475000.0,0.0,3.0,8,Doğalgaz,Emlakjet,1.0,10,34.146341463414636,3,4.948759890378168,1.6094379124341003,560.0,4200.0,12712120.921305181,0,0.0,0.3703703703703704,Kadıköy_4,10351004.016064256
Kadıköy,115,3.0,30.0,2450000.0,0.0,3.0,8,Doğalgaz,Emlakjet,1.0,10,37.096774193548384,3,4.7535901911063645,1.3862943611198906,345.0,3450.0,12712120.921305181,0,0.0,0.3703703703703704,Kadıköy_3,16696702.898550725
Kadıköy,140,4.0,30.0,3980000.0,0.0,3.0,8,Doğalgaz,Emlakjet,1.0,10,34.146341463414636,3,4.948759890378168,1.6094379124341003,560.0,4200.0,12712120.921305181,0,0.0,0.3703703703703704,Kadıköy_4,10351004.016064256
Kadıköy,135,4.0,4.0,6945000.0,0.0,3.0,8,Doğalgaz,Emlakjet,1.0,10,32.926829268292686,0,4.912654885736052,1.6094379124341003,540.0,540.0,12712120.921305181,0,0.0,0.3703703703703704,Kadıköy_4,10351004.016064256
Kadıköy,160,4.0,30.0,4500000.0,0.0,3.0,8,Doğalgaz,Emlakjet,1.0,10,39.024390243902445,3,5.081404364984463,1.6094379124341003,640.0,4800.0,12712120.921305181,0,0.0,0.3703703703703704,Kadıköy_4,10351004.016064256
Kadıköy,185,5.0,30.0,4495000.0,0.0,3.0,8,Doğalgaz,Emlakjet,1.0,10,36.27450980392157,3,5.225746673713202,1.791759469228055,925.0,5550.0,12712120.921305181,0,0.0,0.3703703703703704,Kadıköy_5,9932272.727272727
Kadıköy,145,4.0,10.0,7595000.0,0.0,3.0,8,Doğalgaz,Emlakjet,1.0,10,35.36585365853659,1,4.983606621708336,1.6094379124341003,580.0,1450.0,12712120.921305181,0,0.0,0.3703703703703704,Kadıköy_4,10351004.016064256
Kadıköy,135,4.0,30.0,3250000.0,0.0,3.0,8,Doğalgaz,Emlakjet,1.0,10,32.926829268292686,3,4.912654885736052,1.6094379124341003,540.0,4050.0,12712120.921305181,0,0.0,0.3703703703703704,Kadıköy_4,10351004.016064256
Kadıköy,291,6.0,2.0,13500000.0,0.0,3.0,8,Doğalgaz,Emlakjet,1.0,10,47.704918032786885,0,5.676753802268282,1.9459101490553132,1746.0,582.0,12712120.921305181,0,0.0,0.3703703703703704,Kadıköy_6,11243000.0
Kadıköy,130,4.0,4.0,6250000.0,0.0,3.0,8,Doğalgaz,Emlakjet,1.0,10,31.707317073170735,0,4.875197323201151,1.6094379124341003,520.0,520.0,12712120.921305181,0,0.0,0.3703703703703704,Kadıköy_4,10351004.016064256
Kadıköy,150,4.0,4.0,5950000.0,0.0,3.0,8,Doğalgaz,Emlakjet,1.0,10,36.58536585365854,0,5.017279836814924,1.6094379124341003,600.0,600.0,12712120.921305181,0,0.0,0.3703703703703704,Kadıköy_4,10351004.016064256
Kadıköy,150,4.0,3.0,5050000.0,0.0,3.0,8,Doğalgaz,Emlakjet,1.0,10,36.58536585365854,0,5.017279836814924,1.6094379124341003,600.0,450.0,12712120.921305181,0,0.0,0.3703703703703704,Kadıköy_4,10351004.016064256
Kadıköy,115,4.0,1.0,4000000.0,0.0,3.0,8,Doğalgaz,Emlakjet,1.0,10,28.04878048780488,0,4.7535901911063645,1.6094379124341003,460.0,115.0,12712120.921305181,0,0.0,0.3703703703703704,Kadıköy_4,10351004.016064256
Kadıköy,150,4.0,30.0,3100000.0,0.0,3.0,8,Doğalgaz,Emlakjet,1.0,10,36.58536585365854,3,5.017279836814924,1.6094379124341003,600.0,4500.0,12712120.921305181,0,0.0,0.3703703703703704,Kadıköy_4,10351004.016064256
Kadıköy,155,4.0,7.5,5750000.0,0.0,3.0,8,Doğalgaz,Emlakjet,1.0,10,37.80487804878049,1,5.049856007249537,1.6094379124341003,620.0,1162.5,12712120.921305181,0,0.0,0.3703703703703704,Kadıköy_4,10351004.016064256
Kadıköy,165,4.0,13.0,4690000.0,0.0,3.0,8,Doğalgaz,Emlakjet,1.0,10,40.243902439024396,2,5.111987788356544,1.6094379124341003,660.0,2145.0,12712120.921305181,0,0.0,0.3703703703703704,Kadıköy_4,10351004.016064256
Kadıköy,135,4.0,1.0,4790000.0,0.0,3.0,8,Doğalgaz,Emlakjet,1.0,10,32.926829268292686,0,4.912654885736052,1.6094379124341003,540.0,135.0,12712120.921305181,0,0.0,0.3703703703703704,Kadıköy_4,10351004.016064256
Kadıköy,240,6.0,4.0,4895000.0,0.0,3.0,8,Doğalgaz,Emlakjet,1.0,10,39.34426229508197,0,5.484796933490655,1.9459101490553132,1440.0,960.0,12712120.921305181,0,0.0,0.3703703703703704,Kadıköy_6,11243000.0
Kadıköy,90,3.0,4.0,2995000.0,0.0,3.0,8,Doğalgaz,Emlakjet,1.0,10,29.032258064516128,0,4.51085950651685,1.3862943611198906,270.0,360.0,12712120.921305181,0,0.0,0.3703703703703704,Kadıköy_3,16696702.898550725
Kadıköy,135,4.0,13.0,4650000.0,0.0,3.0,8,Doğalgaz,Emlakjet,1.0,10,32.926829268292686,2,4.912654885736052,1.6094379124341003,540.0,1755.0,12712120.921305181,0,0.0,0.3703703703703704,Kadıköy_4,10351004.016064256
Kadıköy,125,4.0,7.5,3950000.0,0.0,3.0,8,Doğalgaz,Emlakjet,1.0,10,30.487804878048784,1,4.836281906951478,1.6094379124341003,500.0,937.5,12712120.921305181,0,0.0,0.3703703703703704,Kadıköy_4,10351004.016064256
Kadıköy,160,4.0,10.0,9595000.0,0.0,3.0,8,Doğalgaz,Emlakjet,1.0,10,39.024390243902445,1,5.081404364984463,1.6094379124341003,640.0,1600.0,12712120.921305181,0,0.0,0.3703703703703704,Kadıköy_4,10351004.016064256
Kadıköy,107,3.0,7.5,3095000.0,0.0,3.0,8,Doğalgaz,Emlakjet,1.0,10,34.516129032258064,1,4.68213122712422,1.3862943611198906,321.0,802.5,12712120.921305181,0,0.0,0.3703703703703704,Kadıköy_3,16696702.898550725
Kadıköy,165,4.0,30.0,8500000.0,0.0,3.0,8,Doğalgaz,Emlakjet,1.0,10,40.243902439024396,3,5.111987788356544,1.6094379124341003,660.0,4950.0,12712120.921305181,0,0.0,0.3703703703703704,Kadıköy_4,10351004.016064256
Kadıköy,150,4.0,30.0,3475000.0,0.0,3.0,8,Doğalgaz,Emlakjet,1.0,10,36.58536585365854,3,5.017279836814924,1.6094379124341003,600.0,4500.0,12712120.921305181,0,0.0,0.3703703703703704,Kadıköy_4,10351004.016064256
Kadıköy,150,4.0,30.0,3300000.0,0.0,3.0,8,Doğalgaz,Emlakjet,1.0,10,36.58536585365854,3,5.017279836814924,1.6094379124341003,600.0,4500.0,12712120.921305181,0,0.0,0.3703703703703704,Kadıköy_4,10351004.016064256
Kadıköy,140,4.0,18.0,4000000.0,0.0,3.0,8,Doğalgaz,Emlakjet,1.0,10,34.146341463414636,2,4.948759890378168,1.6094379124341003,560.0,2520.0,12712120.921305181,0,0.0,0.3703703703703704,Kadıköy_4,10351004.016064256
Kadıköy,165,4.0,30.0,4500000.0,0.0,3.0,8,Doğalgaz,Emlakjet,1.0,10,40.243902439024396,3,5.111987788356544,1.6094379124341003,660.0,4950.0,12712120.921305181,0,0.0,0.3703703703703704,Kadıköy_4,10351004.016064256
Kadıköy,55,3.0,4.0,925000.0,0.0,3.0,8,Doğalgaz,Emlakjet,1.0,10,17.741935483870968,0,4.02535169073515,1.3862943611198906,165.0,220.0,12712120.921305181,0,0.0,0.3703703703703704,Kadıköy_3,16696702.898550725
Kadıköy,330,5.0,10.0,18500000.0,0.0,3.0,8,Doğalgaz,Emlakjet,1.0,10,64.70588235294117,1,5.802118375377063,1.791759469228055,1650.0,3300.0,12712120.921305181,0,0.0,0.3703703703703704,Kadıköy_5,9932272.727272727
Kadıköy,180,5.0,30.0,6990000.0,0.0,3.0,8,Doğalgaz,Emlakjet,1.0,10,35.294117647058826,3,5.198497031265826,1.791759469228055,900.0,5400.0,12712120.921305181,0,0.0,0.3703703703703704,Kadıköy_5,9932272.727272727
Kadıköy,120,4.0,2.0,3600000.0,0.0,3.0,8,Doğalgaz,Emlakjet,1.0,10,29.26829268292683,0,4.795790545596741,1.6094379124341003,480.0,240.0,12712120.921305181,0,0.0,0.3703703703703704,Kadıköy_4,10351004.016064256
Kadıköy,170,4.0,3.0,4975000.0,0.0,3.0,8,Doğalgaz,Emlakjet,1.0,10,41.463414634146346,0,5.14166355650266,1.6094379124341003,680.0,510.0,12712120.921305181,0,0.0,0.3703703703703704,Kadıköy_4,10351004.016064256
Kadıköy,137,3.0,3.0,2900000.0,0.0,3.0,8,Doğalgaz,Emlakjet,1.0,10,44.193548387096776,0,4.927253685157205,1.3862943611198906,411.0,411.0,12712120.921305181,0,0.0,0.3703703703703704,Kadıköy_3,16696702.898550725
Kadıköy,107,3.0,3.0,2300000.0,0.0,3.0,8,Doğalgaz,Emlakjet,1.0,10,34.516129032258064,0,4.68213122712422,1.3862943611198906,321.0,321.0,12712120.921305181,0,0.0,0.3703703703703704,Kadıköy_3,16696702.898550725
Kadıköy,135,4.0,4.0,6100000.0,0.0,3.0,8,Doğalgaz,Emlakjet,1.0,10,32.926829268292686,0,4.912654885736052,1.6094379124341003,540.0,540.0,12712120.921305181,0,0.0,0.3703703703703704,Kadıköy_4,10351004.016064256
Kadıköy,74,3.0,3.0,2450000.0,0.0,3.0,8,Doğalgaz,Emlakjet,1.0,10,23.870967741935484,0,4.31748811353631,1.3862943611198906,222.0,222.0,12712120.921305181,0,0.0,0.3703703703703704,Kadıköy_3,16696702.898550725
Kadıköy,135,4.0,30.0,3050000.0,0.0,3.0,8,Doğalgaz,Emlakjet,1.0,10,32.926829268292686,3,4.912654885736052,1.6094379124341003,540.0,4050.0,12712120.921305181,0,0.0,0.3703703703703704,Kadıköy_4,10351004.016064256
Kadıköy,125,4.0,30.0,2995000.0,0.0,3.0,8,Doğalgaz,Emlakjet,1.0,10,30.487804878048784,3,4.836281906951478,1.6094379124341003,500.0,3750.0,12712120.921305181,0,0.0,0.3703703703703704,Kadıköy_4,10351004.016064256
Kadıköy,150,4.0,30.0,4400000.0,0.0,3.0,8,Doğalgaz,Emlakjet,1.0,10,36.58536585365854,3,5.017279836814924,1.6094379124341003,600.0,4500.0,12712120.921305181,0,0.0,0.3703703703703704,Kadıköy_4,10351004.016064256
Kadıköy,190,5.0,30.0,6990000.0,0.0,3.0,8,Doğalgaz,Emlakjet,1.0,10,37.254901960784316,3,5.25227342804663,1.791759469228055,950.0,5700.0,12712120.921305181,0,0.0,0.3703703703703704,Kadıköy_5,9932272.727272727
Kadıköy,90,3.0,4.0,2500000.0,0.0,3.0,8,Doğalgaz,Emlakjet,1.0,10,29.032258064516128,0,4.51085950651685,1.3862943611198906,270.0,360.0,12712120.921305181,0,0.0,0.3703703703703704,Kadıköy_3,16696702.898550725
Kadıköy,125,4.0,2.0,3600000.0,0.0,3.0,8,Doğalgaz,Emlakjet,1.0,10,30.487804878048784,0,4.836281906951478,1.6094379124341003,500.0,250.0,12712120.921305181,0,0.0,0.3703703703703704,Kadıköy_4,10351004.016064256
Kadıköy,135,4.0,4.0,4450000.0,0.0,3.0,8,Doğalgaz,Emlakjet,1.0,10,32.926829268292686,0,4.912654885736052,1.6094379124341003,540.0,540.0,12712120.921305181,0,0.0,0.3703703703703704,Kadıköy_4,10351004.016064256
Kadıköy,115,4.0,1.0,4000000.0,0.0,3.0,8,Doğalgaz,Emlakjet,1.0,10,28.04878048780488,0,4.7535901911063645,1.6094379124341003,460.0,115.0,12712120.921305181,0,0.0,0.3703703703703704,Kadıköy_4,10351004.016064256
Kadıköy,150,4.0,30.0,3980000.0,0.0,3.0,8,Doğalgaz,Emlakjet,1.0,10,36.58536585365854,3,5.017279836814924,1.6094379124341003,600.0,4500.0,12712120.921305181,0,0.0,0.3703703703703704,Kadıköy_4,10351004.016064256
Kadıköy,125,4.0,30.0,1690000.0,0.0,3.0,8,Doğalgaz,Emlakjet,1.0,10,30.487804878048784,3,4.836281906951478,1.6094379124341003,500.0,3750.0,12712120.921305181,0,0.0,0.3703703703703704,Kadıköy_4,10351004.016064256
Kadıköy,280,5.0,4.0,5950000.0,0.0,3.0,8,Doğalgaz,Emlakjet,1.0,10,54.90196078431373,0,5.638354669333745,1.791759469228055,1400.0,1120.0,12712120.921305181,0,0.0,0.3703703703703704,Kadıköy_5,9932272.727272727
Kadıköy,200,5.0,30.0,4970000.0,0.0,3.0,8,Doğalgaz,Emlakjet,1.0,10,39.21568627450981,3,5.303304908059076,1.791759469228055,1000.0,6000.0,12712120.921305181,0,0.0,0.3703703703703704,Kadıköy_5,9932272.727272727
Kadıköy,238,5.0,18.0,4850000.0,0.0,3.0,8,Doğalgaz,Emlakjet,1.0,10,46.66666666666667,2,5.476463551931511,1.791759469228055,1190.0,4284.0,12712120.921305181,0,0.0,0.3703703703703704,Kadıköy_5,9932272.727272727
Kadıköy,210,5.0,30.0,4650000.0,0.0,3.0,8,Doğalgaz,Emlakjet,1.0,10,41.1764705882353,3,5.351858133476067,1.791759469228055,1050.0,6300.0,12712120.921305181,0,0.0,0.3703703703703704,Kadıköy_5,9932272.727272727
Kadıköy,150,4.0,30.0,2450000.0,0.0,3.0,8,Doğalgaz,Emlakjet,1.0,10,36.58536585365854,3,5.017279836814924,1.6094379124341003,600.0,4500.0,12712120.921305181,0,0.0,0.3703703703703704,Kadıköy_4,10351004.016064256
Kadıköy,165,4.0,30.0,4500000.0,0.0,3.0,8,Doğalgaz,Emlakjet,1.0,10,40.243902439024396,3,5.111987788356544,1.6094379124341003,660.0,4950.0,12712120.921305181,0,0.0,0.3703703703703704,Kadıköy_4,10351004.016064256
Kadıköy,145,4.0,7.5,6945000.0,0.0,3.0,8,Doğalgaz,Emlakjet,1.0,10,35.36585365853659,1,4.983606621708336,1.6094379124341003,580.0,1087.5,12712120.921305181,0,0.0,0.3703703703703704,Kadıköy_4,10351004.016064256
Kadıköy,145,4.0,2.0,8195000.0,0.0,3.0,8,Doğalgaz,Emlakjet,1.0,10,35.36585365853659,0,4.983606621708336,1.6094379124341003,580.0,290.0,12712120.921305181,0,0.0,0.3703703703703704,Kadıköy_4,10351004.016064256
Kadıköy,130,4.0,4.0,5300000.0,0.0,3.0,8,Doğalgaz,Emlakjet,1.0,10,31.707317073170735,0,4.875197323201151,1.6094379124341003,520.0,520.0,12712120.921305181,0,0.0,0.3703703703703704,Kadıköy_4,10351004.016064256
Kadıköy,110,4.0,10.0,6600000.0,0.0,3.0,8,Doğalgaz,Emlakjet,1.0,10,26.82926829268293,1,4.709530201312334,1.6094379124341003,440.0,1100.0,12712120.921305181,0,0.0,0.3703703703703704,Kadıköy_4,10351004.016064256
Kadıköy,125,4.0,30.0,2950000.0,0.0,3.0,8,Doğalgaz,Emlakjet,1.0,10,30.487804878048784,3,4.836281906951478,1.6094379124341003,500.0,3750.0,12712120.921305181,0,0.0,0.3703703703703704,Kadıköy_4,10351004.016064256
Kadıköy,270,6.0,2.0,12750000.0,0.0,3.0,8,Doğalgaz,Emlakjet,1.0,10,44.26229508196722,0,5.602118820879701,1.9459101490553132,1620.0,540.0,12712120.921305181,0,0.0,0.3703703703703704,Kadıköy_6,11243000.0
Kadıköy,240,6.0,10.0,6885000.0,0.0,3.0,8,Doğalgaz,Emlakjet,1.0,10,39.34426229508197,1,5.484796933490655,1.9459101490553132,1440.0,2400.0,12712120.921305181,0,0.0,0.3703703703703704,Kadıköy_6,11243000.0
Kadıköy,140,4.0,4.0,5195000.0,0.0,3.0,8,Doğalgaz,Emlakjet,1.0,10,34.146341463414636,0,4.948759890378168,1.6094379124341003,560.0,560.0,12712120.921305181,0,0.0,0.3703703703703704,Kadıköy_4,10351004.016064256
Kadıköy,140,4.0,7.5,6945000.0,0.0,3.0,8,Doğalgaz,Emlakjet,1.0,10,34.146341463414636,1,4.948759890378168,1.6094379124341003,560.0,1050.0,12712120.921305181,0,0.0,0.3703703703703704,Kadıköy_4,10351004.016064256
Kadıköy,105,3.0,7.5,3245000.0,0.0,3.0,8,Doğalgaz,Emlakjet,1.0,10,33.87096774193548,1,4.663439094112067,1.3862943611198906,315.0,787.5,12712120.921305181,0,0.0,0.3703703703703704,Kadıköy_3,16696702.898550725
Kadıköy,135,3.0,10.0,2185000.0,0.0,3.0,8,Doğalgaz,Emlakjet,1.0,10,43.54838709677419,1,4.912654885736052,1.3862943611198906,405.0,1350.0,12712120.921305181,0,0.0,0.3703703703703704,Kadıköy_3,16696702.898550725
Kadıköy,110,3.0,2.0,3900000.0,0.0,3.0,8,Doğalgaz,Emlakjet,1.0,10,35.483870967741936,0,4.709530201312334,1.3862943611198906,330.0,220.0,12712120.921305181,0,0.0,0.3703703703703704,Kadıköy_3,16696702.898550725
Kadıköy,80,3.0,10.0,2080000.0,0.0,3.0,8,Doğalgaz,Emlakjet,1.0,10,25.806451612903224,1,4.394449154672439,1.3862943611198906,240.0,800.0,12712120.921305181,0,0.0,0.3703703703703704,Kadıköy_3,16696702.898550725
Kadıköy,150,4.0,2.0,6850000.0,0.0,3.0,8,Doğalgaz,Emlakjet,1.0,10,36.58536585365854,0,5.017279836814924,1.6094379124341003,600.0,300.0,12712120.921305181,0,0.0,0.3703703703703704,Kadıköy_4,10351004.016064256
Kadıköy,72,3.0,10.0,2750000.0,0.0,3.0,8,Doğalgaz,Emlakjet,1.0,10,23.225806451612904,1,4.290459441148391,1.3862943611198906,216.0,720.0,12712120.921305181,0,0.0,0.3703703703703704,Kadıköy_3,16696702.898550725
Kadıköy,155,4.0,3.0,7950000.0,0.0,3.0,8,Doğalgaz,Emlakjet,1.0,10,37.80487804878049,0,5.049856007249537,1.6094379124341003,620.0,465.0,12712120.921305181,0,0.0,0.3703703703703704,Kadıköy_4,10351004.016064256
Kadıköy,150,4.0,10.0,3600000.0,0.0,3.0,8,Doğalgaz,Emlakjet,1.0,10,36.58536585365854,1,5.017279836814924,1.6094379124341003,600.0,1500.0,12712120.921305181,0,0.0,0.3703703703703704,Kadıköy_4,10351004.016064256
Kadıköy,190,4.0,2.0,4275000.0,0.0,3.0,8,Doğalgaz,Emlakjet,1.0,10,46.34146341463415,0,5.25227342804663,1.6094379124341003,760.0,380.0,12712120.921305181,0,0.0,0.3703703703703704,Kadıköy_4,10351004.016064256
Kadıköy,185,5.0,30.0,4495000.0,0.0,3.0,8,Doğalgaz,Emlakjet,1.0,10,36.27450980392157,3,5.225746673713202,1.791759469228055,925.0,5550.0,12712120.921305181,0,0.0,0.3703703703703704,Kadıköy_5,9932272.727272727
Kadıköy,150,4.0,7.5,5150000.0,0.0,3.0,8,Doğalgaz,Emlakjet,1.0,10,36.58536585365854,1,5.017279836814924,1.6094379124341003,600.0,1125.0,12712120.921305181,0,0.0,0.3703703703703704,Kadıköy_4,10351004.016064256
Kadıköy,150,4.0,30.0,3200000.0,0.0,3.0,8,Doğalgaz,Emlakjet,1.0,10,36.58536585365854,3,5.017279836814924,1.6094379124341003,600.0,4500.0,12712120.921305181,0,0.0,0.3703703703703704,Kadıköy_4,10351004.016064256
Kadıköy,160,4.0,30.0,4650000.0,0.0,3.0,8,Doğalgaz,Emlakjet,1.0,10,39.024390243902445,3,5.081404364984463,1.6094379124341003,640.0,4800.0,12712120.921305181,0,0.0,0.3703703703703704,Kadıköy_4,10351004.016064256
Kadıköy,250,6.0,10.0,6150000.0,0.0,3.0,8,Doğalgaz,Emlakjet,1.0,10,40.98360655737705,1,5.5254529391317835,1.9459101490553132,1500.0,2500.0,12712120.921305181,0,0.0,0.3703703703703704,Kadıköy_6,11243000.0
Kadıköy,150,4.0,7.5,5500000.0,0.0,3.0,8,Doğalgaz,Emlakjet,1.0,10,36.58536585365854,1,5.017279836814924,1.6094379124341003,600.0,1125.0,12712120.921305181,0,0.0,0.3703703703703704,Kadıköy_4,10351004.016064256
Kadıköy,260,6.0,7.5,6275000.0,0.0,3.0,8,Doğalgaz,Emlakjet,1.0,10,42.622950819672134,1,5.564520407322694,1.9459101490553132,1560.0,1950.0,12712120.921305181,0,0.0,0.3703703703703704,Kadıköy_6,11243000.0
Kadıköy,265,5.0,13.0,12000000.0,0.0,3.0,8,Doğalgaz,Emlakjet,1.0,10,51.96078431372549,2,5.583496308781699,1.791759469228055,1325.0,3445.0,12712120.921305181,0,0.0,0.3703703703703704,Kadıköy_5,9932272.727272727
Kadıköy,140,4.0,2.0,3140000.0,0.0,3.0,8,Doğalgaz,Emlakjet,1.0,10,34.146341463414636,0,4.948759890378168,1.6094379124341003,560.0,280.0,12712120.921305181,0,0.0,0.3703703703703704,Kadıköy_4,10351004.016064256
Kadıköy,130,4.0,30.0,2485000.0,0.0,3.0,8,Doğalgaz,Emlakjet,1.0,10,31.707317073170735,3,4.875197323201151,1.6094379124341003,520.0,3900.0,12712120.921305181,0,0.0,0.3703703703703704,Kadıköy_4,10351004.016064256
Kadıköy,250,5.0,10.0,6850000.0,0.0,3.0,8,Doğalgaz,Emlakjet,1.0,10,49.01960784313726,1,5.5254529391317835,1.791759469228055,1250.0,2500.0,12712120.921305181,0,0.0,0.3703703703703704,Kadıköy_5,9932272.727272727
Kadıköy,150,4.0,7.5,5500000.0,0.0,3.0,8,Doğalgaz,Emlakjet,1.0,10,36.58536585365854,1,5.017279836814924,1.6094379124341003,600.0,1125.0,12712120.921305181,0,0.0,0.3703703703703704,Kadıköy_4,10351004.016064256
Kadıköy,120,3.0,2.0,2950000.0,0.0,3.0,8,Doğalgaz,Emlakjet,1.0,10,38.70967741935484,0,4.795790545596741,1.3862943611198906,360.0,240.0,12712120.921305181,0,0.0,0.3703703703703704,Kadıköy_3,16696702.898550725
Kadıköy,160,4.0,10.0,9595000.0,0.0,3.0,8,Doğalgaz,Emlakjet,1.0,10,39.024390243902445,1,5.081404364984463,1.6094379124341003,640.0,1600.0,12712120.921305181,0,0.0,0.3703703703703704,Kadıköy_4,10351004.016064256
Kadıköy,160,4.0,10.0,7400000.0,0.0,3.0,8,Doğalgaz,Emlakjet,1.0,10,39.024390243902445,1,5.081404364984463,1.6094379124341003,640.0,1600.0,12712120.921305181,0,0.0,0.3703703703703704,Kadıköy_4,10351004.016064256
Kadıköy,140,3.0,3.0,4000000.0,0.0,3.0,8,Doğalgaz,Emlakjet,1.0,10,45.16129032258064,0,4.948759890378168,1.3862943611198906,420.0,420.0,12712120.921305181,0,0.0,0.3703703703703704,Kadıköy_3,16696702.898550725
Kadıköy,130,4.0,4.0,5300000.0,0.0,3.0,8,Doğalgaz,Emlakjet,1.0,10,31.707317073170735,0,4.875197323201151,1.6094379124341003,520.0,520.0,12712120.921305181,0,0.0,0.3703703703703704,Kadıköy_4,10351004.016064256
Kadıköy,165,4.0,2.0,7250000.0,0.0,3.0,8,Doğalgaz,Emlakjet,1.0,10,40.243902439024396,0,5.111987788356544,1.6094379124341003,660.0,330.0,12712120.921305181,0,0.0,0.3703703703703704,Kadıköy_4,10351004.016064256
Kadıköy,140,4.0,7.5,4350000.0,0.0,3.0,8,Doğalgaz,Emlakjet,1.0,10,34.146341463414636,1,4.948759890378168,1.6094379124341003,560.0,1050.0,12712120.921305181,0,0.0,0.3703703703703704,Kadıköy_4,10351004.016064256
Kadıköy,165,4.0,30.0,6500000.0,0.0,3.0,8,Doğalgaz,Emlakjet,1.0,10,40.243902439024396,3,5.111987788356544,1.6094379124341003,660.0,4950.0,12712120.921305181,0,0.0,0.3703703703703704,Kadıköy_4,10351004.016064256
Kadıköy,100,3.0,7.5,3195000.0,0.0,3.0,8,Doğalgaz,Emlakjet,1.0,10,32.25806451612903,1,4.61512051684126,1.3862943611198906,300.0,750.0,12712120.921305181,0,0.0,0.3703703703703704,Kadıköy_3,16696702.898550725
Kadıköy,220,6.0,1.0,8250000.0,0.0,3.0,8,Doğalgaz,Emlakjet,1.0,10,36.0655737704918,0,5.3981627015177525,1.9459101490553132,1320.0,220.0,12712120.921305181,0,0.0,0.3703703703703704,Kadıköy_6,11243000.0
Kadıköy,240,6.0,10.0,5000000.0,0.0,3.0,8,Doğalgaz,Emlakjet,1.0,10,39.34426229508197,1,5.484796933490655,1.9459101490553132,1440.0,2400.0,12712120.921305181,0,0.0,0.3703703703703704,Kadıköy_6,11243000.0
Kadıköy,200,5.0,4.0,11000000.0,0.0,3.0,8,Doğalgaz,Emlakjet,1.0,10,39.21568627450981,0,5.303304908059076,1.791759469228055,1000.0,800.0,12712120.921305181,0,0.0,0.3703703703703704,Kadıköy_5,9932272.727272727
Kadıköy,100,3.0,7.5,2995000.0,0.0,3.0,8,Doğalgaz,Emlakjet,1.0,10,32.25806451612903,1,4.61512051684126,1.3862943611198906,300.0,750.0,12712120.921305181,0,0.0,0.3703703703703704,Kadıköy_3,16696702.898550725
Kadıköy,130,4.0,30.0,2495000.0,0.0,3.0,8,Doğalgaz,Emlakjet,1.0,10,31.707317073170735,3,4.875197323201151,1.6094379124341003,520.0,3900.0,12712120.921305181,0,0.0,0.3703703703703704,Kadıköy_4,10351004.016064256
Kadıköy,240,5.0,4.0,6500000.0,0.0,3.0,8,Doğalgaz,Emlakjet,1.0,10,47.05882352941177,0,5.484796933490655,1.791759469228055,1200.0,960.0,12712120.921305181,0,0.0,0.3703703703703704,Kadıköy_5,9932272.727272727
Kadıköy,145,4.0,10.0,7595000.0,0.0,3.0,8,Doğalgaz,Emlakjet,1.0,10,35.36585365853659,1,4.983606621708336,1.6094379124341003,580.0,1450.0,12712120.921305181,0,0.0,0.3703703703703704,Kadıköy_4,10351004.016064256
Kadıköy,220,5.0,10.0,6450000.0,0.0,3.0,8,Doğalgaz,Emlakjet,1.0,10,43.13725490196079,1,5.3981627015177525,1.791759469228055,1100.0,2200.0,12712120.921305181,0,0.0,0.3703703703703704,Kadıköy_5,9932272.727272727
Kadıköy,350,8.0,2.0,9950000.0,0.0,3.0,8,Doğalgaz,Emlakjet,1.0,10,43.20987654320988,0,5.860786223465865,2.1972245773362196,2800.0,700.0,12712120.921305181,0,0.0,0.3703703703703704,Kadıköy_8,12916666.666666666
Kadıköy,140,4.0,10.0,7595000.0,0.0,3.0,8,Doğalgaz,Emlakjet,1.0,10,34.146341463414636,1,4.948759890378168,1.6094379124341003,560.0,1400.0,12712120.921305181,0,0.0,0.3703703703703704,Kadıköy_4,10351004.016064256
Kadıköy,230,6.0,13.0,8750000.0,0.0,3.0,8,Doğalgaz,Emlakjet,1.0,10,37.704918032786885,2,5.442417710521793,1.9459101490553132,1380.0,2990.0,12712120.921305181,0,0.0,0.3703703703703704,Kadıköy_6,11243000.0
Kadıköy,150,4.0,7.5,6350000.0,0.0,3.0,8,Doğalgaz,Emlakjet,1.0,10,36.58536585365854,1,5.017279836814924,1.6094379124341003,600.0,1125.0,12712120.921305181,0,0.0,0.3703703703703704,Kadıköy_4,10351004.016064256
Kadıköy,140,4.0,7.5,4350000.0,0.0,3.0,8,Doğalgaz,Emlakjet,1.0,10,34.146341463414636,1,4.948759890378168,1.6094379124341003,560.0,1050.0,12712120.921305181,0,0.0,0.3703703703703704,Kadıköy_4,10351004.016064256
Kadıköy,170,4.0,7.5,5500000.0,0.0,3.0,8,Doğalgaz,Emlakjet,1.0,10,41.463414634146346,1,5.14166355650266,1.6094379124341003,680.0,1275.0,12712120.921305181,0,0.0,0.3703703703703704,Kadıköy_4,10351004.016064256
Kadıköy,140,4.0,10.0,9000000.0,0.0,3.0,8,Doğalgaz,Emlakjet,1.0,10,34.146341463414636,1,4.948759890378168,1.6094379124341003,560.0,1400.0,12712120.921305181,0,0.0,0.3703703703703704,Kadıköy_4,10351004.016064256
Kadıköy,260,5.0,10.0,6250000.0,0.0,3.0,8,Doğalgaz,Emlakjet,1.0,10,50.98039215686275,1,5.564520407322694,1.791759469228055,1300.0,2600.0,12712120.921305181,0,0.0,0.3703703703703704,Kadıköy_5,9932272.727272727
Kadıköy,300,7.0,10.0,7800000.0,0.0,3.0,8,Doğalgaz,Emlakjet,1.0,10,42.25352112676057,1,5.707110264748875,2.0794415416798357,2100.0,3000.0,12712120.921305181,0,0.0,0.3703703703703704,Kadıköy_7,14290000.0
Kadıköy,130,4.0,3.0,4750000.0,0.0,3.0,8,Doğalgaz,Emlakjet,1.0,10,31.707317073170735,0,4.875197323201151,1.6094379124341003,520.0,390.0,12712120.921305181,0,0.0,0.3703703703703704,Kadıköy_4,10351004.016064256
Kadıköy,150,4.0,2.0,6650000.0,0.0,3.0,8,Doğalgaz,Emlakjet,1.0,10,36.58536585365854,0,5.017279836814924,1.6094379124341003,600.0,300.0,12712120.921305181,0,0.0,0.3703703703703704,Kadıköy_4,10351004.016064256
Kadıköy,125,4.0,30.0,2050000.0,0.0,3.0,8,Doğalgaz,Emlakjet,1.0,10,30.487804878048784,3,4.836281906951478,1.6094379124341003,500.0,3750.0,12712120.921305181,0,0.0,0.3703703703703704,Kadıköy_4,10351004.016064256
Kadıköy,270,5.0,10.0,6600000.0,0.0,3.0,8,Doğalgaz,Emlakjet,1.0,10,52.94117647058824,1,5.602118820879701,1.791759469228055,1350.0,2700.0,12712120.921305181,0,0.0,0.3703703703703704,Kadıköy_5,9932272.727272727
Kadıköy,72,3.0,10.0,3600000.0,0.0,3.0,8,Doğalgaz,Emlakjet,1.0,10,23.225806451612904,1,4.290459441148391,1.3862943611198906,216.0,720.0,12712120.921305181,0,0.0,0.3703703703703704,Kadıköy_3,16696702.898550725
Kadıköy,160,4.0,30.0,3500000.0,0.0,3.0,8,Doğalgaz,Emlakjet,1.0,10,39.024390243902445,3,5.081404364984463,1.6094379124341003,640.0,4800.0,12712120.921305181,0,0.0,0.3703703703703704,Kadıköy_4,10351004.016064256
Kadıköy,150,4.0,2.0,5950000.0,0.0,3.0,8,Doğalgaz,Emlakjet,1.0,10,36.58536585365854,0,5.017279836814924,1.6094379124341003,600.0,300.0,12712120.921305181,0,0.0,0.3703703703703704,Kadıköy_4,10351004.016064256
Kadıköy,240,5.0,30.0,4650000.0,0.0,3.0,8,Doğalgaz,Emlakjet,1.0,10,47.05882352941177,3,5.484796933490655,1.791759469228055,1200.0,7200.0,12712120.921305181,0,0.0,0.3703703703703704,Kadıköy_5,9932272.727272727
Kadıköy,175,4.0,10.0,8500000.0,0.0,3.0,8,Doğalgaz,Emlakjet,1.0,10,42.6829268292683,1,5.170483995038151,1.6094379124341003,700.0,1750.0,12712120.921305181,0,0.0,0.3703703703703704,Kadıköy_4,10351004.016064256
Kadıköy,130,4.0,1.0,4600000.0,0.0,3.0,8,Doğalgaz,Emlakjet,1.0,10,31.707317073170735,0,4.875197323201151,1.6094379124341003,520.0,130.0,12712120.921305181,0,0.0,0.3703703703703704,Kadıköy_4,10351004.016064256
Kadıköy,165,5.0,4.0,6950000.0,0.0,3.0,8,Doğalgaz,Emlakjet,1.0,10,32.35294117647059,0,5.111987788356544,1.791759469228055,825.0,660.0,12712120.921305181,0,0.0,0.3703703703703704,Kadıköy_5,9932272.727272727
Kadıköy,150,4.0,10.0,8150000.0,0.0,3.0,8,Doğalgaz,Emlakjet,1.0,10,36.58536585365854,1,5.017279836814924,1.6094379124341003,600.0,1500.0,12712120.921305181,0,0.0,0.3703703703703704,Kadıköy_4,10351004.016064256
Kadıköy,210,6.0,3.0,6050000.0,0.0,3.0,8,Doğalgaz,Emlakjet,1.0,10,34.42622950819673,0,5.351858133476067,1.9459101490553132,1260.0,630.0,12712120.921305181,0,0.0,0.3703703703703704,Kadıköy_6,11243000.0
Kadıköy,400,5.0,2.0,12300000.0,0.0,3.0,8,Doğalgaz,Emlakjet,1.0,10,78.43137254901961,0,5.993961427306569,1.791759469228055,2000.0,800.0,12712120.921305181,0,0.0,0.3703703703703704,Kadıköy_5,9932272.727272727
Kadıköy,245,6.0,10.0,9500000.0,0.0,3.0,8,Doğalgaz,Emlakjet,1.0,10,40.16393442622951,1,5.5053315359323625,1.9459101490553132,1470.0,2450.0,12712120.921305181,0,0.0,0.3703703703703704,Kadıköy_6,11243000.0
Kadıköy,135,4.0,3.0,5000000.0,0.0,3.0,8,Doğalgaz,Emlakjet,1.0,10,32.926829268292686,0,4.912654885736052,1.6094379124341003,540.0,405.0,12712120.921305181,0,0.0,0.3703703703703704,Kadıköy_4,10351004.016064256
Kadıköy,190,4.0,30.0,12500000.0,0.0,3.0,8,Doğalgaz,Emlakjet,1.0,10,46.34146341463415,3,5.25227342804663,1.6094379124341003,760.0,5700.0,12712120.921305181,0,0.0,0.3703703703703704,Kadıköy_4,10351004.016064256
Kadıköy,185,5.0,30.0,4895000.0,0.0,3.0,8,Doğalgaz,Emlakjet,1.0,10,36.27450980392157,3,5.225746673713202,1.791759469228055,925.0,5550.0,12712120.921305181,0,0.0,0.3703703703703704,Kadıköy_5,9932272.727272727
Kadıköy,165,4.5,13.0,6200000.0,0.0,3.0,8,Doğalgaz,Emlakjet,1.0,10,35.869565217391305,2,5.111987788356544,1.7047480922384253,742.5,2145.0,12712120.921305181,0,0.0,0.3703703703703704,Kadıköy_4,10351004.016064256
Kadıköy,90,3.0,3.0,2690000.0,0.0,3.0,8,Doğalgaz,Emlakjet,1.0,10,29.032258064516128,0,4.51085950651685,1.3862943611198906,270.0,270.0,12712120.921305181,0,0.0,0.3703703703703704,Kadıköy_3,16696702.898550725
Kadıköy,110,4.0,10.0,3050000.0,0.0,3.0,8,Doğalgaz,Emlakjet,1.0,10,26.82926829268293,1,4.709530201312334,1.6094379124341003,440.0,1100.0,12712120.921305181,0,0.0,0.3703703703703704,Kadıköy_4,10351004.016064256
Kadıköy,130,4.0,4.0,3950000.0,0.0,3.0,8,Doğalgaz,Emlakjet,1.0,10,31.707317073170735,0,4.875197323201151,1.6094379124341003,520.0,520.0,12712120.921305181,0,0.0,0.3703703703703704,Kadıköy_4,10351004.016064256
Kadıköy,350,7.0,10.0,23500000.0,0.0,3.0,8,Doğalgaz,Emlakjet,1.0,10,49.29577464788733,1,5.860786223465865,2.0794415416798357,2450.0,3500.0,12712120.921305181,0,0.0,0.3703703703703704,Kadıköy_7,14290000.0
Kadıköy,120,4.0,10.0,3800000.0,0.0,3.0,8,Doğalgaz,Emlakjet,1.0,10,29.26829268292683,1,4.795790545596741,1.6094379124341003,480.0,1200.0,12712120.921305181,0,0.0,0.3703703703703704,Kadıköy_4,10351004.016064256
Kadıköy,180,5.0,10.0,10400000.0,0.0,3.0,8,Doğalgaz,Emlakjet,1.0,10,35.294117647058826,1,5.198497031265826,1.791759469228055,900.0,1800.0,12712120.921305181,0,0.0,0.3703703703703704,Kadıköy_5,9932272.727272727
Kadıköy,240,5.0,30.0,5295000.0,0.0,3.0,8,Doğalgaz,Emlakjet,1.0,10,47.05882352941177,3,5.484796933490655,1.791759469228055,1200.0,7200.0,12712120.921305181,0,0.0,0.3703703703703704,Kadıköy_5,9932272.727272727
Kadıköy,115,3.0,7.5,3250000.0,0.0,3.0,8,Doğalgaz,Emlakjet,1.0,10,37.096774193548384,1,4.7535901911063645,1.3862943611198906,345.0,862.5,12712120.921305181,0,0.0,0.3703703703703704,Kadıköy_3,16696702.898550725
Kadıköy,140,4.0,30.0,2290000.0,0.0,3.0,8,Doğalgaz,Emlakjet,1.0,10,34.146341463414636,3,4.948759890378168,1.6094379124341003,560.0,4200.0,12712120.921305181,0,0.0,0.3703703703703704,Kadıköy_4,10351004.016064256
Kadıköy,180,5.0,30.0,6600000.0,0.0,3.0,8,Doğalgaz,Emlakjet,1.0,10,35.294117647058826,3,5.198497031265826,1.791759469228055,900.0,5400.0,12712120.921305181,0,0.0,0.3703703703703704,Kadıköy_5,9932272.727272727
Kadıköy,145,4.0,13.0,4375000.0,0.0,3.0,8,Doğalgaz,Emlakjet,1.0,10,35.36585365853659,2,4.983606621708336,1.6094379124341003,580.0,1885.0,12712120.921305181,0,0.0,0.3703703703703704,Kadıköy_4,10351004.016064256
Kadıköy,125,4.0,30.0,1590000.0,0.0,3.0,8,Doğalgaz,Emlakjet,1.0,10,30.487804878048784,3,4.836281906951478,1.6094379124341003,500.0,3750.0,12712120.921305181,0,0.0,0.3703703703703704,Kadıköy_4,10351004.016064256
Kadıköy,135,4.0,3.0,4650000.0,0.0,3.0,8,Doğalgaz,Emlakjet,1.0,10,32.926829268292686,0,4.912654885736052,1.6094379124341003,540.0,405.0,12712120.921305181,0,0.0,0.3703703703703704,Kadıköy_4,10351004.016064256
Kadıköy,270,4.0,4.0,27500000.0,0.0,3.0,8,Doğalgaz,Emlakjet,1.0,10,65.85365853658537,0,5.602118820879701,1.6094379124341003,1080.0,1080.0,12712120.921305181,0,0.0,0.3703703703703704,Kadıköy_4,10351004.016064256
Kadıköy,190,4.0,4.0,8950000.0,0.0,3.0,8,Doğalgaz,Emlakjet,1.0,10,46.34146341463415,0,5.25227342804663,1.6094379124341003,760.0,760.0,12712120.921305181,0,0.0,0.3703703703703704,Kadıköy_4,10351004.016064256
Kadıköy,225,5.0,4.0,15400000.0,0.0,3.0,8,Doğalgaz,Emlakjet,1.0,10,44.11764705882353,0,5.420534999272286,1.791759469228055,1125.0,900.0,12712120.921305181,0,0.0,0.3703703703703704,Kadıköy_5,9932272.727272727
Kadıköy,165,4.0,18.0,3395000.0,0.0,3.0,8,Doğalgaz,Emlakjet,1.0,10,40.243902439024396,2,5.111987788356544,1.6094379124341003,660.0,2970.0,12712120.921305181,0,0.0,0.3703703703703704,Kadıköy_4,10351004.016064256
Kadıköy,130,4.0,2.0,3140000.0,0.0,3.0,8,Doğalgaz,Emlakjet,1.0,10,31.707317073170735,0,4.875197323201151,1.6094379124341003,520.0,260.0,12712120.921305181,0,0.0,0.3703703703703704,Kadıköy_4,10351004.016064256
Kadıköy,110,3.0,30.0,2665000.0,0.0,3.0,8,Doğalgaz,Emlakjet,1.0,10,35.483870967741936,3,4.709530201312334,1.3862943611198906,330.0,3300.0,12712120.921305181,0,0.0,0.3703703703703704,Kadıköy_3,16696702.898550725
Kadıköy,120,4.0,7.5,3950000.0,0.0,3.0,8,Doğalgaz,Emlakjet,1.0,10,29.26829268292683,1,4.795790545596741,1.6094379124341003,480.0,900.0,12712120.921305181,0,0.0,0.3703703703703704,Kadıköy_4,10351004.016064256
Kadıköy,115,3.0,7.5,3595000.0,0.0,3.0,8,Doğalgaz,Emlakjet,1.0,10,37.096774193548384,1,4.7535901911063645,1.3862943611198906,345.0,862.5,12712120.921305181,0,0.0,0.3703703703703704,Kadıköy_3,16696702.898550725
Kadıköy,170,4.0,30.0,3595000.0,0.0,3.0,8,Doğalgaz,Emlakjet,1.0,10,41.463414634146346,3,5.14166355650266,1.6094379124341003,680.0,5100.0,12712120.921305181,0,0.0,0.3703703703703704,Kadıköy_4,10351004.016064256
Kadıköy,125,4.0,30.0,2995000.0,0.0,3.0,8,Doğalgaz,Emlakjet,1.0,10,30.487804878048784,3,4.836281906951478,1.6094379124341003,500.0,3750.0,12712120.921305181,0,0.0,0.3703703703703704,Kadıköy_4,10351004.016064256
Kadıköy,130,4.0,7.5,3395000.0,0.0,3.0,8,Doğalgaz,Emlakjet,1.0,10,31.707317073170735,1,4.875197323201151,1.6094379124341003,520.0,975.0,12712120.921305181,0,0.0,0.3703703703703704,Kadıköy_4,10351004.016064256
Kadıköy,200,5.0,7.5,3850000.0,0.0,3.0,8,Doğalgaz,Emlakjet,1.0,10,39.21568627450981,1,5.303304908059076,1.791759469228055,1000.0,1500.0,12712120.921305181,0,0.0,0.3703703703703704,Kadıköy_5,9932272.727272727
Kadıköy,125,4.0,3.0,3595000.0,0.0,3.0,8,Doğalgaz,Emlakjet,1.0,10,30.487804878048784,0,4.836281906951478,1.6094379124341003,500.0,375.0,12712120.921305181,0,0.0,0.3703703703703704,Kadıköy_4,10351004.016064256
Kadıköy,110,3.0,30.0,1865000.0,0.0,3.0,8,Doğalgaz,Emlakjet,1.0,10,35.483870967741936,3,4.709530201312334,1.3862943611198906,330.0,3300.0,12712120.921305181,0,0.0,0.3703703703703704,Kadıköy_3,16696702.898550725
Kadıköy,160,4.0,10.0,4750000.0,0.0,3.0,8,Doğalgaz,Emlakjet,1.0,10,39.024390243902445,1,5.081404364984463,1.6094379124341003,640.0,1600.0,12712120.921305181,0,0.0,0.3703703703703704,Kadıköy_4,10351004.016064256
Kadıköy,150,4.0,7.5,7950000.0,0.0,3.0,8,Doğalgaz,Emlakjet,1.0,10,36.58536585365854,1,5.017279836814924,1.6094379124341003,600.0,1125.0,12712120.921305181,0,0.0,0.3703703703703704,Kadıköy_4,10351004.016064256
Kadıköy,240,6.0,10.0,7560000.0,0.0,3.0,8,Doğalgaz,Emlakjet,1.0,10,39.34426229508197,1,5.484796933490655,1.9459101490553132,1440.0,2400.0,12712120.921305181,0,0.0,0.3703703703703704,Kadıköy_6,11243000.0
Kadıköy,125,3.5,18.0,2150000.0,0.0,3.0,8,Doğalgaz,Emlakjet,1.0,10,34.72222222222222,2,4.836281906951478,1.5040773967762742,437.5,2250.0,12712120.921305181,0,0.0,0.3703703703703704,Kadıköy_3,16696702.898550725
Kadıköy,100,3.0,30.0,1795000.0,0.0,3.0,8,Doğalgaz,Emlakjet,1.0,10,32.25806451612903,3,4.61512051684126,1.3862943611198906,300.0,3000.0,12712120.921305181,0,0.0,0.3703703703703704,Kadıköy_3,16696702.898550725
Kadıköy,245,6.0,3.0,13000000.0,0.0,3.0,8,Doğalgaz,Emlakjet,1.0,10,40.16393442622951,0,5.5053315359323625,1.9459101490553132,1470.0,735.0,12712120.921305181,0,0.0,0.3703703703703704,Kadıköy_6,11243000.0
Kadıköy,160,4.0,30.0,4785000.0,0.0,3.0,8,Doğalgaz,Emlakjet,1.0,10,39.024390243902445,3,5.081404364984463,1.6094379124341003,640.0,4800.0,12712120.921305181,0,0.0,0.3703703703703704,Kadıköy_4,10351004.016064256
Kadıköy,140,4.0,2.0,6500000.0,0.0,3.0,8,Doğalgaz,Emlakjet,1.0,10,34.146341463414636,0,4.948759890378168,1.6094379124341003,560.0,280.0,12712120.921305181,0,0.0,0.3703703703703704,Kadıköy_4,10351004.016064256
Kadıköy,145,4.0,13.0,4375000.0,0.0,3.0,8,Doğalgaz,Emlakjet,1.0,10,35.36585365853659,2,4.983606621708336,1.6094379124341003,580.0,1885.0,12712120.921305181,0,0.0,0.3703703703703704,Kadıköy_4,10351004.016064256
Kadıköy,260,6.0,4.0,6500000.0,0.0,3.0,8,Doğalgaz,Emlakjet,1.0,10,42.622950819672134,0,5.564520407322694,1.9459101490553132,1560.0,1040.0,12712120.921305181,0,0.0,0.3703703703703704,Kadıköy_6,11243000.0
Kadıköy,235,6.0,2.0,6950000.0,0.0,3.0,8,Doğalgaz,Emlakjet,1.0,10,38.52459016393443,0,5.4638318050256105,1.9459101490553132,1410.0,470.0,12712120.921305181,0,0.0,0.3703703703703704,Kadıköy_6,11243000.0
Kadıköy,150,4.0,4.0,5950000.0,0.0,3.0,8,Doğalgaz,Emlakjet,1.0,10,36.58536585365854,0,5.017279836814924,1.6094379124341003,600.0,600.0,12712120.921305181,0,0.0,0.3703703703703704,Kadıköy_4,10351004.016064256
Kadıköy,185,5.0,30.0,5950000.0,0.0,3.0,8,Doğalgaz,Emlakjet,1.0,10,36.27450980392157,3,5.225746673713202,1.791759469228055,925.0,5550.0,12712120.921305181,0,0.0,0.3703703703703704,Kadıköy_5,9932272.727272727
Kadıköy,138,4.0,10.0,10400000.0,0.0,3.0,8,Doğalgaz,Emlakjet,1.0,10,33.65853658536586,1,4.9344739331306915,1.6094379124341003,552.0,1380.0,12712120.921305181,0,0.0,0.3703703703703704,Kadıköy_4,10351004.016064256
Kadıköy,150,4.0,30.0,3250000.0,0.0,3.0,8,Doğalgaz,Emlakjet,1.0,10,36.58536585365854,3,5.017279836814924,1.6094379124341003,600.0,4500.0,12712120.921305181,0,0.0,0.3703703703703704,Kadıköy_4,10351004.016064256
Kadıköy,228,6.0,7.5,10925000.0,0.0,3.0,8,Doğalgaz,Emlakjet,1.0,10,37.37704918032787,1,5.43372200355424,1.9459101490553132,1368.0,1710.0,12712120.921305181,0,0.0,0.3703703703703704,Kadıköy_6,11243000.0
Kadıköy,140,3.0,7.5,4795000.0,0.0,3.0,8,Doğalgaz,Emlakjet,1.0,10,45.16129032258064,1,4.948759890378168,1.3862943611198906,420.0,1050.0,12712120.921305181,0,0.0,0.3703703703703704,Kadıköy_3,16696702.898550725
Kadıköy,155,4.0,10.0,7950000.0,0.0,3.0,8,Doğalgaz,Emlakjet,1.0,10,37.80487804878049,1,5.049856007249537,1.6094379124341003,620.0,1550.0,12712120.921305181,0,0.0,0.3703703703703704,Kadıköy_4,10351004.016064256
Kadıköy,200,5.0,10.0,12950000.0,0.0,3.0,8,Doğalgaz,Emlakjet,1.0,10,39.21568627450981,1,5.303304908059076,1.791759469228055,1000.0,2000.0,12712120.921305181,0,0.0,0.3703703703703704,Kadıköy_5,9932272.727272727
Kadıköy,140,4.0,10.0,7595000.0,0.0,3.0,8,Doğalgaz,Emlakjet,1.0,10,34.146341463414636,1,4.948759890378168,1.6094379124341003,560.0,1400.0,12712120.921305181,0,0.0,0.3703703703703704,Kadıköy_4,10351004.016064256
Kadıköy,145,4.0,7.5,5500000.0,0.0,3.0,8,Doğalgaz,Emlakjet,1.0,10,35.36585365853659,1,4.983606621708336,1.6094379124341003,580.0,1087.5,12712120.921305181,0,0.0,0.3703703703703704,Kadıköy_4,10351004.016064256
Kadıköy,200,4.0,30.0,4995000.0,0.0,3.0,8,Doğalgaz,Emlakjet,1.0,10,48.78048780487805,3,5.303304908059076,1.6094379124341003,800.0,6000.0,12712120.921305181,0,0.0,0.3703703703703704,Kadıköy_4,10351004.016064256
Kadıköy,160,4.0,30.0,4650000.0,0.0,3.0,8,Doğalgaz,Emlakjet,1.0,10,39.024390243902445,3,5.081404364984463,1.6094379124341003,640.0,4800.0,12712120.921305181,0,0.0,0.3703703703703704,Kadıköy_4,10351004.016064256
Kadıköy,150,4.0,3.0,7950000.0,0.0,3.0,8,Doğalgaz,Emlakjet,1.0,10,36.58536585365854,0,5.017279836814924,1.6094379124341003,600.0,450.0,12712120.921305181,0,0.0,0.3703703703703704,Kadıköy_4,10351004.016064256
Kadıköy,280,5.0,30.0,6500000.0,0.0,3.0,8,Doğalgaz,Emlakjet,1.0,10,54.90196078431373,3,5.638354669333745,1.791759469228055,1400.0,8400.0,12712120.921305181,0,0.0,0.3703703703703704,Kadıköy_5,9932272.727272727
Kadıköy,140,3.0,4.0,4000000.0,0.0,3.0,8,Doğalgaz,Emlakjet,1.0,10,45.16129032258064,0,4.948759890378168,1.3862943611198906,420.0,560.0,12712120.921305181,0,0.0,0.3703703703703704,Kadıköy_3,16696702.898550725
Kadıköy,250,5.0,3.0,5250000.0,0.0,3.0,8,Doğalgaz,Emlakjet,1.0,10,49.01960784313726,0,5.5254529391317835,1.791759469228055,1250.0,750.0,12712120.921305181,0,0.0,0.3703703703703704,Kadıköy_5,9932272.727272727
Kadıköy,150,4.0,10.0,4700000.0,0.0,3.0,8,Doğalgaz,Emlakjet,1.0,10,36.58536585365854,1,5.017279836814924,1.6094379124341003,600.0,1500.0,12712120.921305181,0,0.0,0.3703703703703704,Kadıköy_4,10351004.016064256
Kadıköy,130,4.0,4.0,4500000.0,0.0,3.0,8,Doğalgaz,Emlakjet,1.0,10,31.707317073170735,0,4.875197323201151,1.6094379124341003,520.0,520.0,12712120.921305181,0,0.0,0.3703703703703704,Kadıköy_4,10351004.016064256
Kadıköy,190,4.0,2.0,4275000.0,0.0,3.0,8,Doğalgaz,Emlakjet,1.0,10,46.34146341463415,0,5.25227342804663,1.6094379124341003,760.0,380.0,12712120.921305181,0,0.0,0.3703703703703704,Kadıköy_4,10351004.016064256
Kadıköy,230,5.0,7.5,6800000.0,0.0,3.0,8,Doğalgaz,Emlakjet,1.0,10,45.09803921568628,1,5.442417710521793,1.791759469228055,1150.0,1725.0,12712120.921305181,0,0.0,0.3703703703703704,Kadıköy_5,9932272.727272727
Kadıköy,145,4.0,2.0,6500000.0,0.0,3.0,8,Doğalgaz,Emlakjet,1.0,10,35.36585365853659,0,4.983606621708336,1.6094379124341003,580.0,290.0,12712120.921305181,0,0.0,0.3703703703703704,Kadıköy_4,10351004.016064256
Kadıköy,72,2.0,4.0,1245000.0,0.0,3.0,8,Doğalgaz,Emlakjet,1.0,10,34.285714285714285,0,4.290459441148391,1.0986122886681098,144.0,288.0,12712120.921305181,0,0.0,0.3703703703703704,Kadıköy_2,17476521.739130434
Kadıköy,205,6.0,3.0,4895000.0,0.0,3.0,8,Doğalgaz,Emlakjet,1.0,10,33.606557377049185,0,5.327876168789581,1.9459101490553132,1230.0,615.0,12712120.921305181,0,0.0,0.3703703703703704,Kadıköy_6,11243000.0
Kadıköy,150,4.0,10.0,9500000.0,0.0,3.0,8,Doğalgaz,Emlakjet,1.0,10,36.58536585365854,1,5.017279836814924,1.6094379124341003,600.0,1500.0,12712120.921305181,0,0.0,0.3703703703703704,Kadıköy_4,10351004.016064256
Kadıköy,266,5.0,30.0,4450000.0,0.0,3.0,8,Doğalgaz,Emlakjet,1.0,10,52.156862745098046,3,5.58724865840025,1.791759469228055,1330.0,7980.0,12712120.921305181,0,0.0,0.3703703703703704,Kadıköy_5,9932272.727272727
Kadıköy,83,2.0,10.0,1200000.0,0.0,3.0,8,Doğalgaz,Emlakjet,1.0,10,39.523809523809526,1,4.430816798843313,1.0986122886681098,166.0,830.0,12712120.921305181,0,0.0,0.3703703703703704,Kadıköy_2,17476521.739130434
Kadıköy,125,4.0,7.5,3975000.0,0.0,3.0,8,Doğalgaz,Emlakjet,1.0,10,30.487804878048784,1,4.836281906951478,1.6094379124341003,500.0,937.5,12712120.921305181,0,0.0,0.3703703703703704,Kadıköy_4,10351004.016064256
Kadıköy,155,4.0,30.0,4300000.0,0.0,3.0,8,Doğalgaz,Emlakjet,1.0,10,37.80487804878049,3,5.049856007249537,1.6094379124341003,620.0,4650.0,12712120.921305181,0,0.0,0.3703703703703704,Kadıköy_4,10351004.016064256
Kadıköy,210,6.0,3.0,6050000.0,0.0,3.0,8,Doğalgaz,Emlakjet,1.0,10,34.42622950819673,0,5.351858133476067,1.9459101490553132,1260.0,630.0,12712120.921305181,0,0.0,0.3703703703703704,Kadıköy_6,11243000.0
Kadıköy,200,5.0,4.0,5850000.0,0.0,3.0,8,Doğalgaz,Emlakjet,1.0,10,39.21568627450981,0,5.303304908059076,1.791759469228055,1000.0,800.0,12712120.921305181,0,0.0,0.3703703703703704,Kadıköy_5,9932272.727272727
Kadıköy,145,4.0,3.0,3695000.0,0.0,3.0,8,Doğalgaz,Emlakjet,1.0,10,35.36585365853659,0,4.983606621708336,1.6094379124341003,580.0,435.0,12712120.921305181,0,0.0,0.3703703703703704,Kadıköy_4,10351004.016064256
Kadıköy,90,3.0,3.0,2690000.0,0.0,3.0,8,Doğalgaz,Emlakjet,1.0,10,29.032258064516128,0,4.51085950651685,1.3862943611198906,270.0,270.0,12712120.921305181,0,0.0,0.3703703703703704,Kadıköy_3,16696702.898550725
Kadıköy,230,5.0,4.0,5850000.0,0.0,3.0,8,Doğalgaz,Emlakjet,1.0,10,45.09803921568628,0,5.442417710521793,1.791759469228055,1150.0,920.0,12712120.921305181,0,0.0,0.3703703703703704,Kadıköy_5,9932272.727272727
Kadıköy,147,4.0,7.5,7550000.0,0.0,3.0,8,Doğalgaz,Emlakjet,1.0,10,35.85365853658537,1,4.997212273764115,1.6094379124341003,588.0,1102.5,12712120.921305181,0,0.0,0.3703703703703704,Kadıköy_4,10351004.016064256
Kadıköy,130,4.0,3.0,4150000.0,0.0,3.0,8,Doğalgaz,Emlakjet,1.0,10,31.707317073170735,0,4.875197323201151,1.6094379124341003,520.0,390.0,12712120.921305181,0,0.0,0.3703703703703704,Kadıköy_4,10351004.016064256
Kadıköy,260,6.0,7.5,6500000.0,0.0,3.0,8,Doğalgaz,Emlakjet,1.0,10,42.622950819672134,1,5.564520407322694,1.9459101490553132,1560.0,1950.0,12712120.921305181,0,0.0,0.3703703703703704,Kadıköy_6,11243000.0
Kadıköy,120,4.0,30.0,1375000.0,0.0,3.0,8,Doğalgaz,Emlakjet,1.0,10,29.26829268292683,3,4.795790545596741,1.6094379124341003,480.0,3600.0,12712120.921305181,0,0.0,0.3703703703703704,Kadıköy_4,10351004.016064256
Kadıköy,150,4.0,7.5,4250000.0,0.0,3.0,8,Doğalgaz,Emlakjet,1.0,10,36.58536585365854,1,5.017279836814924,1.6094379124341003,600.0,1125.0,12712120.921305181,0,0.0,0.3703703703703704,Kadıköy_4,10351004.016064256
Kadıköy,220,5.0,30.0,5500000.0,0.0,3.0,8,Doğalgaz,Emlakjet,1.0,10,43.13725490196079,3,5.3981627015177525,1.791759469228055,1100.0,6600.0,12712120.921305181,0,0.0,0.3703703703703704,Kadıköy_5,9932272.727272727
Kadıköy,130,4.0,2.0,3140000.0,0.0,3.0,8,Doğalgaz,Emlakjet,1.0,10,31.707317073170735,0,4.875197323201151,1.6094379124341003,520.0,260.0,12712120.921305181,0,0.0,0.3703703703703704,Kadıköy_4,10351004.016064256
Kadıköy,130,4.0,30.0,1780000.0,0.0,3.0,8,Doğalgaz,Emlakjet,1.0,10,31.707317073170735,3,4.875197323201151,1.6094379124341003,520.0,3900.0,12712120.921305181,0,0.0,0.3703703703703704,Kadıköy_4,10351004.016064256
Kadıköy,140,4.0,2.0,6500000.0,0.0,3.0,8,Doğalgaz,Emlakjet,1.0,10,34.146341463414636,0,4.948759890378168,1.6094379124341003,560.0,280.0,12712120.921305181,0,0.0,0.3703703703703704,Kadıköy_4,10351004.016064256
Kadıköy,55,3.0,4.0,980000.0,0.0,3.0,8,Doğalgaz,Emlakjet,1.0,10,17.741935483870968,0,4.02535169073515,1.3862943611198906,165.0,220.0,12712120.921305181,0,0.0,0.3703703703703704,Kadıköy_3,16696702.898550725
Kadıköy,130,4.0,4.0,6800000.0,0.0,3.0,8,Doğalgaz,Emlakjet,1.0,10,31.707317073170735,0,4.875197323201151,1.6094379124341003,520.0,520.0,12712120.921305181,0,0.0,0.3703703703703704,Kadıköy_4,10351004.016064256
Kadıköy,160,4.0,4.0,13800000.0,0.0,3.0,8,Doğalgaz,Emlakjet,1.0,10,39.024390243902445,0,5.081404364984463,1.6094379124341003,640.0,640.0,12712120.921305181,0,0.0,0.3703703703703704,Kadıköy_4,10351004.016064256
Kadıköy,185,5.0,30.0,5250000.0,0.0,3.0,8,Doğalgaz,Emlakjet,1.0,10,36.27450980392157,3,5.225746673713202,1.791759469228055,925.0,5550.0,12712120.921305181,0,0.0,0.3703703703703704,Kadıköy_5,9932272.727272727
Kadıköy,260,7.0,10.0,13900000.0,0.0,3.0,8,Doğalgaz,Emlakjet,1.0,10,36.61971830985916,1,5.564520407322694,2.0794415416798357,1820.0,2600.0,12712120.921305181,0,0.0,0.3703703703703704,Kadıköy_7,14290000.0
Kadıköy,135,4.0,10.0,8700000.0,0.0,3.0,8,Doğalgaz,Emlakjet,1.0,10,32.926829268292686,1,4.912654885736052,1.6094379124341003,540.0,1350.0,12712120.921305181,0,0.0,0.3703703703703704,Kadıköy_4,10351004.016064256
Kadıköy,130,4.0,30.0,2995000.0,0.0,3.0,8,Doğalgaz,Emlakjet,1.0,10,31.707317073170735,3,4.875197323201151,1.6094379124341003,520.0,3900.0,12712120.921305181,0,0.0,0.3703703703703704,Kadıköy_4,10351004.016064256
Kadıköy,135,4.0,10.0,4600000.0,0.0,3.0,8,Doğalgaz,Emlakjet,1.0,10,32.926829268292686,1,4.912654885736052,1.6094379124341003,540.0,1350.0,12712120.921305181,0,0.0,0.3703703703703704,Kadıköy_4,10351004.016064256
Kadıköy,110,4.0,30.0,1450000.0,0.0,3.0,8,Doğalgaz,Emlakjet,1.0,10,26.82926829268293,3,4.709530201312334,1.6094379124341003,440.0,3300.0,12712120.921305181,0,0.0,0.3703703703703704,Kadıköy_4,10351004.016064256
Kadıköy,210,5.0,10.0,7500000.0,0.0,3.0,8,Doğalgaz,Emlakjet,1.0,10,41.1764705882353,1,5.351858133476067,1.791759469228055,1050.0,2100.0,12712120.921305181,0,0.0,0.3703703703703704,Kadıköy_5,9932272.727272727
Kadıköy,90,3.0,30.0,1550000.0,0.0,3.0,8,Doğalgaz,Emlakjet,1.0,10,29.032258064516128,3,4.51085950651685,1.3862943611198906,270.0,2700.0,12712120.921305181,0,0.0,0.3703703703703704,Kadıköy_3,16696702.898550725
Kadıköy,145,4.0,7.5,6000000.0,0.0,3.0,8,Doğalgaz,Emlakjet,1.0,10,35.36585365853659,1,4.983606621708336,1.6094379124341003,580.0,1087.5,12712120.921305181,0,0.0,0.3703703703703704,Kadıköy_4,10351004.016064256
Kadıköy,160,4.0,10.0,12000000.0,0.0,3.0,8,Doğalgaz,Emlakjet,1.0,10,39.024390243902445,1,5.081404364984463,1.6094379124341003,640.0,1600.0,12712120.921305181,0,0.0,0.3703703703703704,Kadıköy_4,10351004.016064256
Kadıköy,190,5.0,10.0,16000000.0,0.0,3.0,8,Doğalgaz,Emlakjet,1.0,10,37.254901960784316,1,5.25227342804663,1.791759469228055,950.0,1900.0,12712120.921305181,0,0.0,0.3703703703703704,Kadıköy_5,9932272.727272727
Kadıköy,205,6.0,3.0,4895000.0,0.0,3.0,8,Doğalgaz,Emlakjet,1.0,10,33.606557377049185,0,5.327876168789581,1.9459101490553132,1230.0,615.0,12712120.921305181,0,0.0,0.3703703703703704,Kadıköy_6,11243000.0
Kadıköy,115,4.0,10.0,5750000.0,0.0,3.0,8,Doğalgaz,Emlakjet,1.0,10,28.04878048780488,1,4.7535901911063645,1.6094379124341003,460.0,1150.0,12712120.921305181,0,0.0,0.3703703703703704,Kadıköy_4,10351004.016064256
Kadıköy,112,4.0,2.0,3100000.0,0.0,3.0,8,Doğalgaz,Emlakjet,1.0,10,27.31707317073171,0,4.727387818712341,1.6094379124341003,448.0,224.0,12712120.921305181,0,0.0,0.3703703703703704,Kadıköy_4,10351004.016064256
Kadıköy,150,4.0,18.0,5450000.0,0.0,3.0,8,Doğalgaz,Emlakjet,1.0,10,36.58536585365854,2,5.017279836814924,1.6094379124341003,600.0,2700.0,12712120.921305181,0,0.0,0.3703703703703704,Kadıköy_4,10351004.016064256
Kadıköy,170,5.0,3.0,8900000.0,0.0,3.0,8,Doğalgaz,Emlakjet,1.0,10,33.333333333333336,0,5.14166355650266,1.791759469228055,850.0,510.0,12712120.921305181,0,0.0,0.3703703703703704,Kadıköy_5,9932272.727272727
Kadıköy,95,3.0,2.0,3650000.0,0.0,3.0,8,Doğalgaz,Emlakjet,1.0,10,30.64516129032258,0,4.564348191467836,1.3862943611198906,285.0,190.0,12712120.921305181,0,0.0,0.3703703703703704,Kadıköy_3,16696702.898550725
Kadıköy,125,4.0,30.0,2995000.0,0.0,3.0,8,Doğalgaz,Emlakjet,1.0,10,30.487804878048784,3,4.836281906951478,1.6094379124341003,500.0,3750.0,12712120.921305181,0,0.0,0.3703703703703704,Kadıköy_4,10351004.016064256
Kadıköy,125,4.0,3.0,4650000.0,0.0,3.0,8,Doğalgaz,Emlakjet,1.0,10,30.487804878048784,0,4.836281906951478,1.6094379124341003,500.0,375.0,12712120.921305181,0,0.0,0.3703703703703704,Kadıköy_4,10351004.016064256
Kadıköy,180,5.0,30.0,4495000.0,0.0,3.0,8,Doğalgaz,Emlakjet,1.0,10,35.294117647058826,3,5.198497031265826,1.791759469228055,900.0,5400.0,12712120.921305181,0,0.0,0.3703703703703704,Kadıköy_5,9932272.727272727
Kadıköy,140,4.0,30.0,2350000.0,0.0,3.0,8,Doğalgaz,Emlakjet,1.0,10,34.146341463414636,3,4.948759890378168,1.6094379124341003,560.0,4200.0,12712120.921305181,0,0.0,0.3703703703703704,Kadıköy_4,10351004.016064256
Kadıköy,100,3.0,30.0,1400000.0,0.0,3.0,8,Doğalgaz,Emlakjet,1.0,10,32.25806451612903,3,4.61512051684126,1.3862943611198906,300.0,3000.0,12712120.921305181,0,0.0,0.3703703703703704,Kadıköy_3,16696702.898550725
Kadıköy,365,7.0,7.5,11500000.0,0.0,3.0,8,Doğalgaz,Emlakjet,1.0,10,51.40845070422535,1,5.902633333401366,2.0794415416798357,2555.0,2737.5,12712120.921305181,0,0.0,0.3703703703703704,Kadıköy_7,14290000.0
Kadıköy,210,5.0,30.0,4650000.0,0.0,3.0,8,Doğalgaz,Emlakjet,1.0,10,41.1764705882353,3,5.351858133476067,1.791759469228055,1050.0,6300.0,12712120.921305181,0,0.0,0.3703703703703704,Kadıköy_5,9932272.727272727
Kadıköy,150,4.0,30.0,2290000.0,0.0,3.0,8,Doğalgaz,Emlakjet,1.0,10,36.58536585365854,3,5.017279836814924,1.6094379124341003,600.0,4500.0,12712120.921305181,0,0.0,0.3703703703703704,Kadıköy_4,10351004.016064256
Kadıköy,235,5.0,4.0,12000000.0,0.0,3.0,8,Doğalgaz,Emlakjet,1.0,10,46.07843137254902,0,5.4638318050256105,1.791759469228055,1175.0,940.0,12712120.921305181,0,0.0,0.3703703703703704,Kadıköy_5,9932272.727272727
Kadıköy,140,4.0,30.0,3900000.0,0.0,3.0,8,Doğalgaz,Emlakjet,1.0,10,34.146341463414636,3,4.948759890378168,1.6094379124341003,560.0,4200.0,12712120.921305181,0,0.0,0.3703703703703704,Kadıköy_4,10351004.016064256
Kadıköy,155,4.0,10.0,7400000.0,0.0,3.0,8,Doğalgaz,Emlakjet,1.0,10,37.80487804878049,1,5.049856007249537,1.6094379124341003,620.0,1550.0,12712120.921305181,0,0.0,0.3703703703703704,Kadıköy_4,10351004.016064256
Kadıköy,145,4.0,4.0,4300000.0,0.0,3.0,8,Doğalgaz,Emlakjet,1.0,10,35.36585365853659,0,4.983606621708336,1.6094379124341003,580.0,580.0,12712120.921305181,0,0.0,0.3703703703703704,Kadıköy_4,10351004.016064256
Kadıköy,165,4.0,30.0,4295000.0,0.0,3.0,8,Doğalgaz,Emlakjet,1.0,10,40.243902439024396,3,5.111987788356544,1.6094379124341003,660.0,4950.0,12712120.921305181,0,0.0,0.3703703703703704,Kadıköy_4,10351004.016064256
Kadıköy,145,4.0,7.5,5195000.0,0.0,3.0,8,Doğalgaz,Emlakjet,1.0,10,35.36585365853659,1,4.983606621708336,1.6094379124341003,580.0,1087.5,12712120.921305181,0,0.0,0.3703703703703704,Kadıköy_4,10351004.016064256
Kadıköy,330,8.0,7.5,13800000.0,0.0,3.0,8,Doğalgaz,Emlakjet,1.0,10,40.74074074074074,1,5.802118375377063,2.1972245773362196,2640.0,2475.0,12712120.921305181,0,0.0,0.3703703703703704,Kadıköy_8,12916666.666666666
Kadıköy,140,4.0,30.0,2750000.0,0.0,3.0,8,Doğalgaz,Emlakjet,1.0,10,34.146341463414636,3,4.948759890378168,1.6094379124341003,560.0,4200.0,12712120.921305181,0,0.0,0.3703703703703704,Kadıköy_4,10351004.016064256
Kadıköy,130,4.0,30.0,2395000.0,0.0,3.0,8,Doğalgaz,Emlakjet,1.0,10,31.707317073170735,3,4.875197323201151,1.6094379124341003,520.0,3900.0,12712120.921305181,0,0.0,0.3703703703703704,Kadıköy_4,10351004.016064256
Kadıköy,135,4.0,10.0,7700000.0,0.0,3.0,8,Doğalgaz,Emlakjet,1.0,10,32.926829268292686,1,4.912654885736052,1.6094379124341003,540.0,1350.0,12712120.921305181,0,0.0,0.3703703703703704,Kadıköy_4,10351004.016064256
Beylikdüzü,145,4.0,4.0,1325000.0,0.0,3.0,8,Doğalgaz,Emlakjet,1.0,7,35.36585365853659,0,4.983606621708336,1.6094379124341003,580.0,580.0,1648545.3903743315,0,0.0,0.3703703703703704,Beylikdüzü_4,1762484.696969697
Beylikdüzü,105,3.0,10.0,1190000.0,0.0,3.0,8,Doğalgaz,Emlakjet,1.0,7,33.87096774193548,1,4.663439094112067,1.3862943611198906,315.0,1050.0,1648545.3903743315,0,0.0,0.3703703703703704,Beylikdüzü_3,844840.5507246377
Beylikdüzü,140,4.0,10.0,979000.0,0.0,3.0,8,Doğalgaz,Emlakjet,1.0,7,34.146341463414636,1,4.948759890378168,1.6094379124341003,560.0,1400.0,1648545.3903743315,0,0.0,0.3703703703703704,Beylikdüzü_4,1762484.696969697
Beylikdüzü,110,3.0,10.0,879000.0,0.0,3.0,8,Doğalgaz,Emlakjet,1.0,7,35.483870967741936,1,4.709530201312334,1.3862943611198906,330.0,1100.0,1648545.3903743315,0,0.0,0.3703703703703704,Beylikdüzü_3,844840.5507246377
Beylikdüzü,165,4.0,10.0,1650000.0,0.0,3.0,8,Doğalgaz,Emlakjet,1.0,7,40.243902439024396,1,5.111987788356544,1.6094379124341003,660.0,1650.0,1648545.3903743315,0,0.0,0.3703703703703704,Beylikdüzü_4,1762484.696969697
Beylikdüzü,90,2.0,10.0,730000.0,0.0,3.0,8,Doğalgaz,Emlakjet,1.0,7,42.857142857142854,1,4.51085950651685,1.0986122886681098,180.0,900.0,1648545.3903743315,0,0.0,0.3703703703703704,Beylikdüzü_2,723400.0
Beylikdüzü,100,3.0,10.0,360000.0,0.0,3.0,8,Doğalgaz,Emlakjet,1.0,7,32.25806451612903,1,4.61512051684126,1.3862943611198906,300.0,1000.0,1648545.3903743315,0,0.0,0.3703703703703704,Beylikdüzü_3,844840.5507246377
Beylikdüzü,110,3.0,1.0,1290000.0,0.0,3.0,8,Doğalgaz,Emlakjet,1.0,7,35.483870967741936,0,4.709530201312334,1.3862943611198906,330.0,110.0,1648545.3903743315,0,0.0,0.3703703703703704,Beylikdüzü_3,844840.5507246377
Beylikdüzü,270,7.0,10.0,1699000.0,0.0,3.0,8,Doğalgaz,Emlakjet,1.0,7,38.02816901408451,1,5.602118820879701,2.0794415416798357,1890.0,2700.0,1648545.3903743315,0,0.0,0.3703703703703704,Beylikdüzü_7,3577384.6153846155
Beylikdüzü,160,6.0,4.0,2400000.0,0.0,3.0,8,Doğalgaz,Emlakjet,1.0,7,26.229508196721312,0,5.081404364984463,1.9459101490553132,960.0,640.0,1648545.3903743315,0,0.0,0.3703703703703704,Beylikdüzü_6,3118500.0
Beylikdüzü,150,4.0,18.0,1625000.0,0.0,3.0,8,Doğalgaz,Emlakjet,1.0,7,36.58536585365854,2,5.017279836814924,1.6094379124341003,600.0,2700.0,1648545.3903743315,0,0.0,0.3703703703703704,Beylikdüzü_4,1762484.696969697
Beylikdüzü,180,4.0,18.0,1600000.0,0.0,3.0,8,Doğalgaz,Emlakjet,1.0,7,43.90243902439025,2,5.198497031265826,1.6094379124341003,720.0,3240.0,1648545.3903743315,0,0.0,0.3703703703703704,Beylikdüzü_4,1762484.696969697
Beylikdüzü,115,3.0,10.0,420000.0,0.0,3.0,8,Doğalgaz,Emlakjet,1.0,7,37.096774193548384,1,4.7535901911063645,1.3862943611198906,345.0,1150.0,1648545.3903743315,0,0.0,0.3703703703703704,Beylikdüzü_3,844840.5507246377
Beylikdüzü,120,3.0,10.0,450000.0,0.0,3.0,8,Doğalgaz,Emlakjet,1.0,7,38.70967741935484,1,4.795790545596741,1.3862943611198906,360.0,1200.0,1648545.3903743315,0,0.0,0.3703703703703704,Beylikdüzü_3,844840.5507246377
Beylikdüzü,150,4.0,10.0,440000.0,0.0,3.0,8,Doğalgaz,Emlakjet,1.0,7,36.58536585365854,1,5.017279836814924,1.6094379124341003,600.0,1500.0,1648545.3903743315,0,0.0,0.3703703703703704,Beylikdüzü_4,1762484.696969697
Beylikdüzü,85,2.0,10.0,335000.0,0.0,3.0,8,Doğalgaz,Emlakjet,1.0,7,40.476190476190474,1,4.454347296253507,1.0986122886681098,170.0,850.0,1648545.3903743315,0,0.0,0.3703703703703704,Beylikdüzü_2,723400.0
Beylikdüzü,80,2.0,7.5,320000.0,0.0,3.0,8,Doğalgaz,Emlakjet,1.0,7,38.095238095238095,1,4.394449154672439,1.0986122886681098,160.0,600.0,1648545.3903743315,0,0.0,0.3703703703703704,Beylikdüzü_2,723400.0
Beylikdüzü,90,2.0,10.0,325000.0,0.0,3.0,8,Doğalgaz,Emlakjet,1.0,7,42.857142857142854,1,4.51085950651685,1.0986122886681098,180.0,900.0,1648545.3903743315,0,0.0,0.3703703703703704,Beylikdüzü_2,723400.0
Beylikdüzü,155,4.0,30.0,1500000.0,0.0,3.0,8,Doğalgaz,Emlakjet,1.0,7,37.80487804878049,3,5.049856007249537,1.6094379124341003,620.0,4650.0,1648545.3903743315,0,0.0,0.3703703703703704,Beylikdüzü_4,1762484.696969697
Beylikdüzü,80,2.0,10.0,350000.0,0.0,3.0,8,Doğalgaz,Emlakjet,1.0,7,38.095238095238095,1,4.394449154672439,1.0986122886681098,160.0,800.0,1648545.3903743315,0,0.0,0.3703703703703704,Beylikdüzü_2,723400.0
Beylikdüzü,170,4.0,18.0,1300000.0,0.0,3.0,8,Doğalgaz,Emlakjet,1.0,7,41.463414634146346,2,5.14166355650266,1.6094379124341003,680.0,3060.0,1648545.3903743315,0,0.0,0.3703703703703704,Beylikdüzü_4,1762484.696969697
Beylikdüzü,200,4.0,13.0,2000000.0,0.0,3.0,8,Doğalgaz,Emlakjet,1.0,7,48.78048780487805,2,5.303304908059076,1.6094379124341003,800.0,2600.0,1648545.3903743315,0,0.0,0.3703703703703704,Beylikdüzü_4,1762484.696969697
Beylikdüzü,220,4.0,4.0,2350000.0,0.0,3.0,8,Doğalgaz,Emlakjet,1.0,7,53.65853658536586,0,5.3981627015177525,1.6094379124341003,880.0,880.0,1648545.3903743315,0,0.0,0.3703703703703704,Beylikdüzü_4,1762484.696969697
Beylikdüzü,500,7.0,13.0,4500000.0,0.0,3.0,8,Doğalgaz,Emlakjet,1.0,7,70.42253521126761,2,6.2166061010848646,2.0794415416798357,3500.0,6500.0,1648545.3903743315,0,0.0,0.3703703703703704,Beylikdüzü_7,3577384.6153846155
Beylikdüzü,380,7.0,10.0,6100000.0,0.0,3.0,8,Doğalgaz,Emlakjet,1.0,7,53.521126760563384,1,5.942799375126701,2.0794415416798357,2660.0,3800.0,1648545.3903743315,0,0.0,0.3703703703703704,Beylikdüzü_7,3577384.6153846155
Beylikdüzü,145,4.0,18.0,1540000.0,0.0,3.0,8,Doğalgaz,Emlakjet,1.0,7,35.36585365853659,2,4.983606621708336,1.6094379124341003,580.0,2610.0,1648545.3903743315,0,0.0,0.3703703703703704,Beylikdüzü_4,1762484.696969697
Beylikdüzü,260,5.0,13.0,1875000.0,0.0,3.0,8,Doğalgaz,Emlakjet,1.0,7,50.98039215686275,2,5.564520407322694,1.791759469228055,1300.0,3380.0,1648545.3903743315,0,0.0,0.3703703703703704,Beylikdüzü_5,2182153.846153846
Beylikdüzü,125,3.0,4.0,1139000.0,0.0,3.0,8,Doğalgaz,Emlakjet,1.0,7,40.32258064516129,0,4.836281906951478,1.3862943611198906,375.0,500.0,1648545.3903743315,0,0.0,0.3703703703703704,Beylikdüzü_3,844840.5507246377
Beylikdüzü,145,4.0,4.0,1479000.0,0.0,3.0,8,Doğalgaz,Emlakjet,1.0,7,35.36585365853659,0,4.983606621708336,1.6094379124341003,580.0,580.0,1648545.3903743315,0,0.0,0.3703703703703704,Beylikdüzü_4,1762484.696969697
Beylikdüzü,200,5.0,13.0,2020000.0,0.0,3.0,8,Doğalgaz,Emlakjet,1.0,7,39.21568627450981,2,5.303304908059076,1.791759469228055,1000.0,2600.0,1648545.3903743315,0,0.0,0.3703703703703704,Beylikdüzü_5,2182153.846153846
Beylikdüzü,80,2.0,4.0,599000.0,0.0,3.0,8,Doğalgaz,Emlakjet,1.0,7,38.095238095238095,0,4.394449154672439,1.0986122886681098,160.0,320.0,1648545.3903743315,0,0.0,0.3703703703703704,Beylikdüzü_2,723400.0
Beylikdüzü,90,3.0,4.0,619000.0,0.0,3.0,8,Doğalgaz,Emlakjet,1.0,7,29.032258064516128,0,4.51085950651685,1.3862943611198906,270.0,360.0,1648545.3903743315,0,0.0,0.3703703703703704,Beylikdüzü_3,844840.5507246377
Beylikdüzü,190,5.0,7.5,1349000.0,0.0,3.0,8,Doğalgaz,Emlakjet,1.0,7,37.254901960784316,1,5.25227342804663,1.791759469228055,950.0,1425.0,1648545.3903743315,0,0.0,0.3703703703703704,Beylikdüzü_5,2182153.846153846
Beylikdüzü,145,4.0,30.0,985000.0,0.0,3.0,8,Doğalgaz,Emlakjet,1.0,7,35.36585365853659,3,4.983606621708336,1.6094379124341003,580.0,4350.0,1648545.3903743315,0,0.0,0.3703703703703704,Beylikdüzü_4,1762484.696969697
Beylikdüzü,250,7.0,7.5,2500000.0,0.0,3.0,8,Doğalgaz,Emlakjet,1.0,7,35.21126760563381,1,5.5254529391317835,2.0794415416798357,1750.0,1875.0,1648545.3903743315,0,0.0,0.3703703703703704,Beylikdüzü_7,3577384.6153846155
Beylikdüzü,225,6.0,10.0,2500000.0,0.0,3.0,8,Doğalgaz,Emlakjet,1.0,7,36.885245901639344,1,5.420534999272286,1.9459101490553132,1350.0,2250.0,1648545.3903743315,0,0.0,0.3703703703703704,Beylikdüzü_6,3118500.0
Beylikdüzü,185,4.0,7.5,3100000.0,0.0,3.0,8,Doğalgaz,Emlakjet,1.0,7,45.1219512195122,1,5.225746673713202,1.6094379124341003,740.0,1387.5,1648545.3903743315,0,0.0,0.3703703703703704,Beylikdüzü_4,1762484.696969697
Beylikdüzü,65,2.0,4.0,1080000.0,0.0,3.0,8,Doğalgaz,Emlakjet,1.0,7,30.952380952380953,0,4.189654742026425,1.0986122886681098,130.0,260.0,1648545.3903743315,0,0.0,0.3703703703703704,Beylikdüzü_2,723400.0
Beylikdüzü,140,4.0,10.0,1890000.0,0.0,3.0,8,Doğalgaz,Emlakjet,1.0,7,34.146341463414636,1,4.948759890378168,1.6094379124341003,560.0,1400.0,1648545.3903743315,0,0.0,0.3703703703703704,Beylikdüzü_4,1762484.696969697
Beylikdüzü,215,5.0,7.5,1700000.0,0.0,3.0,8,Doğalgaz,Emlakjet,1.0,7,42.15686274509804,1,5.375278407684165,1.791759469228055,1075.0,1612.5,1648545.3903743315,0,0.0,0.3703703703703704,Beylikdüzü_5,2182153.846153846
Beylikdüzü,200,5.0,10.0,1350000.0,0.0,3.0,8,Doğalgaz,Emlakjet,1.0,7,39.21568627450981,1,5.303304908059076,1.791759469228055,1000.0,2000.0,1648545.3903743315,0,0.0,0.3703703703703704,Beylikdüzü_5,2182153.846153846
Beylikdüzü,110,4.0,3.0,939000.0,0.0,3.0,8,Doğalgaz,Emlakjet,1.0,7,26.82926829268293,0,4.709530201312334,1.6094379124341003,440.0,330.0,1648545.3903743315,0,0.0,0.3703703703703704,Beylikdüzü_4,1762484.696969697
Beylikdüzü,195,4.0,7.5,2850000.0,0.0,3.0,8,Doğalgaz,Emlakjet,1.0,7,47.5609756097561,1,5.278114659230517,1.6094379124341003,780.0,1462.5,1648545.3903743315,0,0.0,0.3703703703703704,Beylikdüzü_4,1762484.696969697
Beylikdüzü,120,3.0,10.0,359000.0,0.0,3.0,8,Doğalgaz,Emlakjet,1.0,7,38.70967741935484,1,4.795790545596741,1.3862943611198906,360.0,1200.0,1648545.3903743315,0,0.0,0.3703703703703704,Beylikdüzü_3,844840.5507246377
Beylikdüzü,95,2.0,7.5,1200000.0,0.0,3.0,8,Doğalgaz,Emlakjet,1.0,7,45.238095238095234,1,4.564348191467836,1.0986122886681098,190.0,712.5,1648545.3903743315,0,0.0,0.3703703703703704,Beylikdüzü_2,723400.0
Beylikdüzü,130,3.0,13.0,755000.0,0.0,3.0,8,Doğalgaz,Emlakjet,1.0,7,41.935483870967744,2,4.875197323201151,1.3862943611198906,390.0,1690.0,1648545.3903743315,0,0.0,0.3703703703703704,Beylikdüzü_3,844840.5507246377
Beylikdüzü,65,2.0,7.5,600000.0,0.0,3.0,8,Doğalgaz,Emlakjet,1.0,7,30.952380952380953,1,4.189654742026425,1.0986122886681098,130.0,487.5,1648545.3903743315,0,0.0,0.3703703703703704,Beylikdüzü_2,723400.0
Beylikdüzü,100,3.0,4.0,630000.0,0.0,3.0,8,Doğalgaz,Emlakjet,1.0,7,32.25806451612903,0,4.61512051684126,1.3862943611198906,300.0,400.0,1648545.3903743315,0,0.0,0.3703703703703704,Beylikdüzü_3,844840.5507246377
Beylikdüzü,200,4.0,18.0,2050000.0,0.0,3.0,8,Doğalgaz,Emlakjet,1.0,7,48.78048780487805,2,5.303304908059076,1.6094379124341003,800.0,3600.0,1648545.3903743315,0,0.0,0.3703703703703704,Beylikdüzü_4,1762484.696969697
Beylikdüzü,115,3.0,10.0,960000.0,0.0,3.0,8,Doğalgaz,Emlakjet,1.0,7,37.096774193548384,1,4.7535901911063645,1.3862943611198906,345.0,1150.0,1648545.3903743315,0,0.0,0.3703703703703704,Beylikdüzü_3,844840.5507246377
Beylikdüzü,242,5.0,7.5,3850000.0,0.0,3.0,8,Doğalgaz,Emlakjet,1.0,7,47.450980392156865,1,5.493061443340548,1.791759469228055,1210.0,1815.0,1648545.3903743315,0,0.0,0.3703703703703704,Beylikdüzü_5,2182153.846153846
Beylikdüzü,145,4.0,18.0,1350000.0,0.0,3.0,8,Doğalgaz,Emlakjet,1.0,7,35.36585365853659,2,4.983606621708336,1.6094379124341003,580.0,2610.0,1648545.3903743315,0,0.0,0.3703703703703704,Beylikdüzü_4,1762484.696969697
Beylikdüzü,130,3.0,10.0,579000.0,0.0,3.0,8,Doğalgaz,Emlakjet,1.0,7,41.935483870967744,1,4.875197323201151,1.3862943611198906,390.0,1300.0,1648545.3903743315,0,0.0,0.3703703703703704,Beylikdüzü_3,844840.5507246377
Beylikdüzü,110,3.0,10.0,945000.0,0.0,3.0,8,Doğalgaz,Emlakjet,1.0,7,35.483870967741936,1,4.709530201312334,1.3862943611198906,330.0,1100.0,1648545.3903743315,0,0.0,0.3703703703703704,Beylikdüzü_3,844840.5507246377
Beylikdüzü,110,3.0,10.0,835000.0,0.0,3.0,8,Doğalgaz,Emlakjet,1.0,7,35.483870967741936,1,4.709530201312334,1.3862943611198906,330.0,1100.0,1648545.3903743315,0,0.0,0.3703703703703704,Beylikdüzü_3,844840.5507246377
Beylikdüzü,220,7.0,4.0,1690000.0,0.0,3.0,8,Doğalgaz,Emlakjet,1.0,7,30.985915492957748,0,5.3981627015177525,2.0794415416798357,1540.0,880.0,1648545.3903743315,0,0.0,0.3703703703703704,Beylikdüzü_7,3577384.6153846155
Beylikdüzü,135,3.0,10.0,369000.0,0.0,3.0,8,Doğalgaz,Emlakjet,1.0,7,43.54838709677419,1,4.912654885736052,1.3862943611198906,405.0,1350.0,1648545.3903743315,0,0.0,0.3703703703703704,Beylikdüzü_3,844840.5507246377
Beylikdüzü,125,3.0,10.0,499999.0,0.0,3.0,8,Doğalgaz,Emlakjet,1.0,7,40.32258064516129,1,4.836281906951478,1.3862943611198906,375.0,1250.0,1648545.3903743315,0,0.0,0.3703703703703704,Beylikdüzü_3,844840.5507246377
Beylikdüzü,110,3.0,10.0,805000.0,0.0,3.0,8,Doğalgaz,Emlakjet,1.0,7,35.483870967741936,1,4.709530201312334,1.3862943611198906,330.0,1100.0,1648545.3903743315,0,0.0,0.3703703703703704,Beylikdüzü_3,844840.5507246377
Beylikdüzü,1100,8.0,18.0,16750000.0,0.0,3.0,8,Doğalgaz,Emlakjet,1.0,7,135.80246913580248,2,7.00397413672268,2.1972245773362196,8800.0,19800.0,1648545.3903743315,0,0.0,0.3703703703703704,Beylikdüzü_8,16750000.0
Beylikdüzü,95,3.0,4.0,689000.0,0.0,3.0,8,Doğalgaz,Emlakjet,1.0,7,30.64516129032258,0,4.564348191467836,1.3862943611198906,285.0,380.0,1648545.3903743315,0,0.0,0.3703703703703704,Beylikdüzü_3,844840.5507246377
Beylikdüzü,145,4.0,10.0,1750000.0,0.0,3.0,8,Doğalgaz,Emlakjet,1.0,7,35.36585365853659,1,4.983606621708336,1.6094379124341003,580.0,1450.0,1648545.3903743315,0,0.0,0.3703703703703704,Beylikdüzü_4,1762484.696969697
Beylikdüzü,170,4.0,10.0,3200000.0,0.0,3.0,8,Doğalgaz,Emlakjet,1.0,7,41.463414634146346,1,5.14166355650266,1.6094379124341003,680.0,1700.0,1648545.3903743315,0,0.0,0.3703703703703704,Beylikdüzü_4,1762484.696969697
Beylikdüzü,180,4.0,10.0,2799000.0,0.0,3.0,8,Doğalgaz,Emlakjet,1.0,7,43.90243902439025,1,5.198497031265826,1.6094379124341003,720.0,1800.0,1648545.3903743315,0,0.0,0.3703703703703704,Beylikdüzü_4,1762484.696969697
Beylikdüzü,150,4.0,10.0,3150000.0,0.0,3.0,8,Doğalgaz,Emlakjet,1.0,7,36.58536585365854,1,5.017279836814924,1.6094379124341003,600.0,1500.0,1648545.3903743315,0,0.0,0.3703703703703704,Beylikdüzü_4,1762484.696969697
Beylikdüzü,225,5.0,10.0,2749000.0,0.0,3.0,8,Doğalgaz,Emlakjet,1.0,7,44.11764705882353,1,5.420534999272286,1.791759469228055,1125.0,2250.0,1648545.3903743315,0,0.0,0.3703703703703704,Beylikdüzü_5,2182153.846153846
Beylikdüzü,125,3.0,10.0,2100000.0,0.0,3.0,8,Doğalgaz,Emlakjet,1.0,7,40.32258064516129,1,4.836281906951478,1.3862943611198906,375.0,1250.0,1648545.3903743315,0,0.0,0.3703703703703704,Beylikdüzü_3,844840.5507246377
Beylikdüzü,140,4.0,10.0,1890000.0,0.0,3.0,8,Doğalgaz,Emlakjet,1.0,7,34.146341463414636,1,4.948759890378168,1.6094379124341003,560.0,1400.0,1648545.3903743315,0,0.0,0.3703703703703704,Beylikdüzü_4,1762484.696969697
Beylikdüzü,145,4.0,10.0,2590000.0,0.0,3.0,8,Doğalgaz,Emlakjet,1.0,7,35.36585365853659,1,4.983606621708336,1.6094379124341003,580.0,1450.0,1648545.3903743315,0,0.0,0.3703703703703704,Beylikdüzü_4,1762484.696969697
Beylikdüzü,115,3.0,10.0,1079000.0,0.0,3.0,8,Doğalgaz,Emlakjet,1.0,7,37.096774193548384,1,4.7535901911063645,1.3862943611198906,345.0,1150.0,1648545.3903743315,0,0.0,0.3703703703703704,Beylikdüzü_3,844840.5507246377
Beylikdüzü,110,3.0,10.0,1250000.0,0.0,3.0,8,Doğalgaz,Emlakjet,1.0,7,35.483870967741936,1,4.709530201312334,1.3862943611198906,330.0,1100.0,1648545.3903743315,0,0.0,0.3703703703703704,Beylikdüzü_3,844840.5507246377
Beylikdüzü,190,4.0,10.0,4000000.0,0.0,3.0,8,Doğalgaz,Emlakjet,1.0,7,46.34146341463415,1,5.25227342804663,1.6094379124341003,760.0,1900.0,1648545.3903743315,0,0.0,0.3703703703703704,Beylikdüzü_4,1762484.696969697
Beylikdüzü,155,4.0,10.0,1999990.0,0.0,3.0,8,Doğalgaz,Emlakjet,1.0,7,37.80487804878049,1,5.049856007249537,1.6094379124341003,620.0,1550.0,1648545.3903743315,0,0.0,0.3703703703703704,Beylikdüzü_4,1762484.696969697
Beylikdüzü,350,7.0,10.0,5599000.0,0.0,3.0,8,Doğalgaz,Emlakjet,1.0,7,49.29577464788733,1,5.860786223465865,2.0794415416798357,2450.0,3500.0,1648545.3903743315,0,0.0,0.3703703703703704,Beylikdüzü_7,3577384.6153846155
Beylikdüzü,110,3.0,10.0,1150000.0,0.0,3.0,8,Doğalgaz,Emlakjet,1.0,7,35.483870967741936,1,4.709530201312334,1.3862943611198906,330.0,1100.0,1648545.3903743315,0,0.0,0.3703703703703704,Beylikdüzü_3,844840.5507246377
Beylikdüzü,140,4.0,10.0,1100000.0,0.0,3.0,8,Doğalgaz,Emlakjet,1.0,7,34.146341463414636,1,4.948759890378168,1.6094379124341003,560.0,1400.0,1648545.3903743315,0,0.0,0.3703703703703704,Beylikdüzü_4,1762484.696969697
Beylikdüzü,220,6.0,10.0,1550000.0,0.0,3.0,8,Doğalgaz,Emlakjet,1.0,7,36.0655737704918,1,5.3981627015177525,1.9459101490553132,1320.0,2200.0,1648545.3903743315,0,0.0,0.3703703703703704,Beylikdüzü_6,3118500.0
Beylikdüzü,200,5.0,10.0,1300000.0,0.0,3.0,8,Doğalgaz,Emlakjet,1.0,7,39.21568627450981,1,5.303304908059076,1.791759469228055,1000.0,2000.0,1648545.3903743315,0,0.0,0.3703703703703704,Beylikdüzü_5,2182153.846153846
Beylikdüzü,100,3.0,10.0,949000.0,0.0,3.0,8,Doğalgaz,Emlakjet,1.0,7,32.25806451612903,1,4.61512051684126,1.3862943611198906,300.0,1000.0,1648545.3903743315,0,0.0,0.3703703703703704,Beylikdüzü_3,844840.5507246377
Beylikdüzü,180,4.0,10.0,2150000.0,0.0,3.0,8,Doğalgaz,Emlakjet,1.0,7,43.90243902439025,1,5.198497031265826,1.6094379124341003,720.0,1800.0,1648545.3903743315,0,0.0,0.3703703703703704,Beylikdüzü_4,1762484.696969697
Beylikdüzü,145,4.0,10.0,1450000.0,0.0,3.0,8,Doğalgaz,Emlakjet,1.0,7,35.36585365853659,1,4.983606621708336,1.6094379124341003,580.0,1450.0,1648545.3903743315,0,0.0,0.3703703703703704,Beylikdüzü_4,1762484.696969697
Beylikdüzü,125,3.0,10.0,1550000.0,0.0,3.0,8,Doğalgaz,Emlakjet,1.0,7,40.32258064516129,1,4.836281906951478,1.3862943611198906,375.0,1250.0,1648545.3903743315,0,0.0,0.3703703703703704,Beylikdüzü_3,844840.5507246377
Beylikdüzü,125,3.0,10.0,1150000.0,0.0,3.0,8,Doğalgaz,Emlakjet,1.0,7,40.32258064516129,1,4.836281906951478,1.3862943611198906,375.0,1250.0,1648545.3903743315,0,0.0,0.3703703703703704,Beylikdüzü_3,844840.5507246377
Beylikdüzü,100,3.0,10.0,1600000.0,0.0,3.0,8,Doğalgaz,Emlakjet,1.0,7,32.25806451612903,1,4.61512051684126,1.3862943611198906,300.0,1000.0,1648545.3903743315,0,0.0,0.3703703703703704,Beylikdüzü_3,844840.5507246377
Beylikdüzü,125,4.0,10.0,800000.0,0.0,3.0,8,Doğalgaz,Emlakjet,1.0,7,30.487804878048784,1,4.836281906951478,1.6094379124341003,500.0,1250.0,1648545.3903743315,0,0.0,0.3703703703703704,Beylikdüzü_4,1762484.696969697
Beylikdüzü,85,3.0,10.0,599000.0,0.0,3.0,8,Doğalgaz,Emlakjet,1.0,7,27.419354838709676,1,4.454347296253507,1.3862943611198906,255.0,850.0,1648545.3903743315,0,0.0,0.3703703703703704,Beylikdüzü_3,844840.5507246377
Beylikdüzü,135,4.0,10.0,1500000.0,0.0,3.0,8,Doğalgaz,Emlakjet,1.0,7,32.926829268292686,1,4.912654885736052,1.6094379124341003,540.0,1350.0,1648545.3903743315,0,0.0,0.3703703703703704,Beylikdüzü_4,1762484.696969697
Beylikdüzü,100,3.0,10.0,738000.0,0.0,3.0,8,Doğalgaz,Emlakjet,1.0,7,32.25806451612903,1,4.61512051684126,1.3862943611198906,300.0,1000.0,1648545.3903743315,0,0.0,0.3703703703703704,Beylikdüzü_3,844840.5507246377
Beylikdüzü,73,2.0,10.0,1300000.0,0.0,3.0,8,Doğalgaz,Emlakjet,1.0,7,34.76190476190476,1,4.30406509320417,1.0986122886681098,146.0,730.0,1648545.3903743315,0,0.0,0.3703703703703704,Beylikdüzü_2,723400.0
Beylikdüzü,95,3.0,10.0,770000.0,0.0,3.0,8,Doğalgaz,Emlakjet,1.0,7,30.64516129032258,1,4.564348191467836,1.3862943611198906,285.0,950.0,1648545.3903743315,0,0.0,0.3703703703703704,Beylikdüzü_3,844840.5507246377
Beylikdüzü,155,4.0,10.0,1750000.0,0.0,3.0,8,Doğalgaz,Emlakjet,1.0,7,37.80487804878049,1,5.049856007249537,1.6094379124341003,620.0,1550.0,1648545.3903743315,0,0.0,0.3703703703703704,Beylikdüzü_4,1762484.696969697
Beylikdüzü,120,3.0,10.0,1450000.0,0.0,3.0,8,Doğalgaz,Emlakjet,1.0,7,38.70967741935484,1,4.795790545596741,1.3862943611198906,360.0,1200.0,1648545.3903743315,0,0.0,0.3703703703703704,Beylikdüzü_3,844840.5507246377
Beylikdüzü,155,4.0,10.0,1750000.0,0.0,3.0,8,Doğalgaz,Emlakjet,1.0,7,37.80487804878049,1,5.049856007249537,1.6094379124341003,620.0,1550.0,1648545.3903743315,0,0.0,0.3703703703703704,Beylikdüzü_4,1762484.696969697
Beylikdüzü,225,6.0,10.0,2500000.0,0.0,3.0,8,Doğalgaz,Emlakjet,1.0,7,36.885245901639344,1,5.420534999272286,1.9459101490553132,1350.0,2250.0,1648545.3903743315,0,0.0,0.3703703703703704,Beylikdüzü_6,3118500.0
Beylikdüzü,120,4.0,10.0,1650000.0,0.0,3.0,8,Doğalgaz,Emlakjet,1.0,7,29.26829268292683,1,4.795790545596741,1.6094379124341003,480.0,1200.0,1648545.3903743315,0,0.0,0.3703703703703704,Beylikdüzü_4,1762484.696969697
Beylikdüzü,176,4.0,3.0,1895000.0,0.0,3.0,8,Doğalgaz,Emlakjet,1.0,7,42.926829268292686,0,5.176149732573829,1.6094379124341003,704.0,528.0,1648545.3903743315,0,0.0,0.3703703703703704,Beylikdüzü_4,1762484.696969697
Beylikdüzü,300,5.0,13.0,3300000.0,0.0,3.0,8,Doğalgaz,Emlakjet,1.0,7,58.82352941176471,2,5.707110264748875,1.791759469228055,1500.0,3900.0,1648545.3903743315,0,0.0,0.3703703703703704,Beylikdüzü_5,2182153.846153846
Beylikdüzü,115,3.0,10.0,1050000.0,0.0,3.0,8,Doğalgaz,Emlakjet,1.0,7,37.096774193548384,1,4.7535901911063645,1.3862943611198906,345.0,1150.0,1648545.3903743315,0,0.0,0.3703703703703704,Beylikdüzü_3,844840.5507246377
Beylikdüzü,100,3.0,10.0,735000.0,0.0,3.0,8,Doğalgaz,Emlakjet,1.0,7,32.25806451612903,1,4.61512051684126,1.3862943611198906,300.0,1000.0,1648545.3903743315,0,0.0,0.3703703703703704,Beylikdüzü_3,844840.5507246377
Beylikdüzü,115,3.0,10.0,745000.0,0.0,3.0,8,Doğalgaz,Emlakjet,1.0,7,37.096774193548384,1,4.7535901911063645,1.3862943611198906,345.0,1150.0,1648545.3903743315,0,0.0,0.3703703703703704,Beylikdüzü_3,844840.5507246377
Beylikdüzü,105,3.0,10.0,495000.0,0.0,3.0,8,Doğalgaz,Emlakjet,1.0,7,33.87096774193548,1,4.663439094112067,1.3862943611198906,315.0,1050.0,1648545.3903743315,0,0.0,0.3703703703703704,Beylikdüzü_3,844840.5507246377
Beylikdüzü,120,4.0,10.0,670000.0,0.0,3.0,8,Doğalgaz,Emlakjet,1.0,7,29.26829268292683,1,4.795790545596741,1.6094379124341003,480.0,1200.0,1648545.3903743315,0,0.0,0.3703703703703704,Beylikdüzü_4,1762484.696969697
Beylikdüzü,100,3.0,3.0,495000.0,0.0,3.0,8,Doğalgaz,Emlakjet,1.0,7,32.25806451612903,0,4.61512051684126,1.3862943611198906,300.0,300.0,1648545.3903743315,0,0.0,0.3703703703703704,Beylikdüzü_3,844840.5507246377
Beylikdüzü,145,4.0,10.0,630000.0,0.0,3.0,8,Doğalgaz,Emlakjet,1.0,7,35.36585365853659,1,4.983606621708336,1.6094379124341003,580.0,1450.0,1648545.3903743315,0,0.0,0.3703703703703704,Beylikdüzü_4,1762484.696969697
Beylikdüzü,100,3.0,10.0,529000.0,0.0,3.0,8,Doğalgaz,Emlakjet,1.0,7,32.25806451612903,1,4.61512051684126,1.3862943611198906,300.0,1000.0,1648545.3903743315,0,0.0,0.3703703703703704,Beylikdüzü_3,844840.5507246377
Beylikdüzü,100,3.0,10.0,555000.0,0.0,3.0,8,Doğalgaz,Emlakjet,1.0,7,32.25806451612903,1,4.61512051684126,1.3862943611198906,300.0,1000.0,1648545.3903743315,0,0.0,0.3703703703703704,Beylikdüzü_3,844840.5507246377
Beylikdüzü,280,7.0,1.0,2850000.0,0.0,3.0,8,Doğalgaz,Emlakjet,1.0,7,39.43661971830986,0,5.638354669333745,2.0794415416798357,1960.0,280.0,1648545.3903743315,0,0.0,0.3703703703703704,Beylikdüzü_7,3577384.6153846155
Beylikdüzü,220,5.0,13.0,2450000.0,0.0,3.0,8,Doğalgaz,Emlakjet,1.0,7,43.13725490196079,2,5.3981627015177525,1.791759469228055,1100.0,2860.0,1648545.3903743315,0,0.0,0.3703703703703704,Beylikdüzü_5,2182153.846153846
Beylikdüzü,110,4.0,4.0,1000000.0,0.0,3.0,8,Doğalgaz,Emlakjet,1.0,7,26.82926829268293,0,4.709530201312334,1.6094379124341003,440.0,440.0,1648545.3903743315,0,0.0,0.3703703703703704,Beylikdüzü_4,1762484.696969697
Beylikdüzü,96,3.0,13.0,1295000.0,0.0,3.0,8,Doğalgaz,Emlakjet,1.0,7,30.96774193548387,2,4.574710978503383,1.3862943611198906,288.0,1248.0,1648545.3903743315,0,0.0,0.3703703703703704,Beylikdüzü_3,844840.5507246377
Beylikdüzü,95,3.0,7.5,1050000.0,0.0,3.0,8,Doğalgaz,Emlakjet,1.0,7,30.64516129032258,1,4.564348191467836,1.3862943611198906,285.0,712.5,1648545.3903743315,0,0.0,0.3703703703703704,Beylikdüzü_3,844840.5507246377
Beylikdüzü,150,4.0,10.0,1690000.0,0.0,3.0,8,Doğalgaz,Emlakjet,1.0,7,36.58536585365854,1,5.017279836814924,1.6094379124341003,600.0,1500.0,1648545.3903743315,0,0.0,0.3703703703703704,Beylikdüzü_4,1762484.696969697
Beylikdüzü,100,3.0,10.0,675000.0,0.0,3.0,8,Doğalgaz,Emlakjet,1.0,7,32.25806451612903,1,4.61512051684126,1.3862943611198906,300.0,1000.0,1648545.3903743315,0,0.0,0.3703703703703704,Beylikdüzü_3,844840.5507246377
Beylikdüzü,90,2.0,10.0,619000.0,0.0,3.0,8,Doğalgaz,Emlakjet,1.0,7,42.857142857142854,1,4.51085950651685,1.0986122886681098,180.0,900.0,1648545.3903743315,0,0.0,0.3703703703703704,Beylikdüzü_2,723400.0
Beylikdüzü,105,3.0,10.0,569000.0,0.0,3.0,8,Doğalgaz,Emlakjet,1.0,7,33.87096774193548,1,4.663439094112067,1.3862943611198906,315.0,1050.0,1648545.3903743315,0,0.0,0.3703703703703704,Beylikdüzü_3,844840.5507246377
Beylikdüzü,90,2.0,10.0,699000.0,0.0,3.0,8,Doğalgaz,Emlakjet,1.0,7,42.857142857142854,1,4.51085950651685,1.0986122886681098,180.0,900.0,1648545.3903743315,0,0.0,0.3703703703703704,Beylikdüzü_2,723400.0
Beylikdüzü,100,3.0,3.0,449000.0,0.0,3.0,8,Doğalgaz,Emlakjet,1.0,7,32.25806451612903,0,4.61512051684126,1.3862943611198906,300.0,300.0,1648545.3903743315,0,0.0,0.3703703703703704,Beylikdüzü_3,844840.5507246377
Beylikdüzü,100,3.0,2.0,525000.0,0.0,3.0,8,Doğalgaz,Emlakjet,1.0,7,32.25806451612903,0,4.61512051684126,1.3862943611198906,300.0,200.0,1648545.3903743315,0,0.0,0.3703703703703704,Beylikdüzü_3,844840.5507246377
Beylikdüzü,100,3.0,10.0,489000.0,0.0,3.0,8,Doğalgaz,Emlakjet,1.0,7,32.25806451612903,1,4.61512051684126,1.3862943611198906,300.0,1000.0,1648545.3903743315,0,0.0,0.3703703703703704,Beylikdüzü_3,844840.5507246377
Beylikdüzü,110,3.0,10.0,1300000.0,0.0,3.0,8,Doğalgaz,Emlakjet,1.0,7,35.483870967741936,1,4.709530201312334,1.3862943611198906,330.0,1100.0,1648545.3903743315,0,0.0,0.3703703703703704,Beylikdüzü_3,844840.5507246377
Beylikdüzü,140,3.0,2.0,1100000.0,0.0,3.0,8,Doğalgaz,Emlakjet,1.0,7,45.16129032258064,0,4.948759890378168,1.3862943611198906,420.0,280.0,1648545.3903743315,0,0.0,0.3703703703703704,Beylikdüzü_3,844840.5507246377
Beylikdüzü,170,4.0,13.0,1700000.0,0.0,3.0,8,Doğalgaz,Emlakjet,1.0,7,41.463414634146346,2,5.14166355650266,1.6094379124341003,680.0,2210.0,1648545.3903743315,0,0.0,0.3703703703703704,Beylikdüzü_4,1762484.696969697
Beylikdüzü,90,3.0,3.0,780000.0,0.0,3.0,8,Doğalgaz,Emlakjet,1.0,7,29.032258064516128,0,4.51085950651685,1.3862943611198906,270.0,270.0,1648545.3903743315,0,0.0,0.3703703703703704,Beylikdüzü_3,844840.5507246377
Beylikdüzü,290,7.0,1.0,7000000.0,0.0,3.0,8,Doğalgaz,Emlakjet,1.0,7,40.845070422535215,0,5.673323267171493,2.0794415416798357,2030.0,290.0,1648545.3903743315,0,0.0,0.3703703703703704,Beylikdüzü_7,3577384.6153846155
Beylikdüzü,230,7.0,3.0,1670000.0,0.0,3.0,8,Doğalgaz,Emlakjet,1.0,7,32.3943661971831,0,5.442417710521793,2.0794415416798357,1610.0,690.0,1648545.3903743315,0,0.0,0.3703703703703704,Beylikdüzü_7,3577384.6153846155
Beylikdüzü,105,3.0,10.0,1089000.0,0.0,3.0,8,Doğalgaz,Emlakjet,1.0,7,33.87096774193548,1,4.663439094112067,1.3862943611198906,315.0,1050.0,1648545.3903743315,0,0.0,0.3703703703703704,Beylikdüzü_3,844840.5507246377
Beylikdüzü,90,2.0,3.0,799000.0,0.0,3.0,8,Doğalgaz,Emlakjet,1.0,7,42.857142857142854,0,4.51085950651685,1.0986122886681098,180.0,270.0,1648545.3903743315,0,0.0,0.3703703703703704,Beylikdüzü_2,723400.0
Beylikdüzü,280,7.0,10.0,5299000.0,0.0,3.0,8,Doğalgaz,Emlakjet,1.0,7,39.43661971830986,1,5.638354669333745,2.0794415416798357,1960.0,2800.0,1648545.3903743315,0,0.0,0.3703703703703704,Beylikdüzü_7,3577384.6153846155
Beylikdüzü,150,4.0,7.5,1850000.0,0.0,3.0,8,Doğalgaz,Emlakjet,1.0,7,36.58536585365854,1,5.017279836814924,1.6094379124341003,600.0,1125.0,1648545.3903743315,0,0.0,0.3703703703703704,Beylikdüzü_4,1762484.696969697
Beylikdüzü,150,4.0,30.0,1650000.0,0.0,3.0,8,Doğalgaz,Emlakjet,1.0,7,36.58536585365854,3,5.017279836814924,1.6094379124341003,600.0,4500.0,1648545.3903743315,0,0.0,0.3703703703703704,Beylikdüzü_4,1762484.696969697
Beylikdüzü,105,3.0,10.0,1150000.0,0.0,3.0,8,Doğalgaz,Emlakjet,1.0,7,33.87096774193548,1,4.663439094112067,1.3862943611198906,315.0,1050.0,1648545.3903743315,0,0.0,0.3703703703703704,Beylikdüzü_3,844840.5507246377
Beylikdüzü,100,3.0,2.0,459000.0,0.0,3.0,8,Doğalgaz,Emlakjet,1.0,7,32.25806451612903,0,4.61512051684126,1.3862943611198906,300.0,200.0,1648545.3903743315,0,0.0,0.3703703703703704,Beylikdüzü_3,844840.5507246377
Beylikdüzü,160,4.0,4.0,1844000.0,0.0,3.0,8,Doğalgaz,Emlakjet,1.0,7,39.024390243902445,0,5.081404364984463,1.6094379124341003,640.0,640.0,1648545.3903743315,0,0.0,0.3703703703703704,Beylikdüzü_4,1762484.696969697
Beylikdüzü,180,5.0,3.0,1275000.0,0.0,3.0,8,Doğalgaz,Emlakjet,1.0,7,35.294117647058826,0,5.198497031265826,1.791759469228055,900.0,540.0,1648545.3903743315,0,0.0,0.3703703703703704,Beylikdüzü_5,2182153.846153846
Beylikdüzü,160,4.0,4.0,1949000.0,0.0,3.0,8,Doğalgaz,Emlakjet,1.0,7,39.024390243902445,0,5.081404364984463,1.6094379124341003,640.0,640.0,1648545.3903743315,0,0.0,0.3703703703703704,Beylikdüzü_4,1762484.696969697
Beylikdüzü,105,3.0,10.0,870000.0,0.0,3.0,8,Doğalgaz,Emlakjet,1.0,7,33.87096774193548,1,4.663439094112067,1.3862943611198906,315.0,1050.0,1648545.3903743315,0,0.0,0.3703703703703704,Beylikdüzü_3,844840.5507246377
Beylikdüzü,100,3.0,10.0,899000.0,0.0,3.0,8,Doğalgaz,Emlakjet,1.0,7,32.25806451612903,1,4.61512051684126,1.3862943611198906,300.0,1000.0,1648545.3903743315,0,0.0,0.3703703703703704,Beylikdüzü_3,844840.5507246377
Beylikdüzü,120,3.0,3.0,1119000.0,0.0,3.0,8,Doğalgaz,Emlakjet,1.0,7,38.70967741935484,0,4.795790545596741,1.3862943611198906,360.0,360.0,1648545.3903743315,0,0.0,0.3703703703703704,Beylikdüzü_3,844840.5507246377
Beylikdüzü,105,3.0,10.0,819000.0,0.0,3.0,8,Doğalgaz,Emlakjet,1.0,7,33.87096774193548,1,4.663439094112067,1.3862943611198906,315.0,1050.0,1648545.3903743315,0,0.0,0.3703703703703704,Beylikdüzü_3,844840.5507246377
Beylikdüzü,140,4.0,4.0,1149000.0,0.0,3.0,8,Doğalgaz,Emlakjet,1.0,7,34.146341463414636,0,4.948759890378168,1.6094379124341003,560.0,560.0,1648545.3903743315,0,0.0,0.3703703703703704,Beylikdüzü_4,1762484.696969697
Beylikdüzü,90,3.0,10.0,850000.0,0.0,3.0,8,Doğalgaz,Emlakjet,1.0,7,29.032258064516128,1,4.51085950651685,1.3862943611198906,270.0,900.0,1648545.3903743315,0,0.0,0.3703703703703704,Beylikdüzü_3,844840.5507246377
Beylikdüzü,110,3.0,10.0,489000.0,0.0,3.0,8,Doğalgaz,Emlakjet,1.0,7,35.483870967741936,1,4.709530201312334,1.3862943611198906,330.0,1100.0,1648545.3903743315,0,0.0,0.3703703703703704,Beylikdüzü_3,844840.5507246377
Beylikdüzü,160,4.0,4.0,1790000.0,0.0,3.0,8,Doğalgaz,Emlakjet,1.0,7,39.024390243902445,0,5.081404364984463,1.6094379124341003,640.0,640.0,1648545.3903743315,0,0.0,0.3703703703703704,Beylikdüzü_4,1762484.696969697
Beylikdüzü,100,3.0,4.0,298000.0,0.0,3.0,8,Doğalgaz,Emlakjet,1.0,7,32.25806451612903,0,4.61512051684126,1.3862943611198906,300.0,400.0,1648545.3903743315,0,0.0,0.3703703703703704,Beylikdüzü_3,844840.5507246377
Beylikdüzü,130,4.0,4.0,909000.0,0.0,3.0,8,Doğalgaz,Emlakjet,1.0,7,31.707317073170735,0,4.875197323201151,1.6094379124341003,520.0,520.0,1648545.3903743315,0,0.0,0.3703703703703704,Beylikdüzü_4,1762484.696969697
Beylikdüzü,295,7.0,30.0,2950000.0,0.0,3.0,8,Doğalgaz,Emlakjet,1.0,7,41.54929577464789,3,5.69035945432406,2.0794415416798357,2065.0,8850.0,1648545.3903743315,0,0.0,0.3703703703703704,Beylikdüzü_7,3577384.6153846155
Beylikdüzü,180,4.0,10.0,1895000.0,0.0,3.0,8,Doğalgaz,Emlakjet,1.0,7,43.90243902439025,1,5.198497031265826,1.6094379124341003,720.0,1800.0,1648545.3903743315,0,0.0,0.3703703703703704,Beylikdüzü_4,1762484.696969697
Beylikdüzü,150,4.0,7.5,2000000.0,0.0,3.0,8,Doğalgaz,Emlakjet,1.0,7,36.58536585365854,1,5.017279836814924,1.6094379124341003,600.0,1125.0,1648545.3903743315,0,0.0,0.3703703703703704,Beylikdüzü_4,1762484.696969697
Beylikdüzü,148,4.0,13.0,1125000.0,0.0,3.0,8,Doğalgaz,Emlakjet,1.0,7,36.09756097560976,2,5.003946305945459,1.6094379124341003,592.0,1924.0,1648545.3903743315,0,0.0,0.3703703703703704,Beylikdüzü_4,1762484.696969697
Beylikdüzü,135,4.0,7.5,950000.0,0.0,3.0,8,Doğalgaz,Emlakjet,1.0,7,32.926829268292686,1,4.912654885736052,1.6094379124341003,540.0,1012.5,1648545.3903743315,0,0.0,0.3703703703703704,Beylikdüzü_4,1762484.696969697
Beylikdüzü,100,3.0,3.0,485000.0,0.0,3.0,8,Doğalgaz,Emlakjet,1.0,7,32.25806451612903,0,4.61512051684126,1.3862943611198906,300.0,300.0,1648545.3903743315,0,0.0,0.3703703703703704,Beylikdüzü_3,844840.5507246377
Beylikdüzü,261,6.0,10.0,6525000.0,0.0,3.0,8,Doğalgaz,Emlakjet,1.0,7,42.786885245901644,1,5.568344503761097,1.9459101490553132,1566.0,2610.0,1648545.3903743315,0,0.0,0.3703703703703704,Beylikdüzü_6,3118500.0
Beylikdüzü,120,3.0,2.0,1300000.0,0.0,3.0,8,Doğalgaz,Emlakjet,1.0,7,38.70967741935484,0,4.795790545596741,1.3862943611198906,360.0,240.0,1648545.3903743315,0,0.0,0.3703703703703704,Beylikdüzü_3,844840.5507246377
Beylikdüzü,68,2.0,7.5,745000.0,0.0,3.0,8,Doğalgaz,Emlakjet,1.0,7,32.38095238095238,1,4.23410650459726,1.0986122886681098,136.0,510.0,1648545.3903743315,0,0.0,0.3703703703703704,Beylikdüzü_2,723400.0
Beylikdüzü,150,4.0,10.0,1680000.0,0.0,3.0,8,Doğalgaz,Emlakjet,1.0,7,36.58536585365854,1,5.017279836814924,1.6094379124341003,600.0,1500.0,1648545.3903743315,0,0.0,0.3703703703703704,Beylikdüzü_4,1762484.696969697
Beylikdüzü,170,4.0,18.0,1590000.0,0.0,3.0,8,Doğalgaz,Emlakjet,1.0,7,41.463414634146346,2,5.14166355650266,1.6094379124341003,680.0,3060.0,1648545.3903743315,0,0.0,0.3703703703703704,Beylikdüzü_4,1762484.696969697
Beylikdüzü,305,6.0,13.0,2525000.0,0.0,3.0,8,Doğalgaz,Emlakjet,1.0,7,50.0,2,5.723585101952381,1.9459101490553132,1830.0,3965.0,1648545.3903743315,0,0.0,0.3703703703703704,Beylikdüzü_6,3118500.0
Beylikdüzü,210,6.0,3.0,1985000.0,0.0,3.0,8,Doğalgaz,Emlakjet,1.0,7,34.42622950819673,0,5.351858133476067,1.9459101490553132,1260.0,630.0,1648545.3903743315,0,0.0,0.3703703703703704,Beylikdüzü_6,3118500.0
Beylikdüzü,210,5.0,10.0,3350000.0,0.0,3.0,8,Doğalgaz,Emlakjet,1.0,7,41.1764705882353,1,5.351858133476067,1.791759469228055,1050.0,2100.0,1648545.3903743315,0,0.0,0.3703703703703704,Beylikdüzü_5,2182153.846153846
Beylikdüzü,155,4.0,10.0,1699000.0,0.0,3.0,8,Doğalgaz,Emlakjet,1.0,7,37.80487804878049,1,5.049856007249537,1.6094379124341003,620.0,1550.0,1648545.3903743315,0,0.0,0.3703703703703704,Beylikdüzü_4,1762484.696969697
Beylikdüzü,250,6.0,18.0,3950000.0,0.0,3.0,8,Doğalgaz,Emlakjet,1.0,7,40.98360655737705,2,5.5254529391317835,1.9459101490553132,1500.0,4500.0,1648545.3903743315,0,0.0,0.3703703703703704,Beylikdüzü_6,3118500.0
Beylikdüzü,200,5.0,10.0,1800000.0,0.0,3.0,8,Doğalgaz,Emlakjet,1.0,7,39.21568627450981,1,5.303304908059076,1.791759469228055,1000.0,2000.0,1648545.3903743315,0,0.0,0.3703703703703704,Beylikdüzü_5,2182153.846153846
Beylikdüzü,100,3.0,10.0,850000.0,0.0,3.0,8,Doğalgaz,Emlakjet,1.0,7,32.25806451612903,1,4.61512051684126,1.3862943611198906,300.0,1000.0,1648545.3903743315,0,0.0,0.3703703703703704,Beylikdüzü_3,844840.5507246377
Beylikdüzü,150,4.0,7.5,1200000.0,0.0,3.0,8,Doğalgaz,Emlakjet,1.0,7,36.58536585365854,1,5.017279836814924,1.6094379124341003,600.0,1125.0,1648545.3903743315,0,0.0,0.3703703703703704,Beylikdüzü_4,1762484.696969697
Beylikdüzü,200,4.0,1.0,1399000.0,0.0,3.0,8,Doğalgaz,Emlakjet,1.0,7,48.78048780487805,0,5.303304908059076,1.6094379124341003,800.0,200.0,1648545.3903743315,0,0.0,0.3703703703703704,Beylikdüzü_4,1762484.696969697
Beylikdüzü,360,6.0,7.5,2800000.0,0.0,3.0,8,Doğalgaz,Emlakjet,1.0,7,59.016393442622956,1,5.8888779583328805,1.9459101490553132,2160.0,2700.0,1648545.3903743315,0,0.0,0.3703703703703704,Beylikdüzü_6,3118500.0
Beylikdüzü,250,7.0,7.5,1699000.0,0.0,3.0,8,Doğalgaz,Emlakjet,1.0,7,35.21126760563381,1,5.5254529391317835,2.0794415416798357,1750.0,1875.0,1648545.3903743315,0,0.0,0.3703703703703704,Beylikdüzü_7,3577384.6153846155
Beylikdüzü,185,4.5,10.0,3200000.0,0.0,3.0,8,Doğalgaz,Emlakjet,1.0,7,40.21739130434783,1,5.225746673713202,1.7047480922384253,832.5,1850.0,1648545.3903743315,0,0.0,0.3703703703703704,Beylikdüzü_4,1762484.696969697
Beylikdüzü,170,4.0,13.0,1690000.0,0.0,3.0,8,Doğalgaz,Emlakjet,1.0,7,41.463414634146346,2,5.14166355650266,1.6094379124341003,680.0,2210.0,1648545.3903743315,0,0.0,0.3703703703703704,Beylikdüzü_4,1762484.696969697
Beylikdüzü,115,2.0,7.5,1150000.0,0.0,3.0,8,Doğalgaz,Emlakjet,1.0,7,54.76190476190476,1,4.7535901911063645,1.0986122886681098,230.0,862.5,1648545.3903743315,0,0.0,0.3703703703703704,Beylikdüzü_2,723400.0
Beylikdüzü,130,4.0,10.0,1895000.0,0.0,3.0,8,Doğalgaz,Emlakjet,1.0,7,31.707317073170735,1,4.875197323201151,1.6094379124341003,520.0,1300.0,1648545.3903743315,0,0.0,0.3703703703703704,Beylikdüzü_4,1762484.696969697
Beylikdüzü,110,3.0,18.0,1525000.0,0.0,3.0,8,Doğalgaz,Emlakjet,1.0,7,35.483870967741936,2,4.709530201312334,1.3862943611198906,330.0,1980.0,1648545.3903743315,0,0.0,0.3703703703703704,Beylikdüzü_3,844840.5507246377
Beylikdüzü,135,4.0,10.0,399000.0,0.0,3.0,8,Doğalgaz,Emlakjet,1.0,7,32.926829268292686,1,4.912654885736052,1.6094379124341003,540.0,1350.0,1648545.3903743315,0,0.0,0.3703703703703704,Beylikdüzü_4,1762484.696969697
Beylikdüzü,105,3.0,10.0,479000.0,0.0,3.0,8,Doğalgaz,Emlakjet,1.0,7,33.87096774193548,1,4.663439094112067,1.3862943611198906,315.0,1050.0,1648545.3903743315,0,0.0,0.3703703703703704,Beylikdüzü_3,844840.5507246377
Beylikdüzü,115,3.0,10.0,1750000.0,0.0,3.0,8,Doğalgaz,Emlakjet,1.0,7,37.096774193548384,1,4.7535901911063645,1.3862943611198906,345.0,1150.0,1648545.3903743315,0,0.0,0.3703703703703704,Beylikdüzü_3,844840.5507246377
Beylikdüzü,175,4.0,4.0,3600000.0,0.0,3.0,8,Doğalgaz,Emlakjet,1.0,7,42.6829268292683,0,5.170483995038151,1.6094379124341003,700.0,700.0,1648545.3903743315,0,0.0,0.3703703703703704,Beylikdüzü_4,1762484.696969697
Beylikdüzü,110,3.0,7.5,695000.0,0.0,3.0,8,Doğalgaz,Emlakjet,1.0,7,35.483870967741936,1,4.709530201312334,1.3862943611198906,330.0,825.0,1648545.3903743315,0,0.0,0.3703703703703704,Beylikdüzü_3,844840.5507246377
Beylikdüzü,100,3.0,1.0,215000.0,0.0,3.0,8,Doğalgaz,Emlakjet,1.0,7,32.25806451612903,0,4.61512051684126,1.3862943611198906,300.0,100.0,1648545.3903743315,0,0.0,0.3703703703703704,Beylikdüzü_3,844840.5507246377
Beylikdüzü,145,4.0,3.0,1500000.0,0.0,3.0,8,Doğalgaz,Emlakjet,1.0,7,35.36585365853659,0,4.983606621708336,1.6094379124341003,580.0,435.0,1648545.3903743315,0,0.0,0.3703703703703704,Beylikdüzü_4,1762484.696969697
Beylikdüzü,90,3.0,10.0,690000.0,0.0,3.0,8,Doğalgaz,Emlakjet,1.0,7,29.032258064516128,1,4.51085950651685,1.3862943611198906,270.0,900.0,1648545.3903743315,0,0.0,0.3703703703703704,Beylikdüzü_3,844840.5507246377
Beylikdüzü,170,4.0,7.5,3595000.0,0.0,3.0,8,Doğalgaz,Emlakjet,1.0,7,41.463414634146346,1,5.14166355650266,1.6094379124341003,680.0,1275.0,1648545.3903743315,0,0.0,0.3703703703703704,Beylikdüzü_4,1762484.696969697
Beylikdüzü,140,4.0,7.5,1250000.0,0.0,3.0,8,Doğalgaz,Emlakjet,1.0,7,34.146341463414636,1,4.948759890378168,1.6094379124341003,560.0,1050.0,1648545.3903743315,0,0.0,0.3703703703703704,Beylikdüzü_4,1762484.696969697
Beylikdüzü,245,7.0,10.0,2950000.0,0.0,3.0,8,Doğalgaz,Emlakjet,1.0,7,34.50704225352113,1,5.5053315359323625,2.0794415416798357,1715.0,2450.0,1648545.3903743315,0,0.0,0.3703703703703704,Beylikdüzü_7,3577384.6153846155
Beylikdüzü,85,3.0,4.0,379000.0,0.0,3.0,8,Doğalgaz,Emlakjet,1.0,7,27.419354838709676,0,4.454347296253507,1.3862943611198906,255.0,340.0,1648545.3903743315,0,0.0,0.3703703703703704,Beylikdüzü_3,844840.5507246377
Beylikdüzü,400,6.0,13.0,4450000.0,0.0,3.0,8,Doğalgaz,Emlakjet,1.0,7,65.57377049180329,2,5.993961427306569,1.9459101490553132,2400.0,5200.0,1648545.3903743315,0,0.0,0.3703703703703704,Beylikdüzü_6,3118500.0
Beylikdüzü,195,4.0,4.0,2450000.0,0.0,3.0,8,Doğalgaz,Emlakjet,1.0,7,47.5609756097561,0,5.278114659230517,1.6094379124341003,780.0,780.0,1648545.3903743315,0,0.0,0.3703703703703704,Beylikdüzü_4,1762484.696969697
Beylikdüzü,105,3.0,4.0,889999.0,0.0,3.0,8,Doğalgaz,Emlakjet,1.0,7,33.87096774193548,0,4.663439094112067,1.3862943611198906,315.0,420.0,1648545.3903743315,0,0.0,0.3703703703703704,Beylikdüzü_3,844840.5507246377
Pendik,174,3.0,10.0,3024000.0,0.0,3.0,8,Doğalgaz,Emlakjet,1.0,13,56.12903225806451,1,5.1647859739235145,1.3862943611198906,522.0,1740.0,4022337.7879858655,0,0.0,0.3703703703703704,Pendik_3,3735718.0939597315
Pendik,136,3.0,10.0,2977000.0,0.0,3.0,8,Doğalgaz,Emlakjet,1.0,13,43.87096774193548,1,4.919980925828125,1.3862943611198906,408.0,1360.0,4022337.7879858655,0,0.0,0.3703703703703704,Pendik_3,3735718.0939597315
Pendik,100,3.0,7.5,850000.0,0.0,3.0,8,Doğalgaz,Emlakjet,1.0,13,32.25806451612903,1,4.61512051684126,1.3862943611198906,300.0,750.0,4022337.7879858655,0,0.0,0.3703703703703704,Pendik_3,3735718.0939597315
Pendik,105,4.0,10.0,1500000.0,0.0,3.0,8,Doğalgaz,Emlakjet,1.0,13,25.60975609756098,1,4.663439094112067,1.6094379124341003,420.0,1050.0,4022337.7879858655,0,0.0,0.3703703703703704,Pendik_4,2105924.3333333335
Pendik,90,3.0,10.0,1350000.0,0.0,3.0,8,Doğalgaz,Emlakjet,1.0,13,29.032258064516128,1,4.51085950651685,1.3862943611198906,270.0,900.0,4022337.7879858655,0,0.0,0.3703703703703704,Pendik_3,3735718.0939597315
Pendik,148,4.0,4.0,3000000.0,0.0,3.0,8,Doğalgaz,Emlakjet,1.0,13,36.09756097560976,0,5.003946305945459,1.6094379124341003,592.0,592.0,4022337.7879858655,0,0.0,0.3703703703703704,Pendik_4,2105924.3333333335
Pendik,117,3.0,7.5,755000.0,0.0,3.0,8,Doğalgaz,Emlakjet,1.0,13,37.74193548387097,1,4.770684624465665,1.3862943611198906,351.0,877.5,4022337.7879858655,0,0.0,0.3703703703703704,Pendik_3,3735718.0939597315
Pendik,85,3.0,2.0,770000.0,0.0,3.0,8,Doğalgaz,Emlakjet,1.0,13,27.419354838709676,0,4.454347296253507,1.3862943611198906,255.0,170.0,4022337.7879858655,0,0.0,0.3703703703703704,Pendik_3,3735718.0939597315
Pendik,90,3.0,2.0,1235000.0,0.0,3.0,8,Doğalgaz,Emlakjet,1.0,13,29.032258064516128,0,4.51085950651685,1.3862943611198906,270.0,180.0,4022337.7879858655,0,0.0,0.3703703703703704,Pendik_3,3735718.0939597315
Pendik,100,3.0,18.0,750000.0,0.0,3.0,8,Doğalgaz,Emlakjet,1.0,13,32.25806451612903,2,4.61512051684126,1.3862943611198906,300.0,1800.0,4022337.7879858655,0,0.0,0.3703703703703704,Pendik_3,3735718.0939597315
Pendik,95,3.0,10.0,970000.0,0.0,3.0,8,Doğalgaz,Emlakjet,1.0,13,30.64516129032258,1,4.564348191467836,1.3862943611198906,285.0,950.0,4022337.7879858655,0,0.0,0.3703703703703704,Pendik_3,3735718.0939597315
Pendik,200,6.0,10.0,3200000.0,0.0,3.0,8,Doğalgaz,Emlakjet,1.0,13,32.786885245901644,1,5.303304908059076,1.9459101490553132,1200.0,2000.0,4022337.7879858655,0,0.0,0.3703703703703704,Pendik_6,9181916.666666666
Pendik,302,7.0,10.0,9775500.0,0.0,3.0,8,Doğalgaz,Emlakjet,1.0,13,42.53521126760564,1,5.713732805509369,2.0794415416798357,2114.0,3020.0,4022337.7879858655,0,0.0,0.3703703703703704,Pendik_7,6665166.666666667
Pendik,162,4.0,10.0,3834600.0,0.0,3.0,8,Doğalgaz,Emlakjet,1.0,13,39.51219512195122,1,5.093750200806762,1.6094379124341003,648.0,1620.0,4022337.7879858655,0,0.0,0.3703703703703704,Pendik_4,2105924.3333333335
Pendik,90,3.0,18.0,612000.0,0.0,3.0,8,Doğalgaz,Emlakjet,1.0,13,29.032258064516128,2,4.51085950651685,1.3862943611198906,270.0,1620.0,4022337.7879858655,0,0.0,0.3703703703703704,Pendik_3,3735718.0939597315
Pendik,95,3.0,30.0,700000.0,0.0,3.0,8,Doğalgaz,Emlakjet,1.0,13,30.64516129032258,3,4.564348191467836,1.3862943611198906,285.0,2850.0,4022337.7879858655,0,0.0,0.3703703703703704,Pendik_3,3735718.0939597315
Pendik,146,4.0,10.0,1450000.0,0.0,3.0,8,Doğalgaz,Emlakjet,1.0,13,35.609756097560975,1,4.990432586778736,1.6094379124341003,584.0,1460.0,4022337.7879858655,0,0.0,0.3703703703703704,Pendik_4,2105924.3333333335
Pendik,150,4.0,13.0,1600000.0,0.0,3.0,8,Doğalgaz,Emlakjet,1.0,13,36.58536585365854,2,5.017279836814924,1.6094379124341003,600.0,1950.0,4022337.7879858655,0,0.0,0.3703703703703704,Pendik_4,2105924.3333333335
Pendik,150,4.0,13.0,995000.0,0.0,3.0,8,Doğalgaz,Emlakjet,1.0,13,36.58536585365854,2,5.017279836814924,1.6094379124341003,600.0,1950.0,4022337.7879858655,0,0.0,0.3703703703703704,Pendik_4,2105924.3333333335
Pendik,117,4.0,4.0,850000.0,0.0,3.0,8,Doğalgaz,Emlakjet,1.0,13,28.53658536585366,0,4.770684624465665,1.6094379124341003,468.0,468.0,4022337.7879858655,0,0.0,0.3703703703703704,Pendik_4,2105924.3333333335
Pendik,90,3.0,10.0,729500.0,0.0,3.0,8,Doğalgaz,Emlakjet,1.0,13,29.032258064516128,1,4.51085950651685,1.3862943611198906,270.0,900.0,4022337.7879858655,0,0.0,0.3703703703703704,Pendik_3,3735718.0939597315
Pendik,160,4.0,30.0,940000.0,0.0,3.0,8,Doğalgaz,Emlakjet,1.0,13,39.024390243902445,3,5.081404364984463,1.6094379124341003,640.0,4800.0,4022337.7879858655,0,0.0,0.3703703703703704,Pendik_4,2105924.3333333335
Pendik,100,3.0,4.0,810000.0,0.0,3.0,8,Doğalgaz,Emlakjet,1.0,13,32.25806451612903,0,4.61512051684126,1.3862943611198906,300.0,400.0,4022337.7879858655,0,0.0,0.3703703703703704,Pendik_3,3735718.0939597315
Pendik,90,3.0,7.5,479000.0,0.0,3.0,8,Doğalgaz,Emlakjet,1.0,13,29.032258064516128,1,4.51085950651685,1.3862943611198906,270.0,675.0,4022337.7879858655,0,0.0,0.3703703703703704,Pendik_3,3735718.0939597315
Pendik,132,4.0,13.0,990000.0,0.0,3.0,8,Doğalgaz,Emlakjet,1.0,13,32.19512195121951,2,4.890349128221754,1.6094379124341003,528.0,1716.0,4022337.7879858655,0,0.0,0.3703703703703704,Pendik_4,2105924.3333333335
Pendik,110,4.0,10.0,1150000.0,0.0,3.0,8,Doğalgaz,Emlakjet,1.0,13,26.82926829268293,1,4.709530201312334,1.6094379124341003,440.0,1100.0,4022337.7879858655,0,0.0,0.3703703703703704,Pendik_4,2105924.3333333335
Pendik,151,4.0,13.0,1850000.0,0.0,3.0,8,Doğalgaz,Emlakjet,1.0,13,36.82926829268293,2,5.0238805208462765,1.6094379124341003,604.0,1963.0,4022337.7879858655,0,0.0,0.3703703703703704,Pendik_4,2105924.3333333335
Pendik,160,4.0,7.5,2700000.0,0.0,3.0,8,Doğalgaz,Emlakjet,1.0,13,39.024390243902445,1,5.081404364984463,1.6094379124341003,640.0,1200.0,4022337.7879858655,0,0.0,0.3703703703703704,Pendik_4,2105924.3333333335
Pendik,107,3.0,7.5,1250000.0,0.0,3.0,8,Doğalgaz,Emlakjet,1.0,13,34.516129032258064,1,4.68213122712422,1.3862943611198906,321.0,802.5,4022337.7879858655,0,0.0,0.3703703703703704,Pendik_3,3735718.0939597315
Pendik,90,3.0,10.0,890000.0,0.0,3.0,8,Doğalgaz,Emlakjet,1.0,13,29.032258064516128,1,4.51085950651685,1.3862943611198906,270.0,900.0,4022337.7879858655,0,0.0,0.3703703703703704,Pendik_3,3735718.0939597315
Pendik,110,4.0,13.0,660000.0,0.0,3.0,8,Doğalgaz,Emlakjet,1.0,13,26.82926829268293,2,4.709530201312334,1.6094379124341003,440.0,1430.0,4022337.7879858655,0,0.0,0.3703703703703704,Pendik_4,2105924.3333333335
Pendik,115,4.0,4.0,1050000.0,0.0,3.0,8,Doğalgaz,Emlakjet,1.0,13,28.04878048780488,0,4.7535901911063645,1.6094379124341003,460.0,460.0,4022337.7879858655,0,0.0,0.3703703703703704,Pendik_4,2105924.3333333335
Pendik,140,4.0,1.0,1275000.0,0.0,3.0,8,Doğalgaz,Emlakjet,1.0,13,34.146341463414636,0,4.948759890378168,1.6094379124341003,560.0,140.0,4022337.7879858655,0,0.0,0.3703703703703704,Pendik_4,2105924.3333333335
Pendik,95,3.0,13.0,770000.0,0.0,3.0,8,Doğalgaz,Emlakjet,1.0,13,30.64516129032258,2,4.564348191467836,1.3862943611198906,285.0,1235.0,4022337.7879858655,0,0.0,0.3703703703703704,Pendik_3,3735718.0939597315
Pendik,125,4.0,7.5,1000000.0,0.0,3.0,8,Doğalgaz,Emlakjet,1.0,13,30.487804878048784,1,4.836281906951478,1.6094379124341003,500.0,937.5,4022337.7879858655,0,0.0,0.3703703703703704,Pendik_4,2105924.3333333335
Pendik,125,4.0,3.0,1500000.0,0.0,3.0,8,Doğalgaz,Emlakjet,1.0,13,30.487804878048784,0,4.836281906951478,1.6094379124341003,500.0,375.0,4022337.7879858655,0,0.0,0.3703703703703704,Pendik_4,2105924.3333333335
Pendik,100,3.0,10.0,710000.0,0.0,3.0,8,Doğalgaz,Emlakjet,1.0,13,32.25806451612903,1,4.61512051684126,1.3862943611198906,300.0,1000.0,4022337.7879858655,0,0.0,0.3703703703703704,Pendik_3,3735718.0939597315
Pendik,220,6.0,10.0,1299000.0,0.0,3.0,8,Doğalgaz,Emlakjet,1.0,13,36.0655737704918,1,5.3981627015177525,1.9459101490553132,1320.0,2200.0,4022337.7879858655,0,0.0,0.3703703703703704,Pendik_6,9181916.666666666
Pendik,65,2.0,10.0,825000.0,0.0,3.0,8,Doğalgaz,Emlakjet,1.0,13,30.952380952380953,1,4.189654742026425,1.0986122886681098,130.0,650.0,4022337.7879858655,0,0.0,0.3703703703703704,Pendik_2,5672766.666666667
Pendik,170,6.0,7.5,1150000.0,0.0,3.0,8,Doğalgaz,Emlakjet,1.0,13,27.868852459016395,1,5.14166355650266,1.9459101490553132,1020.0,1275.0,4022337.7879858655,0,0.0,0.3703703703703704,Pendik_6,9181916.666666666
Pendik,95,3.0,13.0,725000.0,0.0,3.0,8,Doğalgaz,Emlakjet,1.0,13,30.64516129032258,2,4.564348191467836,1.3862943611198906,285.0,1235.0,4022337.7879858655,0,0.0,0.3703703703703704,Pendik_3,3735718.0939597315
Pendik,110,3.0,13.0,585000.0,0.0,3.0,8,Doğalgaz,Emlakjet,1.0,13,35.483870967741936,2,4.709530201312334,1.3862943611198906,330.0,1430.0,4022337.7879858655,0,0.0,0.3703703703703704,Pendik_3,3735718.0939597315
Pendik,65,2.0,4.0,620000.0,0.0,3.0,8,Doğalgaz,Emlakjet,1.0,13,30.952380952380953,0,4.189654742026425,1.0986122886681098,130.0,260.0,4022337.7879858655,0,0.0,0.3703703703703704,Pendik_2,5672766.666666667
Pendik,145,4.5,7.5,929000.0,0.0,3.0,8,Doğalgaz,Emlakjet,1.0,13,31.521739130434785,1,4.983606621708336,1.7047480922384253,652.5,1087.5,4022337.7879858655,0,0.0,0.3703703703703704,Pendik_4,2105924.3333333335
Pendik,290,6.0,10.0,5400000.0,0.0,3.0,8,Doğalgaz,Emlakjet,1.0,13,47.54098360655738,1,5.673323267171493,1.9459101490553132,1740.0,2900.0,4022337.7879858655,0,0.0,0.3703703703703704,Pendik_6,9181916.666666666
Pendik,120,4.0,30.0,698000.0,0.0,3.0,8,Doğalgaz,Emlakjet,1.0,13,29.26829268292683,3,4.795790545596741,1.6094379124341003,480.0,3600.0,4022337.7879858655,0,0.0,0.3703703703703704,Pendik_4,2105924.3333333335
Pendik,95,3.0,10.0,749000.0,0.0,3.0,8,Doğalgaz,Emlakjet,1.0,13,30.64516129032258,1,4.564348191467836,1.3862943611198906,285.0,950.0,4022337.7879858655,0,0.0,0.3703703703703704,Pendik_3,3735718.0939597315
Pendik,85,3.0,10.0,1600000.0,0.0,3.0,8,Doğalgaz,Emlakjet,1.0,13,27.419354838709676,1,4.454347296253507,1.3862943611198906,255.0,850.0,4022337.7879858655,0,0.0,0.3703703703703704,Pendik_3,3735718.0939597315
Pendik,85,3.0,10.0,1600000.0,0.0,3.0,8,Doğalgaz,Emlakjet,1.0,13,27.419354838709676,1,4.454347296253507,1.3862943611198906,255.0,850.0,4022337.7879858655,0,0.0,0.3703703703703704,Pendik_3,3735718.0939597315
Pendik,105,3.0,10.0,860000.0,0.0,3.0,8,Doğalgaz,Emlakjet,1.0,13,33.87096774193548,1,4.663439094112067,1.3862943611198906,315.0,1050.0,4022337.7879858655,0,0.0,0.3703703703703704,Pendik_3,3735718.0939597315
Pendik,110,4.0,13.0,885000.0,0.0,3.0,8,Doğalgaz,Emlakjet,1.0,13,26.82926829268293,2,4.709530201312334,1.6094379124341003,440.0,1430.0,4022337.7879858655,0,0.0,0.3703703703703704,Pendik_4,2105924.3333333335
Pendik,90,3.0,10.0,1000000.0,0.0,3.0,8,Doğalgaz,Emlakjet,1.0,13,29.032258064516128,1,4.51085950651685,1.3862943611198906,270.0,900.0,4022337.7879858655,0,0.0,0.3703703703703704,Pendik_3,3735718.0939597315
Pendik,90,3.0,13.0,300000.0,0.0,3.0,8,Doğalgaz,Emlakjet,1.0,13,29.032258064516128,2,4.51085950651685,1.3862943611198906,270.0,1170.0,4022337.7879858655,0,0.0,0.3703703703703704,Pendik_3,3735718.0939597315
Pendik,125,4.0,13.0,690000.0,0.0,3.0,8,Doğalgaz,Emlakjet,1.0,13,30.487804878048784,2,4.836281906951478,1.6094379124341003,500.0,1625.0,4022337.7879858655,0,0.0,0.3703703703703704,Pendik_4,2105924.3333333335
Pendik,100,3.0,10.0,1530000.0,0.0,3.0,8,Doğalgaz,Emlakjet,1.0,13,32.25806451612903,1,4.61512051684126,1.3862943611198906,300.0,1000.0,4022337.7879858655,0,0.0,0.3703703703703704,Pendik_3,3735718.0939597315
Pendik,135,4.0,4.0,860000.0,0.0,3.0,8,Doğalgaz,Emlakjet,1.0,13,32.926829268292686,0,4.912654885736052,1.6094379124341003,540.0,540.0,4022337.7879858655,0,0.0,0.3703703703703704,Pendik_4,2105924.3333333335
Pendik,75,3.0,10.0,750000.0,0.0,3.0,8,Doğalgaz,Emlakjet,1.0,13,24.193548387096772,1,4.330733340286331,1.3862943611198906,225.0,750.0,4022337.7879858655,0,0.0,0.3703703703703704,Pendik_3,3735718.0939597315
Pendik,90,3.0,3.0,785000.0,0.0,3.0,8,Doğalgaz,Emlakjet,1.0,13,29.032258064516128,0,4.51085950651685,1.3862943611198906,270.0,270.0,4022337.7879858655,0,0.0,0.3703703703703704,Pendik_3,3735718.0939597315
Pendik,130,4.0,7.5,1490000.0,0.0,3.0,8,Doğalgaz,Emlakjet,1.0,13,31.707317073170735,1,4.875197323201151,1.6094379124341003,520.0,975.0,4022337.7879858655,0,0.0,0.3703703703703704,Pendik_4,2105924.3333333335
Pendik,95,3.0,10.0,855000.0,0.0,3.0,8,Doğalgaz,Emlakjet,1.0,13,30.64516129032258,1,4.564348191467836,1.3862943611198906,285.0,950.0,4022337.7879858655,0,0.0,0.3703703703703704,Pendik_3,3735718.0939597315
Pendik,100,3.0,3.0,945000.0,0.0,3.0,8,Doğalgaz,Emlakjet,1.0,13,32.25806451612903,0,4.61512051684126,1.3862943611198906,300.0,300.0,4022337.7879858655,0,0.0,0.3703703703703704,Pendik_3,3735718.0939597315
Pendik,70,3.0,10.0,970000.0,0.0,3.0,8,Doğalgaz,Emlakjet,1.0,13,22.58064516129032,1,4.2626798770413155,1.3862943611198906,210.0,700.0,4022337.7879858655,0,0.0,0.3703703703703704,Pendik_3,3735718.0939597315
Pendik,130,4.0,18.0,600000.0,0.0,3.0,8,Doğalgaz,Emlakjet,1.0,13,31.707317073170735,2,4.875197323201151,1.6094379124341003,520.0,2340.0,4022337.7879858655,0,0.0,0.3703703703703704,Pendik_4,2105924.3333333335
Pendik,96,3.0,7.5,1150000.0,0.0,3.0,8,Doğalgaz,Emlakjet,1.0,13,30.96774193548387,1,4.574710978503383,1.3862943611198906,288.0,720.0,4022337.7879858655,0,0.0,0.3703703703703704,Pendik_3,3735718.0939597315
Pendik,95,3.0,10.0,690000.0,0.0,3.0,8,Doğalgaz,Emlakjet,1.0,13,30.64516129032258,1,4.564348191467836,1.3862943611198906,285.0,950.0,4022337.7879858655,0,0.0,0.3703703703703704,Pendik_3,3735718.0939597315
Pendik,133,4.0,10.0,2450000.0,0.0,3.0,8,Doğalgaz,Emlakjet,1.0,13,32.43902439024391,1,4.897839799950911,1.6094379124341003,532.0,1330.0,4022337.7879858655,0,0.0,0.3703703703703704,Pendik_4,2105924.3333333335
Pendik,155,4.0,13.0,785000.0,0.0,3.0,8,Doğalgaz,Emlakjet,1.0,13,37.80487804878049,2,5.049856007249537,1.6094379124341003,620.0,2015.0,4022337.7879858655,0,0.0,0.3703703703703704,Pendik_4,2105924.3333333335
Pendik,220,6.0,13.0,1280000.0,0.0,3.0,8,Doğalgaz,Emlakjet,1.0,13,36.0655737704918,2,5.3981627015177525,1.9459101490553132,1320.0,2860.0,4022337.7879858655,0,0.0,0.3703703703703704,Pendik_6,9181916.666666666
Pendik,220,6.0,13.0,1050000.0,0.0,3.0,8,Doğalgaz,Emlakjet,1.0,13,36.0655737704918,2,5.3981627015177525,1.9459101490553132,1320.0,2860.0,4022337.7879858655,0,0.0,0.3703703703703704,Pendik_6,9181916.666666666
Pendik,105,3.0,10.0,1050000.0,0.0,3.0,8,Doğalgaz,Emlakjet,1.0,13,33.87096774193548,1,4.663439094112067,1.3862943611198906,315.0,1050.0,4022337.7879858655,0,0.0,0.3703703703703704,Pendik_3,3735718.0939597315
Pendik,160,4.0,7.5,850000.0,0.0,3.0,8,Doğalgaz,Emlakjet,1.0,13,39.024390243902445,1,5.081404364984463,1.6094379124341003,640.0,1200.0,4022337.7879858655,0,0.0,0.3703703703703704,Pendik_4,2105924.3333333335
Pendik,95,3.0,30.0,550000.0,0.0,3.0,8,Doğalgaz,Emlakjet,1.0,13,30.64516129032258,3,4.564348191467836,1.3862943611198906,285.0,2850.0,4022337.7879858655,0,0.0,0.3703703703703704,Pendik_3,3735718.0939597315
Pendik,95,3.0,10.0,750000.0,0.0,3.0,8,Doğalgaz,Emlakjet,1.0,13,30.64516129032258,1,4.564348191467836,1.3862943611198906,285.0,950.0,4022337.7879858655,0,0.0,0.3703703703703704,Pendik_3,3735718.0939597315
Pendik,145,4.0,30.0,750000.0,0.0,3.0,8,Doğalgaz,Emlakjet,1.0,13,35.36585365853659,3,4.983606621708336,1.6094379124341003,580.0,4350.0,4022337.7879858655,0,0.0,0.3703703703703704,Pendik_4,2105924.3333333335
Pendik,85,3.0,10.0,1580000.0,0.0,3.0,8,Doğalgaz,Emlakjet,1.0,13,27.419354838709676,1,4.454347296253507,1.3862943611198906,255.0,850.0,4022337.7879858655,0,0.0,0.3703703703703704,Pendik_3,3735718.0939597315
Pendik,85,2.0,2.0,1885000.0,0.0,3.0,8,Doğalgaz,Emlakjet,1.0,13,40.476190476190474,0,4.454347296253507,1.0986122886681098,170.0,170.0,4022337.7879858655,0,0.0,0.3703703703703704,Pendik_2,5672766.666666667
Pendik,115,4.0,7.5,758000.0,0.0,3.0,8,Doğalgaz,Emlakjet,1.0,13,28.04878048780488,1,4.7535901911063645,1.6094379124341003,460.0,862.5,4022337.7879858655,0,0.0,0.3703703703703704,Pendik_4,2105924.3333333335
Pendik,95,3.0,4.0,890000.0,0.0,3.0,8,Doğalgaz,Emlakjet,1.0,13,30.64516129032258,0,4.564348191467836,1.3862943611198906,285.0,380.0,4022337.7879858655,0,0.0,0.3703703703703704,Pendik_3,3735718.0939597315
Pendik,146,4.0,4.0,2150000.0,0.0,3.0,8,Doğalgaz,Emlakjet,1.0,13,35.609756097560975,0,4.990432586778736,1.6094379124341003,584.0,584.0,4022337.7879858655,0,0.0,0.3703703703703704,Pendik_4,2105924.3333333335
Pendik,120,4.0,10.0,1000000.0,0.0,3.0,8,Doğalgaz,Emlakjet,1.0,13,29.26829268292683,1,4.795790545596741,1.6094379124341003,480.0,1200.0,4022337.7879858655,0,0.0,0.3703703703703704,Pendik_4,2105924.3333333335
Pendik,95,3.0,10.0,900000.0,0.0,3.0,8,Doğalgaz,Emlakjet,1.0,13,30.64516129032258,1,4.564348191467836,1.3862943611198906,285.0,950.0,4022337.7879858655,0,0.0,0.3703703703703704,Pendik_3,3735718.0939597315
Pendik,75,3.0,7.5,495000.0,0.0,3.0,8,Doğalgaz,Emlakjet,1.0,13,24.193548387096772,1,4.330733340286331,1.3862943611198906,225.0,562.5,4022337.7879858655,0,0.0,0.3703703703703704,Pendik_3,3735718.0939597315
Pendik,85,3.0,7.5,780000.0,0.0,3.0,8,Doğalgaz,Emlakjet,1.0,13,27.419354838709676,1,4.454347296253507,1.3862943611198906,255.0,637.5,4022337.7879858655,0,0.0,0.3703703703703704,Pendik_3,3735718.0939597315
Pendik,85,3.0,10.0,1170000.0,0.0,3.0,8,Doğalgaz,Emlakjet,1.0,13,27.419354838709676,1,4.454347296253507,1.3862943611198906,255.0,850.0,4022337.7879858655,0,0.0,0.3703703703703704,Pendik_3,3735718.0939597315
Pendik,148,4.0,10.0,2200000.0,0.0,3.0,8,Doğalgaz,Emlakjet,1.0,13,36.09756097560976,1,5.003946305945459,1.6094379124341003,592.0,1480.0,4022337.7879858655,0,0.0,0.3703703703703704,Pendik_4,2105924.3333333335
Pendik,210,5.0,7.5,2610000.0,0.0,3.0,8,Doğalgaz,Emlakjet,1.0,13,41.1764705882353,1,5.351858133476067,1.791759469228055,1050.0,1575.0,4022337.7879858655,0,0.0,0.3703703703703704,Pendik_5,10867600.0
Pendik,185,5.0,7.5,899000.0,0.0,3.0,8,Doğalgaz,Emlakjet,1.0,13,36.27450980392157,1,5.225746673713202,1.791759469228055,925.0,1387.5,4022337.7879858655,0,0.0,0.3703703703703704,Pendik_5,10867600.0
Pendik,135,4.0,7.5,930000.0,0.0,3.0,8,Doğalgaz,Emlakjet,1.0,13,32.926829268292686,1,4.912654885736052,1.6094379124341003,540.0,1012.5,4022337.7879858655,0,0.0,0.3703703703703704,Pendik_4,2105924.3333333335
Pendik,190,6.0,13.0,1375000.0,0.0,3.0,8,Doğalgaz,Emlakjet,1.0,13,31.14754098360656,2,5.25227342804663,1.9459101490553132,1140.0,2470.0,4022337.7879858655,0,0.0,0.3703703703703704,Pendik_6,9181916.666666666
Pendik,70,2.0,7.5,550000.0,0.0,3.0,8,Doğalgaz,Emlakjet,1.0,13,33.33333333333333,1,4.2626798770413155,1.0986122886681098,140.0,525.0,4022337.7879858655,0,0.0,0.3703703703703704,Pendik_2,5672766.666666667
Pendik,135,4.0,30.0,380000.0,0.0,3.0,8,Doğalgaz,Emlakjet,1.0,13,32.926829268292686,3,4.912654885736052,1.6094379124341003,540.0,4050.0,4022337.7879858655,0,0.0,0.3703703703703704,Pendik_4,2105924.3333333335
Pendik,130,4.0,7.5,960000.0,0.0,3.0,8,Doğalgaz,Emlakjet,1.0,13,31.707317073170735,1,4.875197323201151,1.6094379124341003,520.0,975.0,4022337.7879858655,0,0.0,0.3703703703703704,Pendik_4,2105924.3333333335
Pendik,98,3.0,1.0,1260000.0,0.0,3.0,8,Doğalgaz,Emlakjet,1.0,13,31.612903225806452,0,4.59511985013459,1.3862943611198906,294.0,98.0,4022337.7879858655,0,0.0,0.3703703703703704,Pendik_3,3735718.0939597315
Pendik,90,3.0,7.5,999000.0,0.0,3.0,8,Doğalgaz,Emlakjet,1.0,13,29.032258064516128,1,4.51085950651685,1.3862943611198906,270.0,675.0,4022337.7879858655,0,0.0,0.3703703703703704,Pendik_3,3735718.0939597315
Pendik,95,3.0,3.0,770000.0,0.0,3.0,8,Doğalgaz,Emlakjet,1.0,13,30.64516129032258,0,4.564348191467836,1.3862943611198906,285.0,285.0,4022337.7879858655,0,0.0,0.3703703703703704,Pendik_3,3735718.0939597315
Pendik,95,3.0,30.0,322000.0,0.0,3.0,8,Doğalgaz,Emlakjet,1.0,13,30.64516129032258,3,4.564348191467836,1.3862943611198906,285.0,2850.0,4022337.7879858655,0,0.0,0.3703703703703704,Pendik_3,3735718.0939597315
Pendik,95,3.0,18.0,375000.0,0.0,3.0,8,Doğalgaz,Emlakjet,1.0,13,30.64516129032258,2,4.564348191467836,1.3862943611198906,285.0,1710.0,4022337.7879858655,0,0.0,0.3703703703703704,Pendik_3,3735718.0939597315
Pendik,60,3.0,10.0,990000.0,0.0,3.0,8,Doğalgaz,Emlakjet,1.0,13,19.35483870967742,1,4.110873864173311,1.3862943611198906,180.0,600.0,4022337.7879858655,0,0.0,0.3703703703703704,Pendik_3,3735718.0939597315
Pendik,95,3.0,10.0,850000.0,0.0,3.0,8,Doğalgaz,Emlakjet,1.0,13,30.64516129032258,1,4.564348191467836,1.3862943611198906,285.0,950.0,4022337.7879858655,0,0.0,0.3703703703703704,Pendik_3,3735718.0939597315
Pendik,45,3.0,7.5,399999.0,0.0,3.0,8,Doğalgaz,Emlakjet,1.0,13,14.516129032258064,1,3.828641396489095,1.3862943611198906,135.0,337.5,4022337.7879858655,0,0.0,0.3703703703703704,Pendik_3,3735718.0939597315
Pendik,130,4.0,18.0,1000000.0,0.0,3.0,8,Doğalgaz,Emlakjet,1.0,13,31.707317073170735,2,4.875197323201151,1.6094379124341003,520.0,2340.0,4022337.7879858655,0,0.0,0.3703703703703704,Pendik_4,2105924.3333333335
Pendik,125,4.0,13.0,1149999.0,0.0,3.0,8,Doğalgaz,Emlakjet,1.0,13,30.487804878048784,2,4.836281906951478,1.6094379124341003,500.0,1625.0,4022337.7879858655,0,0.0,0.3703703703703704,Pendik_4,2105924.3333333335
Pendik,120,4.0,30.0,994000.0,0.0,3.0,8,Doğalgaz,Emlakjet,1.0,13,29.26829268292683,3,4.795790545596741,1.6094379124341003,480.0,3600.0,4022337.7879858655,0,0.0,0.3703703703703704,Pendik_4,2105924.3333333335
Pendik,140,4.0,7.5,1700000.0,0.0,3.0,8,Doğalgaz,Emlakjet,1.0,13,34.146341463414636,1,4.948759890378168,1.6094379124341003,560.0,1050.0,4022337.7879858655,0,0.0,0.3703703703703704,Pendik_4,2105924.3333333335
Pendik,95,3.0,4.0,825000.0,0.0,3.0,8,Doğalgaz,Emlakjet,1.0,13,30.64516129032258,0,4.564348191467836,1.3862943611198906,285.0,380.0,4022337.7879858655,0,0.0,0.3703703703703704,Pendik_3,3735718.0939597315
Pendik,107,3.0,10.0,1350000.0,0.0,3.0,8,Doğalgaz,Emlakjet,1.0,13,34.516129032258064,1,4.68213122712422,1.3862943611198906,321.0,1070.0,4022337.7879858655,0,0.0,0.3703703703703704,Pendik_3,3735718.0939597315
Pendik,100,3.0,7.5,699000.0,0.0,3.0,8,Doğalgaz,Emlakjet,1.0,13,32.25806451612903,1,4.61512051684126,1.3862943611198906,300.0,750.0,4022337.7879858655,0,0.0,0.3703703703703704,Pendik_3,3735718.0939597315
Pendik,105,3.0,4.0,1250000.0,0.0,3.0,8,Doğalgaz,Emlakjet,1.0,13,33.87096774193548,0,4.663439094112067,1.3862943611198906,315.0,420.0,4022337.7879858655,0,0.0,0.3703703703703704,Pendik_3,3735718.0939597315
Pendik,150,4.0,13.0,1124000.0,0.0,3.0,8,Doğalgaz,Emlakjet,1.0,13,36.58536585365854,2,5.017279836814924,1.6094379124341003,600.0,1950.0,4022337.7879858655,0,0.0,0.3703703703703704,Pendik_4,2105924.3333333335
Pendik,302,6.0,10.0,4750000.0,0.0,3.0,8,Doğalgaz,Emlakjet,1.0,13,49.50819672131148,1,5.713732805509369,1.9459101490553132,1812.0,3020.0,4022337.7879858655,0,0.0,0.3703703703703704,Pendik_6,9181916.666666666
Pendik,150,3.0,7.5,760000.0,0.0,3.0,8,Doğalgaz,Emlakjet,1.0,13,48.387096774193544,1,5.017279836814924,1.3862943611198906,450.0,1125.0,4022337.7879858655,0,0.0,0.3703703703703704,Pendik_3,3735718.0939597315
Pendik,110,4.0,18.0,567000.0,0.0,3.0,8,Doğalgaz,Emlakjet,1.0,13,26.82926829268293,2,4.709530201312334,1.6094379124341003,440.0,1980.0,4022337.7879858655,0,0.0,0.3703703703703704,Pendik_4,2105924.3333333335
Pendik,130,4.0,4.0,1855000.0,0.0,3.0,8,Doğalgaz,Emlakjet,1.0,13,31.707317073170735,0,4.875197323201151,1.6094379124341003,520.0,520.0,4022337.7879858655,0,0.0,0.3703703703703704,Pendik_4,2105924.3333333335
Pendik,100,3.0,3.0,699000.0,0.0,3.0,8,Doğalgaz,Emlakjet,1.0,13,32.25806451612903,0,4.61512051684126,1.3862943611198906,300.0,300.0,4022337.7879858655,0,0.0,0.3703703703703704,Pendik_3,3735718.0939597315
Pendik,110,3.0,4.0,1670000.0,0.0,3.0,8,Doğalgaz,Emlakjet,1.0,13,35.483870967741936,0,4.709530201312334,1.3862943611198906,330.0,440.0,4022337.7879858655,0,0.0,0.3703703703703704,Pendik_3,3735718.0939597315
Pendik,125,3.0,4.0,1055000.0,0.0,3.0,8,Doğalgaz,Emlakjet,1.0,13,40.32258064516129,0,4.836281906951478,1.3862943611198906,375.0,500.0,4022337.7879858655,0,0.0,0.3703703703703704,Pendik_3,3735718.0939597315
Pendik,140,4.0,13.0,920000.0,0.0,3.0,8,Doğalgaz,Emlakjet,1.0,13,34.146341463414636,2,4.948759890378168,1.6094379124341003,560.0,1820.0,4022337.7879858655,0,0.0,0.3703703703703704,Pendik_4,2105924.3333333335
Pendik,150,4.0,13.0,1160000.0,0.0,3.0,8,Doğalgaz,Emlakjet,1.0,13,36.58536585365854,2,5.017279836814924,1.6094379124341003,600.0,1950.0,4022337.7879858655,0,0.0,0.3703703703703704,Pendik_4,2105924.3333333335
Pendik,210,7.0,13.0,970000.0,0.0,3.0,8,Doğalgaz,Emlakjet,1.0,13,29.577464788732396,2,5.351858133476067,2.0794415416798357,1470.0,2730.0,4022337.7879858655,0,0.0,0.3703703703703704,Pendik_7,6665166.666666667
Pendik,61,2.0,4.0,1470000.0,0.0,3.0,8,Doğalgaz,Emlakjet,1.0,13,29.047619047619047,0,4.127134385045092,1.0986122886681098,122.0,244.0,4022337.7879858655,0,0.0,0.3703703703703704,Pendik_2,5672766.666666667
Pendik,43,3.0,10.0,565000.0,0.0,3.0,8,Doğalgaz,Emlakjet,1.0,13,13.870967741935484,1,3.784189633918261,1.3862943611198906,129.0,430.0,4022337.7879858655,0,0.0,0.3703703703703704,Pendik_3,3735718.0939597315
Pendik,95,3.0,10.0,890000.0,0.0,3.0,8,Doğalgaz,Emlakjet,1.0,13,30.64516129032258,1,4.564348191467836,1.3862943611198906,285.0,950.0,4022337.7879858655,0,0.0,0.3703703703703704,Pendik_3,3735718.0939597315
Pendik,350,8.0,13.0,8400000.0,0.0,3.0,8,Doğalgaz,Emlakjet,1.0,13,43.20987654320988,2,5.860786223465865,2.1972245773362196,2800.0,4550.0,4022337.7879858655,0,0.0,0.3703703703703704,Pendik_8,8400000.0
Pendik,67,2.0,1.0,558000.0,0.0,3.0,8,Doğalgaz,Emlakjet,1.0,13,31.904761904761905,0,4.219507705176107,1.0986122886681098,134.0,67.0,4022337.7879858655,0,0.0,0.3703703703703704,Pendik_2,5672766.666666667
Pendik,95,3.0,3.0,1180000.0,0.0,3.0,8,Doğalgaz,Emlakjet,1.0,13,30.64516129032258,0,4.564348191467836,1.3862943611198906,285.0,285.0,4022337.7879858655,0,0.0,0.3703703703703704,Pendik_3,3735718.0939597315
Pendik,110,3.0,7.5,814500.0,0.0,3.0,8,Doğalgaz,Emlakjet,1.0,13,35.483870967741936,1,4.709530201312334,1.3862943611198906,330.0,825.0,4022337.7879858655,0,0.0,0.3703703703703704,Pendik_3,3735718.0939597315
Pendik,100,3.0,7.5,475000.0,0.0,3.0,8,Doğalgaz,Emlakjet,1.0,13,32.25806451612903,1,4.61512051684126,1.3862943611198906,300.0,750.0,4022337.7879858655,0,0.0,0.3703703703703704,Pendik_3,3735718.0939597315
Pendik,90,3.0,7.5,749999.0,0.0,3.0,8,Doğalgaz,Emlakjet,1.0,13,29.032258064516128,1,4.51085950651685,1.3862943611198906,270.0,675.0,4022337.7879858655,0,0.0,0.3703703703703704,Pendik_3,3735718.0939597315
Pendik,135,4.0,18.0,1200000.0,0.0,3.0,8,Doğalgaz,Emlakjet,1.0,13,32.926829268292686,2,4.912654885736052,1.6094379124341003,540.0,2430.0,4022337.7879858655,0,0.0,0.3703703703703704,Pendik_4,2105924.3333333335
Pendik,110,3.0,30.0,950000.0,0.0,3.0,8,Doğalgaz,Emlakjet,1.0,13,35.483870967741936,3,4.709530201312334,1.3862943611198906,330.0,3300.0,4022337.7879858655,0,0.0,0.3703703703703704,Pendik_3,3735718.0939597315
Pendik,105,3.0,3.0,900000.0,0.0,3.0,8,Doğalgaz,Emlakjet,1.0,13,33.87096774193548,0,4.663439094112067,1.3862943611198906,315.0,315.0,4022337.7879858655,0,0.0,0.3703703703703704,Pendik_3,3735718.0939597315
Pendik,100,3.0,10.0,770000.0,0.0,3.0,8,Doğalgaz,Emlakjet,1.0,13,32.25806451612903,1,4.61512051684126,1.3862943611198906,300.0,1000.0,4022337.7879858655,0,0.0,0.3703703703703704,Pendik_3,3735718.0939597315
Pendik,100,3.0,10.0,760000.0,0.0,3.0,8,Doğalgaz,Emlakjet,1.0,13,32.25806451612903,1,4.61512051684126,1.3862943611198906,300.0,1000.0,4022337.7879858655,0,0.0,0.3703703703703704,Pendik_3,3735718.0939597315
Pendik,100,3.0,10.0,890000.0,0.0,3.0,8,Doğalgaz,Emlakjet,1.0,13,32.25806451612903,1,4.61512051684126,1.3862943611198906,300.0,1000.0,4022337.7879858655,0,0.0,0.3703703703703704,Pendik_3,3735718.0939597315
Pendik,80,3.0,7.5,780000.0,0.0,3.0,8,Doğalgaz,Emlakjet,1.0,13,25.806451612903224,1,4.394449154672439,1.3862943611198906,240.0,600.0,4022337.7879858655,0,0.0,0.3703703703703704,Pendik_3,3735718.0939597315
Pendik,195,4.0,7.5,2750000.0,0.0,3.0,8,Doğalgaz,Emlakjet,1.0,13,47.5609756097561,1,5.278114659230517,1.6094379124341003,780.0,1462.5,4022337.7879858655,0,0.0,0.3703703703703704,Pendik_4,2105924.3333333335
Pendik,98,3.0,4.0,1030000.0,0.0,3.0,8,Doğalgaz,Emlakjet,1.0,13,31.612903225806452,0,4.59511985013459,1.3862943611198906,294.0,392.0,4022337.7879858655,0,0.0,0.3703703703703704,Pendik_3,3735718.0939597315
Pendik,110,3.0,30.0,525000.0,0.0,3.0,8,Doğalgaz,Emlakjet,1.0,13,35.483870967741936,3,4.709530201312334,1.3862943611198906,330.0,3300.0,4022337.7879858655,0,0.0,0.3703703703703704,Pendik_3,3735718.0939597315
Pendik,85,3.0,10.0,1250000.0,0.0,3.0,8,Doğalgaz,Emlakjet,1.0,13,27.419354838709676,1,4.454347296253507,1.3862943611198906,255.0,850.0,4022337.7879858655,0,0.0,0.3703703703703704,Pendik_3,3735718.0939597315
Pendik,85,3.0,10.0,745000.0,0.0,3.0,8,Doğalgaz,Emlakjet,1.0,13,27.419354838709676,1,4.454347296253507,1.3862943611198906,255.0,850.0,4022337.7879858655,0,0.0,0.3703703703703704,Pendik_3,3735718.0939597315
Pendik,95,3.0,10.0,1200000.0,0.0,3.0,8,Doğalgaz,Emlakjet,1.0,13,30.64516129032258,1,4.564348191467836,1.3862943611198906,285.0,950.0,4022337.7879858655,0,0.0,0.3703703703703704,Pendik_3,3735718.0939597315
Pendik,110,4.0,30.0,285000.0,0.0,3.0,8,Doğalgaz,Emlakjet,1.0,13,26.82926829268293,3,4.709530201312334,1.6094379124341003,440.0,3300.0,4022337.7879858655,0,0.0,0.3703703703703704,Pendik_4,2105924.3333333335
Pendik,70,2.0,18.0,575000.0,0.0,3.0,8,Doğalgaz,Emlakjet,1.0,13,33.33333333333333,2,4.2626798770413155,1.0986122886681098,140.0,1260.0,4022337.7879858655,0,0.0,0.3703703703703704,Pendik_2,5672766.666666667
Pendik,85,3.0,30.0,250000.0,0.0,3.0,8,Doğalgaz,Emlakjet,1.0,13,27.419354838709676,3,4.454347296253507,1.3862943611198906,255.0,2550.0,4022337.7879858655,0,0.0,0.3703703703703704,Pendik_3,3735718.0939597315
Pendik,90,3.0,10.0,890000.0,0.0,3.0,8,Doğalgaz,Emlakjet,1.0,13,29.032258064516128,1,4.51085950651685,1.3862943611198906,270.0,900.0,4022337.7879858655,0,0.0,0.3703703703703704,Pendik_3,3735718.0939597315
Pendik,105,3.0,30.0,940000.0,0.0,3.0,8,Doğalgaz,Emlakjet,1.0,13,33.87096774193548,3,4.663439094112067,1.3862943611198906,315.0,3150.0,4022337.7879858655,0,0.0,0.3703703703703704,Pendik_3,3735718.0939597315
Pendik,88,3.0,13.0,515000.0,0.0,3.0,8,Doğalgaz,Emlakjet,1.0,13,28.387096774193548,2,4.48863636973214,1.3862943611198906,264.0,1144.0,4022337.7879858655,0,0.0,0.3703703703703704,Pendik_3,3735718.0939597315
Pendik,160,4.0,7.5,890000.0,0.0,3.0,8,Doğalgaz,Emlakjet,1.0,13,39.024390243902445,1,5.081404364984463,1.6094379124341003,640.0,1200.0,4022337.7879858655,0,0.0,0.3703703703703704,Pendik_4,2105924.3333333335
Pendik,70,3.0,7.5,565000.0,0.0,3.0,8,Doğalgaz,Emlakjet,1.0,13,22.58064516129032,1,4.2626798770413155,1.3862943611198906,210.0,525.0,4022337.7879858655,0,0.0,0.3703703703703704,Pendik_3,3735718.0939597315
Pendik,90,3.0,7.5,475000.0,0.0,3.0,8,Doğalgaz,Emlakjet,1.0,13,29.032258064516128,1,4.51085950651685,1.3862943611198906,270.0,675.0,4022337.7879858655,0,0.0,0.3703703703703704,Pendik_3,3735718.0939597315
Pendik,130,4.0,30.0,1100000.0,0.0,3.0,8,Doğalgaz,Emlakjet,1.0,13,31.707317073170735,3,4.875197323201151,1.6094379124341003,520.0,3900.0,4022337.7879858655,0,0.0,0.3703703703703704,Pendik_4,2105924.3333333335
Pendik,115,3.0,18.0,735000.0,0.0,3.0,8,Doğalgaz,Emlakjet,1.0,13,37.096774193548384,2,4.7535901911063645,1.3862943611198906,345.0,2070.0,4022337.7879858655,0,0.0,0.3703703703703704,Pendik_3,3735718.0939597315
Pendik,110,4.0,7.5,479000.0,0.0,3.0,8,Doğalgaz,Emlakjet,1.0,13,26.82926829268293,1,4.709530201312334,1.6094379124341003,440.0,825.0,4022337.7879858655,0,0.0,0.3703703703703704,Pendik_4,2105924.3333333335
Pendik,64,2.0,4.0,620000.0,0.0,3.0,8,Doğalgaz,Emlakjet,1.0,13,30.476190476190474,0,4.174387269895637,1.0986122886681098,128.0,256.0,4022337.7879858655,0,0.0,0.3703703703703704,Pendik_2,5672766.666666667
Pendik,130,4.0,3.0,1500000.0,0.0,3.0,8,Doğalgaz,Emlakjet,1.0,13,31.707317073170735,0,4.875197323201151,1.6094379124341003,520.0,390.0,4022337.7879858655,0,0.0,0.3703703703703704,Pendik_4,2105924.3333333335
Pendik,100,3.0,1.0,665000.0,0.0,3.0,8,Doğalgaz,Emlakjet,1.0,13,32.25806451612903,0,4.61512051684126,1.3862943611198906,300.0,100.0,4022337.7879858655,0,0.0,0.3703703703703704,Pendik_3,3735718.0939597315
Pendik,135,4.0,18.0,350000.0,0.0,3.0,8,Doğalgaz,Emlakjet,1.0,13,32.926829268292686,2,4.912654885736052,1.6094379124341003,540.0,2430.0,4022337.7879858655,0,0.0,0.3703703703703704,Pendik_4,2105924.3333333335
Pendik,95,3.0,10.0,1125000.0,0.0,3.0,8,Doğalgaz,Emlakjet,1.0,13,30.64516129032258,1,4.564348191467836,1.3862943611198906,285.0,950.0,4022337.7879858655,0,0.0,0.3703703703703704,Pendik_3,3735718.0939597315
Pendik,360,7.0,13.0,9250000.0,0.0,3.0,8,Doğalgaz,Emlakjet,1.0,13,50.70422535211268,2,5.8888779583328805,2.0794415416798357,2520.0,4680.0,4022337.7879858655,0,0.0,0.3703703703703704,Pendik_7,6665166.666666667
Pendik,110,3.0,7.5,799999.0,0.0,3.0,8,Doğalgaz,Emlakjet,1.0,13,35.483870967741936,1,4.709530201312334,1.3862943611198906,330.0,825.0,4022337.7879858655,0,0.0,0.3703703703703704,Pendik_3,3735718.0939597315
Pendik,188,6.0,30.0,1399000.0,0.0,3.0,8,Doğalgaz,Emlakjet,1.0,13,30.81967213114754,3,5.241747015059643,1.9459101490553132,1128.0,5640.0,4022337.7879858655,0,0.0,0.3703703703703704,Pendik_6,9181916.666666666
Pendik,136,4.0,7.5,1300000.0,0.0,3.0,8,Doğalgaz,Emlakjet,1.0,13,33.170731707317074,1,4.919980925828125,1.6094379124341003,544.0,1020.0,4022337.7879858655,0,0.0,0.3703703703703704,Pendik_4,2105924.3333333335
Pendik,85,3.0,18.0,580000.0,0.0,3.0,8,Doğalgaz,Emlakjet,1.0,13,27.419354838709676,2,4.454347296253507,1.3862943611198906,255.0,1530.0,4022337.7879858655,0,0.0,0.3703703703703704,Pendik_3,3735718.0939597315
Pendik,105,3.0,4.0,1470000.0,0.0,3.0,8,Doğalgaz,Emlakjet,1.0,13,33.87096774193548,0,4.663439094112067,1.3862943611198906,315.0,420.0,4022337.7879858655,0,0.0,0.3703703703703704,Pendik_3,3735718.0939597315
Pendik,90,3.0,3.0,1099999.0,0.0,3.0,8,Doğalgaz,Emlakjet,1.0,13,29.032258064516128,0,4.51085950651685,1.3862943611198906,270.0,270.0,4022337.7879858655,0,0.0,0.3703703703703704,Pendik_3,3735718.0939597315
Pendik,85,3.0,10.0,990000.0,0.0,3.0,8,Doğalgaz,Emlakjet,1.0,13,27.419354838709676,1,4.454347296253507,1.3862943611198906,255.0,850.0,4022337.7879858655,0,0.0,0.3703703703703704,Pendik_3,3735718.0939597315
Pendik,98,3.0,4.0,1070000.0,0.0,3.0,8,Doğalgaz,Emlakjet,1.0,13,31.612903225806452,0,4.59511985013459,1.3862943611198906,294.0,392.0,4022337.7879858655,0,0.0,0.3703703703703704,Pendik_3,3735718.0939597315
Pendik,90,3.0,30.0,750000.0,0.0,3.0,8,Doğalgaz,Emlakjet,1.0,13,29.032258064516128,3,4.51085950651685,1.3862943611198906,270.0,2700.0,4022337.7879858655,0,0.0,0.3703703703703704,Pendik_3,3735718.0939597315
Pendik,90,3.0,10.0,720000.0,0.0,3.0,8,Doğalgaz,Emlakjet,1.0,13,29.032258064516128,1,4.51085950651685,1.3862943611198906,270.0,900.0,4022337.7879858655,0,0.0,0.3703703703703704,Pendik_3,3735718.0939597315
Pendik,90,3.0,10.0,750000.0,0.0,3.0,8,Doğalgaz,Emlakjet,1.0,13,29.032258064516128,1,4.51085950651685,1.3862943611198906,270.0,900.0,4022337.7879858655,0,0.0,0.3703703703703704,Pendik_3,3735718.0939597315
Pendik,100,3.0,3.0,565000.0,0.0,3.0,8,Doğalgaz,Emlakjet,1.0,13,32.25806451612903,0,4.61512051684126,1.3862943611198906,300.0,300.0,4022337.7879858655,0,0.0,0.3703703703703704,Pendik_3,3735718.0939597315
Pendik,120,4.0,10.0,875000.0,0.0,3.0,8,Doğalgaz,Emlakjet,1.0,13,29.26829268292683,1,4.795790545596741,1.6094379124341003,480.0,1200.0,4022337.7879858655,0,0.0,0.3703703703703704,Pendik_4,2105924.3333333335
Pendik,110,4.0,10.0,850000.0,0.0,3.0,8,Doğalgaz,Emlakjet,1.0,13,26.82926829268293,1,4.709530201312334,1.6094379124341003,440.0,1100.0,4022337.7879858655,0,0.0,0.3703703703703704,Pendik_4,2105924.3333333335
Pendik,105,4.0,10.0,1800000.0,0.0,3.0,8,Doğalgaz,Emlakjet,1.0,13,25.60975609756098,1,4.663439094112067,1.6094379124341003,420.0,1050.0,4022337.7879858655,0,0.0,0.3703703703703704,Pendik_4,2105924.3333333335
Pendik,85,3.0,3.0,680000.0,0.0,3.0,8,Doğalgaz,Emlakjet,1.0,13,27.419354838709676,0,4.454347296253507,1.3862943611198906,255.0,255.0,4022337.7879858655,0,0.0,0.3703703703703704,Pendik_3,3735718.0939597315
Pendik,56,2.0,4.0,870000.0,0.0,3.0,8,Doğalgaz,Emlakjet,1.0,13,26.666666666666664,0,4.04305126783455,1.0986122886681098,112.0,224.0,4022337.7879858655,0,0.0,0.3703703703703704,Pendik_2,5672766.666666667
Pendik,145,5.0,7.5,529000.0,0.0,3.0,8,Doğalgaz,Emlakjet,1.0,13,28.43137254901961,1,4.983606621708336,1.791759469228055,725.0,1087.5,4022337.7879858655,0,0.0,0.3703703703703704,Pendik_5,10867600.0
Pendik,95,3.0,4.0,670000.0,0.0,3.0,8,Doğalgaz,Emlakjet,1.0,13,30.64516129032258,0,4.564348191467836,1.3862943611198906,285.0,380.0,4022337.7879858655,0,0.0,0.3703703703703704,Pendik_3,3735718.0939597315
Pendik,95,3.0,3.0,600000.0,0.0,3.0,8,Doğalgaz,Emlakjet,1.0,13,30.64516129032258,0,4.564348191467836,1.3862943611198906,285.0,285.0,4022337.7879858655,0,0.0,0.3703703703703704,Pendik_3,3735718.0939597315
Pendik,95,3.0,13.0,663000.0,0.0,3.0,8,Doğalgaz,Emlakjet,1.0,13,30.64516129032258,2,4.564348191467836,1.3862943611198906,285.0,1235.0,4022337.7879858655,0,0.0,0.3703703703703704,Pendik_3,3735718.0939597315
Pendik,100,3.0,7.5,750000.0,0.0,3.0,8,Doğalgaz,Emlakjet,1.0,13,32.25806451612903,1,4.61512051684126,1.3862943611198906,300.0,750.0,4022337.7879858655,0,0.0,0.3703703703703704,Pendik_3,3735718.0939597315
Pendik,160,4.0,7.5,890000.0,0.0,3.0,8,Doğalgaz,Emlakjet,1.0,13,39.024390243902445,1,5.081404364984463,1.6094379124341003,640.0,1200.0,4022337.7879858655,0,0.0,0.3703703703703704,Pendik_4,2105924.3333333335
Pendik,201,5.0,30.0,2750000.0,0.0,3.0,8,Doğalgaz,Emlakjet,1.0,13,39.411764705882355,3,5.308267697401205,1.791759469228055,1005.0,6030.0,4022337.7879858655,0,0.0,0.3703703703703704,Pendik_5,10867600.0
Pendik,90,3.0,7.5,455000.0,0.0,3.0,8,Doğalgaz,Emlakjet,1.0,13,29.032258064516128,1,4.51085950651685,1.3862943611198906,270.0,675.0,4022337.7879858655,0,0.0,0.3703703703703704,Pendik_3,3735718.0939597315
Pendik,100,4.0,10.0,928000.0,0.0,3.0,8,Doğalgaz,Emlakjet,1.0,13,24.390243902439025,1,4.61512051684126,1.6094379124341003,400.0,1000.0,4022337.7879858655,0,0.0,0.3703703703703704,Pendik_4,2105924.3333333335
Pendik,220,4.0,30.0,2980000.0,0.0,3.0,8,Doğalgaz,Emlakjet,1.0,13,53.65853658536586,3,5.3981627015177525,1.6094379124341003,880.0,6600.0,4022337.7879858655,0,0.0,0.3703703703703704,Pendik_4,2105924.3333333335
Pendik,70,2.0,7.5,795000.0,0.0,3.0,8,Doğalgaz,Emlakjet,1.0,13,33.33333333333333,1,4.2626798770413155,1.0986122886681098,140.0,525.0,4022337.7879858655,0,0.0,0.3703703703703704,Pendik_2,5672766.666666667
Pendik,110,4.0,13.0,950000.0,0.0,3.0,8,Doğalgaz,Emlakjet,1.0,13,26.82926829268293,2,4.709530201312334,1.6094379124341003,440.0,1430.0,4022337.7879858655,0,0.0,0.3703703703703704,Pendik_4,2105924.3333333335
Pendik,95,3.0,30.0,1335000.0,0.0,3.0,8,Doğalgaz,Emlakjet,1.0,13,30.64516129032258,3,4.564348191467836,1.3862943611198906,285.0,2850.0,4022337.7879858655,0,0.0,0.3703703703703704,Pendik_3,3735718.0939597315
Pendik,95,3.0,7.5,550000.0,0.0,3.0,8,Doğalgaz,Emlakjet,1.0,13,30.64516129032258,1,4.564348191467836,1.3862943611198906,285.0,712.5,4022337.7879858655,0,0.0,0.3703703703703704,Pendik_3,3735718.0939597315
Pendik,305,2.0,10.0,1100000.0,0.0,3.0,8,Doğalgaz,Emlakjet,1.0,13,145.23809523809524,1,5.723585101952381,1.0986122886681098,610.0,3050.0,4022337.7879858655,0,0.0,0.3703703703703704,Pendik_2,5672766.666666667
Pendik,128,4.0,1.0,1495000.0,0.0,3.0,8,Doğalgaz,Emlakjet,1.0,13,31.219512195121954,0,4.859812404361672,1.6094379124341003,512.0,128.0,4022337.7879858655,0,0.0,0.3703703703703704,Pendik_4,2105924.3333333335
Pendik,96,3.0,2.0,1440000.0,0.0,3.0,8,Doğalgaz,Emlakjet,1.0,13,30.96774193548387,0,4.574710978503383,1.3862943611198906,288.0,192.0,4022337.7879858655,0,0.0,0.3703703703703704,Pendik_3,3735718.0939597315
Pendik,120,4.0,30.0,1350000.0,0.0,3.0,8,Doğalgaz,Emlakjet,1.0,13,29.26829268292683,3,4.795790545596741,1.6094379124341003,480.0,3600.0,4022337.7879858655,0,0.0,0.3703703703703704,Pendik_4,2105924.3333333335
Pendik,90,3.0,1.0,850000.0,0.0,3.0,8,Doğalgaz,Emlakjet,1.0,13,29.032258064516128,0,4.51085950651685,1.3862943611198906,270.0,90.0,4022337.7879858655,0,0.0,0.3703703703703704,Pendik_3,3735718.0939597315
Pendik,140,5.0,7.5,890000.0,0.0,3.0,8,Doğalgaz,Emlakjet,1.0,13,27.450980392156865,1,4.948759890378168,1.791759469228055,700.0,1050.0,4022337.7879858655,0,0.0,0.3703703703703704,Pendik_5,10867600.0
Pendik,90,3.0,10.0,830000.0,0.0,3.0,8,Doğalgaz,Emlakjet,1.0,13,29.032258064516128,1,4.51085950651685,1.3862943611198906,270.0,900.0,4022337.7879858655,0,0.0,0.3703703703703704,Pendik_3,3735718.0939597315
Pendik,90,3.0,10.0,840000.0,0.0,3.0,8,Doğalgaz,Emlakjet,1.0,13,29.032258064516128,1,4.51085950651685,1.3862943611198906,270.0,900.0,4022337.7879858655,0,0.0,0.3703703703703704,Pendik_3,3735718.0939597315
Pendik,125,3.0,13.0,700000.0,0.0,3.0,8,Doğalgaz,Emlakjet,1.0,13,40.32258064516129,2,4.836281906951478,1.3862943611198906,375.0,1625.0,4022337.7879858655,0,0.0,0.3703703703703704,Pendik_3,3735718.0939597315
Pendik,135,4.0,13.0,1500000.0,0.0,3.0,8,Doğalgaz,Emlakjet,1.0,13,32.926829268292686,2,4.912654885736052,1.6094379124341003,540.0,1755.0,4022337.7879858655,0,0.0,0.3703703703703704,Pendik_4,2105924.3333333335
Pendik,95,3.0,10.0,790000.0,0.0,3.0,8,Doğalgaz,Emlakjet,1.0,13,30.64516129032258,1,4.564348191467836,1.3862943611198906,285.0,950.0,4022337.7879858655,0,0.0,0.3703703703703704,Pendik_3,3735718.0939597315
Pendik,95,3.0,4.0,1240000.0,0.0,3.0,8,Doğalgaz,Emlakjet,1.0,13,30.64516129032258,0,4.564348191467836,1.3862943611198906,285.0,380.0,4022337.7879858655,0,0.0,0.3703703703703704,Pendik_3,3735718.0939597315
Pendik,142,4.0,13.0,1200000.0,0.0,3.0,8,Doğalgaz,Emlakjet,1.0,13,34.63414634146342,2,4.962844630259907,1.6094379124341003,568.0,1846.0,4022337.7879858655,0,0.0,0.3703703703703704,Pendik_4,2105924.3333333335
Pendik,90,3.0,2.0,620000.0,0.0,3.0,8,Doğalgaz,Emlakjet,1.0,13,29.032258064516128,0,4.51085950651685,1.3862943611198906,270.0,180.0,4022337.7879858655,0,0.0,0.3703703703703704,Pendik_3,3735718.0939597315
Pendik,106,4.0,10.0,1600000.0,0.0,3.0,8,Doğalgaz,Emlakjet,1.0,13,25.853658536585368,1,4.672828834461906,1.6094379124341003,424.0,1060.0,4022337.7879858655,0,0.0,0.3703703703703704,Pendik_4,2105924.3333333335
Pendik,90,3.0,10.0,1350000.0,0.0,3.0,8,Doğalgaz,Emlakjet,1.0,13,29.032258064516128,1,4.51085950651685,1.3862943611198906,270.0,900.0,4022337.7879858655,0,0.0,0.3703703703703704,Pendik_3,3735718.0939597315
Pendik,250,3.0,30.0,680000.0,0.0,3.0,8,Doğalgaz,Emlakjet,1.0,13,80.64516129032258,3,5.5254529391317835,1.3862943611198906,750.0,7500.0,4022337.7879858655,0,0.0,0.3703703703703704,Pendik_3,3735718.0939597315
Pendik,65,2.0,13.0,435000.0,0.0,3.0,8,Doğalgaz,Emlakjet,1.0,13,30.952380952380953,2,4.189654742026425,1.0986122886681098,130.0,845.0,4022337.7879858655,0,0.0,0.3703703703703704,Pendik_2,5672766.666666667
Pendik,65,2.0,7.5,650000.0,0.0,3.0,8,Doğalgaz,Emlakjet,1.0,13,30.952380952380953,1,4.189654742026425,1.0986122886681098,130.0,487.5,4022337.7879858655,0,0.0,0.3703703703703704,Pendik_2,5672766.666666667
Pendik,100,3.0,2.0,730000.0,0.0,3.0,8,Doğalgaz,Emlakjet,1.0,13,32.25806451612903,0,4.61512051684126,1.3862943611198906,300.0,200.0,4022337.7879858655,0,0.0,0.3703703703703704,Pendik_3,3735718.0939597315
Pendik,165,4.0,7.5,1349999.0,0.0,3.0,8,Doğalgaz,Emlakjet,1.0,13,40.243902439024396,1,5.111987788356544,1.6094379124341003,660.0,1237.5,4022337.7879858655,0,0.0,0.3703703703703704,Pendik_4,2105924.3333333335
Pendik,140,4.0,30.0,875000.0,0.0,3.0,8,Doğalgaz,Emlakjet,1.0,13,34.146341463414636,3,4.948759890378168,1.6094379124341003,560.0,4200.0,4022337.7879858655,0,0.0,0.3703703703703704,Pendik_4,2105924.3333333335
Pendik,150,4.0,13.0,1300000.0,0.0,3.0,8,Doğalgaz,Emlakjet,1.0,13,36.58536585365854,2,5.017279836814924,1.6094379124341003,600.0,1950.0,4022337.7879858655,0,0.0,0.3703703703703704,Pendik_4,2105924.3333333335
Pendik,250,5.5,13.0,2250000.0,0.0,3.0,8,Doğalgaz,Emlakjet,1.0,13,44.642857142857146,2,5.5254529391317835,1.8718021769015913,1375.0,3250.0,4022337.7879858655,0,0.0,0.3703703703703704,Pendik_5,10867600.0
Pendik,68,2.0,4.0,820000.0,0.0,3.0,8,Doğalgaz,Emlakjet,1.0,13,32.38095238095238,0,4.23410650459726,1.0986122886681098,136.0,272.0,4022337.7879858655,0,0.0,0.3703703703703704,Pendik_2,5672766.666666667
Pendik,80,3.0,30.0,620000.0,0.0,3.0,8,Doğalgaz,Emlakjet,1.0,13,25.806451612903224,3,4.394449154672439,1.3862943611198906,240.0,2400.0,4022337.7879858655,0,0.0,0.3703703703703704,Pendik_3,3735718.0939597315
Pendik,150,4.0,7.5,885000.0,0.0,3.0,8,Doğalgaz,Emlakjet,1.0,13,36.58536585365854,1,5.017279836814924,1.6094379124341003,600.0,1125.0,4022337.7879858655,0,0.0,0.3703703703703704,Pendik_4,2105924.3333333335
Pendik,70,2.0,7.5,510000.0,0.0,3.0,8,Doğalgaz,Emlakjet,1.0,13,33.33333333333333,1,4.2626798770413155,1.0986122886681098,140.0,525.0,4022337.7879858655,0,0.0,0.3703703703703704,Pendik_2,5672766.666666667
Pendik,110,4.0,7.5,496000.0,0.0,3.0,8,Doğalgaz,Emlakjet,1.0,13,26.82926829268293,1,4.709530201312334,1.6094379124341003,440.0,825.0,4022337.7879858655,0,0.0,0.3703703703703704,Pendik_4,2105924.3333333335
Pendik,130,4.0,13.0,850000.0,0.0,3.0,8,Doğalgaz,Emlakjet,1.0,13,31.707317073170735,2,4.875197323201151,1.6094379124341003,520.0,1690.0,4022337.7879858655,0,0.0,0.3703703703703704,Pendik_4,2105924.3333333335
Pendik,110,3.0,13.0,625000.0,0.0,3.0,8,Doğalgaz,Emlakjet,1.0,13,35.483870967741936,2,4.709530201312334,1.3862943611198906,330.0,1430.0,4022337.7879858655,0,0.0,0.3703703703703704,Pendik_3,3735718.0939597315
Pendik,150,4.0,13.0,1250000.0,0.0,3.0,8,Doğalgaz,Emlakjet,1.0,13,36.58536585365854,2,5.017279836814924,1.6094379124341003,600.0,1950.0,4022337.7879858655,0,0.0,0.3703703703703704,Pendik_4,2105924.3333333335
Pendik,110,3.0,7.5,720000.0,0.0,3.0,8,Doğalgaz,Emlakjet,1.0,13,35.483870967741936,1,4.709530201312334,1.3862943611198906,330.0,825.0,4022337.7879858655,0,0.0,0.3703703703703704,Pendik_3,3735718.0939597315
Pendik,95,3.0,4.0,1250000.0,0.0,3.0,8,Doğalgaz,Emlakjet,1.0,13,30.64516129032258,0,4.564348191467836,1.3862943611198906,285.0,380.0,4022337.7879858655,0,0.0,0.3703703703703704,Pendik_3,3735718.0939597315
Pendik,106,4.0,10.0,1450000.0,0.0,3.0,8,Doğalgaz,Emlakjet,1.0,13,25.853658536585368,1,4.672828834461906,1.6094379124341003,424.0,1060.0,4022337.7879858655,0,0.0,0.3703703703703704,Pendik_4,2105924.3333333335
Pendik,100,3.0,10.0,750000.0,0.0,3.0,8,Doğalgaz,Emlakjet,1.0,13,32.25806451612903,1,4.61512051684126,1.3862943611198906,300.0,1000.0,4022337.7879858655,0,0.0,0.3703703703703704,Pendik_3,3735718.0939597315
Pendik,106,4.0,10.0,1090000.0,0.0,3.0,8,Doğalgaz,Emlakjet,1.0,13,25.853658536585368,1,4.672828834461906,1.6094379124341003,424.0,1060.0,4022337.7879858655,0,0.0,0.3703703703703704,Pendik_4,2105924.3333333335
Esenyurt,85,3.0,1.0,380000.0,0.0,3.0,8,Doğalgaz,Emlakjet,1.0,9,27.419354838709676,0,4.454347296253507,1.3862943611198906,255.0,85.0,3380119.581602374,0,0.0,0.3703703703703704,Esenyurt_3,2283923.5898876404
Esenyurt,100,3.0,2.0,429000.0,0.0,3.0,8,Doğalgaz,Emlakjet,1.0,9,32.25806451612903,0,4.61512051684126,1.3862943611198906,300.0,200.0,3380119.581602374,0,0.0,0.3703703703703704,Esenyurt_3,2283923.5898876404
Esenyurt,100,3.0,4.0,495000.0,0.0,3.0,8,Doğalgaz,Emlakjet,1.0,9,32.25806451612903,0,4.61512051684126,1.3862943611198906,300.0,400.0,3380119.581602374,0,0.0,0.3703703703703704,Esenyurt_3,2283923.5898876404
Esenyurt,100,3.0,10.0,350000.0,0.0,3.0,8,Doğalgaz,Emlakjet,1.0,9,32.25806451612903,1,4.61512051684126,1.3862943611198906,300.0,1000.0,3380119.581602374,0,0.0,0.3703703703703704,Esenyurt_3,2283923.5898876404
Esenyurt,110,3.0,3.0,339000.0,0.0,3.0,8,Doğalgaz,Emlakjet,1.0,9,35.483870967741936,0,4.709530201312334,1.3862943611198906,330.0,330.0,3380119.581602374,0,0.0,0.3703703703703704,Esenyurt_3,2283923.5898876404
Esenyurt,100,3.0,4.0,439000.0,0.0,3.0,8,Doğalgaz,Emlakjet,1.0,9,32.25806451612903,0,4.61512051684126,1.3862943611198906,300.0,400.0,3380119.581602374,0,0.0,0.3703703703703704,Esenyurt_3,2283923.5898876404
Esenyurt,250,7.0,7.5,910000.0,0.0,3.0,8,Doğalgaz,Emlakjet,1.0,9,35.21126760563381,1,5.5254529391317835,2.0794415416798357,1750.0,1875.0,3380119.581602374,0,0.0,0.3703703703703704,Esenyurt_7,1061666.6666666667
Esenyurt,120,3.0,3.0,575000.0,0.0,3.0,8,Doğalgaz,Emlakjet,1.0,9,38.70967741935484,0,4.795790545596741,1.3862943611198906,360.0,360.0,3380119.581602374,0,0.0,0.3703703703703704,Esenyurt_3,2283923.5898876404
Esenyurt,140,4.0,7.5,675000.0,0.0,3.0,8,Doğalgaz,Emlakjet,1.0,9,34.146341463414636,1,4.948759890378168,1.6094379124341003,560.0,1050.0,3380119.581602374,0,0.0,0.3703703703703704,Esenyurt_4,1465375.6756756757
Esenyurt,130,4.0,4.0,399000.0,0.0,3.0,8,Doğalgaz,Emlakjet,1.0,9,31.707317073170735,0,4.875197323201151,1.6094379124341003,520.0,520.0,3380119.581602374,0,0.0,0.3703703703703704,Esenyurt_4,1465375.6756756757
Esenyurt,110,3.0,7.5,565000.0,0.0,3.0,8,Doğalgaz,Emlakjet,1.0,9,35.483870967741936,1,4.709530201312334,1.3862943611198906,330.0,825.0,3380119.581602374,0,0.0,0.3703703703703704,Esenyurt_3,2283923.5898876404
Esenyurt,115,3.0,4.0,880000.0,0.0,3.0,8,Doğalgaz,Emlakjet,1.0,9,37.096774193548384,0,4.7535901911063645,1.3862943611198906,345.0,460.0,3380119.581602374,0,0.0,0.3703703703703704,Esenyurt_3,2283923.5898876404
Esenyurt,240,6.0,7.5,799000.0,0.0,3.0,8,Doğalgaz,Emlakjet,1.0,9,39.34426229508197,1,5.484796933490655,1.9459101490553132,1440.0,1800.0,3380119.581602374,0,0.0,0.3703703703703704,Esenyurt_6,987250.0
Esenyurt,85,3.0,7.5,415000.0,0.0,3.0,8,Doğalgaz,Emlakjet,1.0,9,27.419354838709676,1,4.454347296253507,1.3862943611198906,255.0,637.5,3380119.581602374,0,0.0,0.3703703703703704,Esenyurt_3,2283923.5898876404
Esenyurt,115,3.0,10.0,1300000.0,0.0,3.0,8,Doğalgaz,Emlakjet,1.0,9,37.096774193548384,1,4.7535901911063645,1.3862943611198906,345.0,1150.0,3380119.581602374,0,0.0,0.3703703703703704,Esenyurt_3,2283923.5898876404
Esenyurt,100,3.0,10.0,499000.0,0.0,3.0,8,Doğalgaz,Emlakjet,1.0,9,32.25806451612903,1,4.61512051684126,1.3862943611198906,300.0,1000.0,3380119.581602374,0,0.0,0.3703703703703704,Esenyurt_3,2283923.5898876404
Esenyurt,165,4.0,7.5,1500000.0,0.0,3.0,8,Doğalgaz,Emlakjet,1.0,9,40.243902439024396,1,5.111987788356544,1.6094379124341003,660.0,1237.5,3380119.581602374,0,0.0,0.3703703703703704,Esenyurt_4,1465375.6756756757
Esenyurt,110,3.0,4.0,530000.0,0.0,3.0,8,Doğalgaz,Emlakjet,1.0,9,35.483870967741936,0,4.709530201312334,1.3862943611198906,330.0,440.0,3380119.581602374,0,0.0,0.3703703703703704,Esenyurt_3,2283923.5898876404
Esenyurt,100,3.0,7.5,760000.0,0.0,3.0,8,Doğalgaz,Emlakjet,1.0,9,32.25806451612903,1,4.61512051684126,1.3862943611198906,300.0,750.0,3380119.581602374,0,0.0,0.3703703703703704,Esenyurt_3,2283923.5898876404
Esenyurt,105,3.0,7.5,589500.0,0.0,3.0,8,Doğalgaz,Emlakjet,1.0,9,33.87096774193548,1,4.663439094112067,1.3862943611198906,315.0,787.5,3380119.581602374,0,0.0,0.3703703703703704,Esenyurt_3,2283923.5898876404
Esenyurt,90,2.0,7.5,320000.0,0.0,3.0,8,Doğalgaz,Emlakjet,1.0,9,42.857142857142854,1,4.51085950651685,1.0986122886681098,180.0,675.0,3380119.581602374,0,0.0,0.3703703703703704,Esenyurt_2,6067140.1869158875
Esenyurt,95,3.0,7.5,410000.0,0.0,3.0,8,Doğalgaz,Emlakjet,1.0,9,30.64516129032258,1,4.564348191467836,1.3862943611198906,285.0,712.5,3380119.581602374,0,0.0,0.3703703703703704,Esenyurt_3,2283923.5898876404
Esenyurt,250,7.0,7.5,845000.0,0.0,3.0,8,Doğalgaz,Emlakjet,1.0,9,35.21126760563381,1,5.5254529391317835,2.0794415416798357,1750.0,1875.0,3380119.581602374,0,0.0,0.3703703703703704,Esenyurt_7,1061666.6666666667
Esenyurt,85,3.0,7.5,649000.0,0.0,3.0,8,Doğalgaz,Emlakjet,1.0,9,27.419354838709676,1,4.454347296253507,1.3862943611198906,255.0,637.5,3380119.581602374,0,0.0,0.3703703703703704,Esenyurt_3,2283923.5898876404
Esenyurt,75,2.0,10.0,550000.0,0.0,3.0,8,Doğalgaz,Emlakjet,1.0,9,35.714285714285715,1,4.330733340286331,1.0986122886681098,150.0,750.0,3380119.581602374,0,0.0,0.3703703703703704,Esenyurt_2,6067140.1869158875
Esenyurt,110,4.0,30.0,1400000.0,0.0,3.0,8,Doğalgaz,Emlakjet,1.0,9,26.82926829268293,3,4.709530201312334,1.6094379124341003,440.0,3300.0,3380119.581602374,0,0.0,0.3703703703703704,Esenyurt_4,1465375.6756756757
Esenyurt,200,4.0,3.0,800000.0,0.0,3.0,8,Doğalgaz,Emlakjet,1.0,9,48.78048780487805,0,5.303304908059076,1.6094379124341003,800.0,600.0,3380119.581602374,0,0.0,0.3703703703703704,Esenyurt_4,1465375.6756756757
Esenyurt,100,3.0,4.0,697000.0,0.0,3.0,8,Doğalgaz,Emlakjet,1.0,9,32.25806451612903,0,4.61512051684126,1.3862943611198906,300.0,400.0,3380119.581602374,0,0.0,0.3703703703703704,Esenyurt_3,2283923.5898876404
Esenyurt,100,3.0,2.0,510000.0,0.0,3.0,8,Doğalgaz,Emlakjet,1.0,9,32.25806451612903,0,4.61512051684126,1.3862943611198906,300.0,200.0,3380119.581602374,0,0.0,0.3703703703703704,Esenyurt_3,2283923.5898876404
Esenyurt,45,3.0,7.5,439000.0,0.0,3.0,8,Doğalgaz,Emlakjet,1.0,9,14.516129032258064,1,3.828641396489095,1.3862943611198906,135.0,337.5,3380119.581602374,0,0.0,0.3703703703703704,Esenyurt_3,2283923.5898876404
Esenyurt,60,2.0,7.5,1200000.0,0.0,3.0,8,Doğalgaz,Emlakjet,1.0,9,28.57142857142857,1,4.110873864173311,1.0986122886681098,120.0,450.0,3380119.581602374,0,0.0,0.3703703703703704,Esenyurt_2,6067140.1869158875
Esenyurt,155,4.0,4.0,775000.0,0.0,3.0,8,Doğalgaz,Emlakjet,1.0,9,37.80487804878049,0,5.049856007249537,1.6094379124341003,620.0,620.0,3380119.581602374,0,0.0,0.3703703703703704,Esenyurt_4,1465375.6756756757
Esenyurt,130,3.0,4.0,1350000.0,0.0,3.0,8,Doğalgaz,Emlakjet,1.0,9,41.935483870967744,0,4.875197323201151,1.3862943611198906,390.0,520.0,3380119.581602374,0,0.0,0.3703703703703704,Esenyurt_3,2283923.5898876404
Esenyurt,125,3.0,7.5,595000.0,0.0,3.0,8,Doğalgaz,Emlakjet,1.0,9,40.32258064516129,1,4.836281906951478,1.3862943611198906,375.0,937.5,3380119.581602374,0,0.0,0.3703703703703704,Esenyurt_3,2283923.5898876404
Esenyurt,105,3.0,10.0,469999.0,0.0,3.0,8,Doğalgaz,Emlakjet,1.0,9,33.87096774193548,1,4.663439094112067,1.3862943611198906,315.0,1050.0,3380119.581602374,0,0.0,0.3703703703703704,Esenyurt_3,2283923.5898876404
Esenyurt,150,4.0,7.5,650000.0,0.0,3.0,8,Doğalgaz,Emlakjet,1.0,9,36.58536585365854,1,5.017279836814924,1.6094379124341003,600.0,1125.0,3380119.581602374,0,0.0,0.3703703703703704,Esenyurt_4,1465375.6756756757
Esenyurt,110,3.0,10.0,785000.0,0.0,3.0,8,Doğalgaz,Emlakjet,1.0,9,35.483870967741936,1,4.709530201312334,1.3862943611198906,330.0,1100.0,3380119.581602374,0,0.0,0.3703703703703704,Esenyurt_3,2283923.5898876404
Esenyurt,105,3.0,4.0,700000.0,0.0,3.0,8,Doğalgaz,Emlakjet,1.0,9,33.87096774193548,0,4.663439094112067,1.3862943611198906,315.0,420.0,3380119.581602374,0,0.0,0.3703703703703704,Esenyurt_3,2283923.5898876404
Esenyurt,260,6.0,7.5,1100000.0,0.0,3.0,8,Doğalgaz,Emlakjet,1.0,9,42.622950819672134,1,5.564520407322694,1.9459101490553132,1560.0,1950.0,3380119.581602374,0,0.0,0.3703703703703704,Esenyurt_6,987250.0
Esenyurt,80,2.0,7.5,490000.0,0.0,3.0,8,Doğalgaz,Emlakjet,1.0,9,38.095238095238095,1,4.394449154672439,1.0986122886681098,160.0,600.0,3380119.581602374,0,0.0,0.3703703703703704,Esenyurt_2,6067140.1869158875
Esenyurt,105,3.0,7.5,415000.0,0.0,3.0,8,Doğalgaz,Emlakjet,1.0,9,33.87096774193548,1,4.663439094112067,1.3862943611198906,315.0,787.5,3380119.581602374,0,0.0,0.3703703703703704,Esenyurt_3,2283923.5898876404
Esenyurt,110,3.0,7.5,1070000.0,0.0,3.0,8,Doğalgaz,Emlakjet,1.0,9,35.483870967741936,1,4.709530201312334,1.3862943611198906,330.0,825.0,3380119.581602374,0,0.0,0.3703703703703704,Esenyurt_3,2283923.5898876404
Esenyurt,85,3.0,7.5,649000.0,0.0,3.0,8,Doğalgaz,Emlakjet,1.0,9,27.419354838709676,1,4.454347296253507,1.3862943611198906,255.0,637.5,3380119.581602374,0,0.0,0.3703703703703704,Esenyurt_3,2283923.5898876404
Esenyurt,90,3.0,2.0,598000.0,0.0,3.0,8,Doğalgaz,Emlakjet,1.0,9,29.032258064516128,0,4.51085950651685,1.3862943611198906,270.0,180.0,3380119.581602374,0,0.0,0.3703703703703704,Esenyurt_3,2283923.5898876404
Esenyurt,110,3.0,7.5,599000.0,0.0,3.0,8,Doğalgaz,Emlakjet,1.0,9,35.483870967741936,1,4.709530201312334,1.3862943611198906,330.0,825.0,3380119.581602374,0,0.0,0.3703703703703704,Esenyurt_3,2283923.5898876404
Esenyurt,100,3.0,4.0,459000.0,0.0,3.0,8,Doğalgaz,Emlakjet,1.0,9,32.25806451612903,0,4.61512051684126,1.3862943611198906,300.0,400.0,3380119.581602374,0,0.0,0.3703703703703704,Esenyurt_3,2283923.5898876404
Esenyurt,100,3.0,4.0,430000.0,0.0,3.0,8,Doğalgaz,Emlakjet,1.0,9,32.25806451612903,0,4.61512051684126,1.3862943611198906,300.0,400.0,3380119.581602374,0,0.0,0.3703703703703704,Esenyurt_3,2283923.5898876404
Esenyurt,115,3.0,1.0,599000.0,0.0,3.0,8,Doğalgaz,Emlakjet,1.0,9,37.096774193548384,0,4.7535901911063645,1.3862943611198906,345.0,115.0,3380119.581602374,0,0.0,0.3703703703703704,Esenyurt_3,2283923.5898876404
Esenyurt,105,3.0,7.5,810000.0,0.0,3.0,8,Doğalgaz,Emlakjet,1.0,9,33.87096774193548,1,4.663439094112067,1.3862943611198906,315.0,787.5,3380119.581602374,0,0.0,0.3703703703703704,Esenyurt_3,2283923.5898876404
Esenyurt,100,3.0,4.0,397000.0,0.0,3.0,8,Doğalgaz,Emlakjet,1.0,9,32.25806451612903,0,4.61512051684126,1.3862943611198906,300.0,400.0,3380119.581602374,0,0.0,0.3703703703703704,Esenyurt_3,2283923.5898876404
Esenyurt,105,3.0,3.0,395000.0,0.0,3.0,8,Doğalgaz,Emlakjet,1.0,9,33.87096774193548,0,4.663439094112067,1.3862943611198906,315.0,315.0,3380119.581602374,0,0.0,0.3703703703703704,Esenyurt_3,2283923.5898876404
Esenyurt,105,3.0,3.0,450000.0,0.0,3.0,8,Doğalgaz,Emlakjet,1.0,9,33.87096774193548,0,4.663439094112067,1.3862943611198906,315.0,315.0,3380119.581602374,0,0.0,0.3703703703703704,Esenyurt_3,2283923.5898876404
Esenyurt,100,3.0,1.0,450000.0,0.0,3.0,8,Doğalgaz,Emlakjet,1.0,9,32.25806451612903,0,4.61512051684126,1.3862943611198906,300.0,100.0,3380119.581602374,0,0.0,0.3703703703703704,Esenyurt_3,2283923.5898876404
Esenyurt,145,4.0,4.0,695000.0,0.0,3.0,8,Doğalgaz,Emlakjet,1.0,9,35.36585365853659,0,4.983606621708336,1.6094379124341003,580.0,580.0,3380119.581602374,0,0.0,0.3703703703703704,Esenyurt_4,1465375.6756756757
Esenyurt,145,4.0,10.0,640000.0,0.0,3.0,8,Doğalgaz,Emlakjet,1.0,9,35.36585365853659,1,4.983606621708336,1.6094379124341003,580.0,1450.0,3380119.581602374,0,0.0,0.3703703703703704,Esenyurt_4,1465375.6756756757
Esenyurt,130,3.0,3.0,660000.0,0.0,3.0,8,Doğalgaz,Emlakjet,1.0,9,41.935483870967744,0,4.875197323201151,1.3862943611198906,390.0,390.0,3380119.581602374,0,0.0,0.3703703703703704,Esenyurt_3,2283923.5898876404
Esenyurt,100,3.0,2.0,565000.0,0.0,3.0,8,Doğalgaz,Emlakjet,1.0,9,32.25806451612903,0,4.61512051684126,1.3862943611198906,300.0,200.0,3380119.581602374,0,0.0,0.3703703703703704,Esenyurt_3,2283923.5898876404
Esenyurt,120,3.0,10.0,580000.0,0.0,3.0,8,Doğalgaz,Emlakjet,1.0,9,38.70967741935484,1,4.795790545596741,1.3862943611198906,360.0,1200.0,3380119.581602374,0,0.0,0.3703703703703704,Esenyurt_3,2283923.5898876404
Esenyurt,130,4.0,4.0,515000.0,0.0,3.0,8,Doğalgaz,Emlakjet,1.0,9,31.707317073170735,0,4.875197323201151,1.6094379124341003,520.0,520.0,3380119.581602374,0,0.0,0.3703703703703704,Esenyurt_4,1465375.6756756757
Esenyurt,105,3.0,10.0,699000.0,0.0,3.0,8,Doğalgaz,Emlakjet,1.0,9,33.87096774193548,1,4.663439094112067,1.3862943611198906,315.0,1050.0,3380119.581602374,0,0.0,0.3703703703703704,Esenyurt_3,2283923.5898876404
Esenyurt,110,3.0,7.5,510000.0,0.0,3.0,8,Doğalgaz,Emlakjet,1.0,9,35.483870967741936,1,4.709530201312334,1.3862943611198906,330.0,825.0,3380119.581602374,0,0.0,0.3703703703703704,Esenyurt_3,2283923.5898876404
Esenyurt,120,3.0,7.5,725000.0,0.0,3.0,8,Doğalgaz,Emlakjet,1.0,9,38.70967741935484,1,4.795790545596741,1.3862943611198906,360.0,900.0,3380119.581602374,0,0.0,0.3703703703703704,Esenyurt_3,2283923.5898876404
Esenyurt,110,3.0,3.0,595000.0,0.0,3.0,8,Doğalgaz,Emlakjet,1.0,9,35.483870967741936,0,4.709530201312334,1.3862943611198906,330.0,330.0,3380119.581602374,0,0.0,0.3703703703703704,Esenyurt_3,2283923.5898876404
Esenyurt,105,3.0,10.0,490000.0,0.0,3.0,8,Doğalgaz,Emlakjet,1.0,9,33.87096774193548,1,4.663439094112067,1.3862943611198906,315.0,1050.0,3380119.581602374,0,0.0,0.3703703703703704,Esenyurt_3,2283923.5898876404
Esenyurt,174,3.0,4.0,1500000.0,0.0,3.0,8,Doğalgaz,Emlakjet,1.0,9,56.12903225806451,0,5.1647859739235145,1.3862943611198906,522.0,696.0,3380119.581602374,0,0.0,0.3703703703703704,Esenyurt_3,2283923.5898876404
Esenyurt,100,3.0,7.5,539000.0,0.0,3.0,8,Doğalgaz,Emlakjet,1.0,9,32.25806451612903,1,4.61512051684126,1.3862943611198906,300.0,750.0,3380119.581602374,0,0.0,0.3703703703703704,Esenyurt_3,2283923.5898876404
Esenyurt,122,3.0,10.0,1100000.0,0.0,3.0,8,Doğalgaz,Emlakjet,1.0,9,39.354838709677416,1,4.812184355372417,1.3862943611198906,366.0,1220.0,3380119.581602374,0,0.0,0.3703703703703704,Esenyurt_3,2283923.5898876404
Esenyurt,90,2.0,10.0,785000.0,0.0,3.0,8,Doğalgaz,Emlakjet,1.0,9,42.857142857142854,1,4.51085950651685,1.0986122886681098,180.0,900.0,3380119.581602374,0,0.0,0.3703703703703704,Esenyurt_2,6067140.1869158875
Esenyurt,95,3.0,10.0,1075000.0,0.0,3.0,8,Doğalgaz,Emlakjet,1.0,9,30.64516129032258,1,4.564348191467836,1.3862943611198906,285.0,950.0,3380119.581602374,0,0.0,0.3703703703703704,Esenyurt_3,2283923.5898876404
Esenyurt,100,3.0,10.0,499000.0,0.0,3.0,8,Doğalgaz,Emlakjet,1.0,9,32.25806451612903,1,4.61512051684126,1.3862943611198906,300.0,1000.0,3380119.581602374,0,0.0,0.3703703703703704,Esenyurt_3,2283923.5898876404
Esenyurt,101,3.0,3.0,1300000.0,0.0,3.0,8,Doğalgaz,Emlakjet,1.0,9,32.58064516129032,0,4.624972813284271,1.3862943611198906,303.0,303.0,3380119.581602374,0,0.0,0.3703703703703704,Esenyurt_3,2283923.5898876404
Esenyurt,105,3.0,10.0,390000.0,0.0,3.0,8,Doğalgaz,Emlakjet,1.0,9,33.87096774193548,1,4.663439094112067,1.3862943611198906,315.0,1050.0,3380119.581602374,0,0.0,0.3703703703703704,Esenyurt_3,2283923.5898876404
Esenyurt,110,3.0,7.5,349000.0,0.0,3.0,8,Doğalgaz,Emlakjet,1.0,9,35.483870967741936,1,4.709530201312334,1.3862943611198906,330.0,825.0,3380119.581602374,0,0.0,0.3703703703703704,Esenyurt_3,2283923.5898876404
Esenyurt,130,3.0,4.0,670000.0,0.0,3.0,8,Doğalgaz,Emlakjet,1.0,9,41.935483870967744,0,4.875197323201151,1.3862943611198906,390.0,520.0,3380119.581602374,0,0.0,0.3703703703703704,Esenyurt_3,2283923.5898876404
Esenyurt,90,3.0,10.0,690000.0,0.0,3.0,8,Doğalgaz,Emlakjet,1.0,9,29.032258064516128,1,4.51085950651685,1.3862943611198906,270.0,900.0,3380119.581602374,0,0.0,0.3703703703703704,Esenyurt_3,2283923.5898876404
Esenyurt,140,4.0,7.5,849000.0,0.0,3.0,8,Doğalgaz,Emlakjet,1.0,9,34.146341463414636,1,4.948759890378168,1.6094379124341003,560.0,1050.0,3380119.581602374,0,0.0,0.3703703703703704,Esenyurt_4,1465375.6756756757
Esenyurt,140,4.0,30.0,1350000.0,0.0,3.0,8,Doğalgaz,Emlakjet,1.0,9,34.146341463414636,3,4.948759890378168,1.6094379124341003,560.0,4200.0,3380119.581602374,0,0.0,0.3703703703703704,Esenyurt_4,1465375.6756756757
Esenyurt,225,4.0,7.5,2550000.0,0.0,3.0,8,Doğalgaz,Emlakjet,1.0,9,54.87804878048781,1,5.420534999272286,1.6094379124341003,900.0,1687.5,3380119.581602374,0,0.0,0.3703703703703704,Esenyurt_4,1465375.6756756757
Esenyurt,105,3.0,7.5,505000.0,0.0,3.0,8,Doğalgaz,Emlakjet,1.0,9,33.87096774193548,1,4.663439094112067,1.3862943611198906,315.0,787.5,3380119.581602374,0,0.0,0.3703703703703704,Esenyurt_3,2283923.5898876404
Esenyurt,110,3.0,3.0,825000.0,0.0,3.0,8,Doğalgaz,Emlakjet,1.0,9,35.483870967741936,0,4.709530201312334,1.3862943611198906,330.0,330.0,3380119.581602374,0,0.0,0.3703703703703704,Esenyurt_3,2283923.5898876404
Esenyurt,120,3.0,4.0,1200000.0,0.0,3.0,8,Doğalgaz,Emlakjet,1.0,9,38.70967741935484,0,4.795790545596741,1.3862943611198906,360.0,480.0,3380119.581602374,0,0.0,0.3703703703703704,Esenyurt_3,2283923.5898876404
Esenyurt,100,3.0,4.0,400000.0,0.0,3.0,8,Doğalgaz,Emlakjet,1.0,9,32.25806451612903,0,4.61512051684126,1.3862943611198906,300.0,400.0,3380119.581602374,0,0.0,0.3703703703703704,Esenyurt_3,2283923.5898876404
Esenyurt,210,6.0,7.5,950000.0,0.0,3.0,8,Doğalgaz,Emlakjet,1.0,9,34.42622950819673,1,5.351858133476067,1.9459101490553132,1260.0,1575.0,3380119.581602374,0,0.0,0.3703703703703704,Esenyurt_6,987250.0
Esenyurt,65,2.0,10.0,265000.0,0.0,3.0,8,Doğalgaz,Emlakjet,1.0,9,30.952380952380953,1,4.189654742026425,1.0986122886681098,130.0,650.0,3380119.581602374,0,0.0,0.3703703703703704,Esenyurt_2,6067140.1869158875
Esenyurt,80,2.0,7.5,440000.0,0.0,3.0,8,Doğalgaz,Emlakjet,1.0,9,38.095238095238095,1,4.394449154672439,1.0986122886681098,160.0,600.0,3380119.581602374,0,0.0,0.3703703703703704,Esenyurt_2,6067140.1869158875
Esenyurt,110,3.0,4.0,390000.0,0.0,3.0,8,Doğalgaz,Emlakjet,1.0,9,35.483870967741936,0,4.709530201312334,1.3862943611198906,330.0,440.0,3380119.581602374,0,0.0,0.3703703703703704,Esenyurt_3,2283923.5898876404
Esenyurt,100,3.0,10.0,370000.0,0.0,3.0,8,Doğalgaz,Emlakjet,1.0,9,32.25806451612903,1,4.61512051684126,1.3862943611198906,300.0,1000.0,3380119.581602374,0,0.0,0.3703703703703704,Esenyurt_3,2283923.5898876404
Esenyurt,105,3.0,10.0,649000.0,0.0,3.0,8,Doğalgaz,Emlakjet,1.0,9,33.87096774193548,1,4.663439094112067,1.3862943611198906,315.0,1050.0,3380119.581602374,0,0.0,0.3703703703703704,Esenyurt_3,2283923.5898876404
Esenyurt,100,3.0,10.0,799000.0,0.0,3.0,8,Doğalgaz,Emlakjet,1.0,9,32.25806451612903,1,4.61512051684126,1.3862943611198906,300.0,1000.0,3380119.581602374,0,0.0,0.3703703703703704,Esenyurt_3,2283923.5898876404
Esenyurt,100,3.0,3.0,509000.0,0.0,3.0,8,Doğalgaz,Emlakjet,1.0,9,32.25806451612903,0,4.61512051684126,1.3862943611198906,300.0,300.0,3380119.581602374,0,0.0,0.3703703703703704,Esenyurt_3,2283923.5898876404
Esenyurt,85,3.0,13.0,480000.0,0.0,3.0,8,Doğalgaz,Emlakjet,1.0,9,27.419354838709676,2,4.454347296253507,1.3862943611198906,255.0,1105.0,3380119.581602374,0,0.0,0.3703703703703704,Esenyurt_3,2283923.5898876404
Esenyurt,180,5.0,4.0,1000000.0,0.0,3.0,8,Doğalgaz,Emlakjet,1.0,9,35.294117647058826,0,5.198497031265826,1.791759469228055,900.0,720.0,3380119.581602374,0,0.0,0.3703703703703704,Esenyurt_5,1733333.3333333333
Esenyurt,120,3.0,13.0,630000.0,0.0,3.0,8,Doğalgaz,Emlakjet,1.0,9,38.70967741935484,2,4.795790545596741,1.3862943611198906,360.0,1560.0,3380119.581602374,0,0.0,0.3703703703703704,Esenyurt_3,2283923.5898876404
Esenyurt,105,3.0,7.5,670000.0,0.0,3.0,8,Doğalgaz,Emlakjet,1.0,9,33.87096774193548,1,4.663439094112067,1.3862943611198906,315.0,787.5,3380119.581602374,0,0.0,0.3703703703703704,Esenyurt_3,2283923.5898876404
Esenyurt,120,3.0,13.0,530000.0,0.0,3.0,8,Doğalgaz,Emlakjet,1.0,9,38.70967741935484,2,4.795790545596741,1.3862943611198906,360.0,1560.0,3380119.581602374,0,0.0,0.3703703703703704,Esenyurt_3,2283923.5898876404
Esenyurt,120,3.0,4.0,655000.0,0.0,3.0,8,Doğalgaz,Emlakjet,1.0,9,38.70967741935484,0,4.795790545596741,1.3862943611198906,360.0,480.0,3380119.581602374,0,0.0,0.3703703703703704,Esenyurt_3,2283923.5898876404
Esenyurt,90,3.0,3.0,490000.0,0.0,3.0,8,Doğalgaz,Emlakjet,1.0,9,29.032258064516128,0,4.51085950651685,1.3862943611198906,270.0,270.0,3380119.581602374,0,0.0,0.3703703703703704,Esenyurt_3,2283923.5898876404
Esenyurt,85,3.0,7.5,380000.0,0.0,3.0,8,Doğalgaz,Emlakjet,1.0,9,27.419354838709676,1,4.454347296253507,1.3862943611198906,255.0,637.5,3380119.581602374,0,0.0,0.3703703703703704,Esenyurt_3,2283923.5898876404
Esenyurt,130,3.0,7.5,760000.0,0.0,3.0,8,Doğalgaz,Emlakjet,1.0,9,41.935483870967744,1,4.875197323201151,1.3862943611198906,390.0,975.0,3380119.581602374,0,0.0,0.3703703703703704,Esenyurt_3,2283923.5898876404
Esenyurt,130,4.0,4.0,675000.0,0.0,3.0,8,Doğalgaz,Emlakjet,1.0,9,31.707317073170735,0,4.875197323201151,1.6094379124341003,520.0,520.0,3380119.581602374,0,0.0,0.3703703703703704,Esenyurt_4,1465375.6756756757
Esenyurt,110,3.0,2.0,445000.0,0.0,3.0,8,Doğalgaz,Emlakjet,1.0,9,35.483870967741936,0,4.709530201312334,1.3862943611198906,330.0,220.0,3380119.581602374,0,0.0,0.3703703703703704,Esenyurt_3,2283923.5898876404
Esenyurt,140,4.0,13.0,520000.0,0.0,3.0,8,Doğalgaz,Emlakjet,1.0,9,34.146341463414636,2,4.948759890378168,1.6094379124341003,560.0,1820.0,3380119.581602374,0,0.0,0.3703703703703704,Esenyurt_4,1465375.6756756757
Esenyurt,85,3.0,7.5,375000.0,0.0,3.0,8,Doğalgaz,Emlakjet,1.0,9,27.419354838709676,1,4.454347296253507,1.3862943611198906,255.0,637.5,3380119.581602374,0,0.0,0.3703703703703704,Esenyurt_3,2283923.5898876404
Esenyurt,80,2.0,7.5,735000.0,0.0,3.0,8,Doğalgaz,Emlakjet,1.0,9,38.095238095238095,1,4.394449154672439,1.0986122886681098,160.0,600.0,3380119.581602374,0,0.0,0.3703703703703704,Esenyurt_2,6067140.1869158875
Esenyurt,95,3.0,3.0,440000.0,0.0,3.0,8,Doğalgaz,Emlakjet,1.0,9,30.64516129032258,0,4.564348191467836,1.3862943611198906,285.0,285.0,3380119.581602374,0,0.0,0.3703703703703704,Esenyurt_3,2283923.5898876404
Esenyurt,90,3.0,7.5,460000.0,0.0,3.0,8,Doğalgaz,Emlakjet,1.0,9,29.032258064516128,1,4.51085950651685,1.3862943611198906,270.0,675.0,3380119.581602374,0,0.0,0.3703703703703704,Esenyurt_3,2283923.5898876404
Esenyurt,100,3.0,3.0,555000.0,0.0,3.0,8,Doğalgaz,Emlakjet,1.0,9,32.25806451612903,0,4.61512051684126,1.3862943611198906,300.0,300.0,3380119.581602374,0,0.0,0.3703703703703704,Esenyurt_3,2283923.5898876404
Esenyurt,90,3.0,7.5,390000.0,0.0,3.0,8,Doğalgaz,Emlakjet,1.0,9,29.032258064516128,1,4.51085950651685,1.3862943611198906,270.0,675.0,3380119.581602374,0,0.0,0.3703703703703704,Esenyurt_3,2283923.5898876404
Esenyurt,110,3.0,7.5,490000.0,0.0,3.0,8,Doğalgaz,Emlakjet,1.0,9,35.483870967741936,1,4.709530201312334,1.3862943611198906,330.0,825.0,3380119.581602374,0,0.0,0.3703703703703704,Esenyurt_3,2283923.5898876404
Esenyurt,100,3.0,7.5,550000.0,0.0,3.0,8,Doğalgaz,Emlakjet,1.0,9,32.25806451612903,1,4.61512051684126,1.3862943611198906,300.0,750.0,3380119.581602374,0,0.0,0.3703703703703704,Esenyurt_3,2283923.5898876404
Esenyurt,110,4.0,10.0,630000.0,0.0,3.0,8,Doğalgaz,Emlakjet,1.0,9,26.82926829268293,1,4.709530201312334,1.6094379124341003,440.0,1100.0,3380119.581602374,0,0.0,0.3703703703703704,Esenyurt_4,1465375.6756756757
Esenyurt,230,7.0,7.5,1430000.0,0.0,3.0,8,Doğalgaz,Emlakjet,1.0,9,32.3943661971831,1,5.442417710521793,2.0794415416798357,1610.0,1725.0,3380119.581602374,0,0.0,0.3703703703703704,Esenyurt_7,1061666.6666666667
Esenyurt,90,3.0,7.5,280000.0,0.0,3.0,8,Doğalgaz,Emlakjet,1.0,9,29.032258064516128,1,4.51085950651685,1.3862943611198906,270.0,675.0,3380119.581602374,0,0.0,0.3703703703703704,Esenyurt_3,2283923.5898876404
Esenyurt,90,3.0,4.0,630000.0,0.0,3.0,8,Doğalgaz,Emlakjet,1.0,9,29.032258064516128,0,4.51085950651685,1.3862943611198906,270.0,360.0,3380119.581602374,0,0.0,0.3703703703703704,Esenyurt_3,2283923.5898876404
Esenyurt,80,3.0,7.5,449900.0,0.0,3.0,8,Doğalgaz,Emlakjet,1.0,9,25.806451612903224,1,4.394449154672439,1.3862943611198906,240.0,600.0,3380119.581602374,0,0.0,0.3703703703703704,Esenyurt_3,2283923.5898876404
Esenyurt,110,4.0,7.5,669900.0,0.0,3.0,8,Doğalgaz,Emlakjet,1.0,9,26.82926829268293,1,4.709530201312334,1.6094379124341003,440.0,825.0,3380119.581602374,0,0.0,0.3703703703703704,Esenyurt_4,1465375.6756756757
Esenyurt,155,4.0,7.5,1250000.0,0.0,3.0,8,Doğalgaz,Emlakjet,1.0,9,37.80487804878049,1,5.049856007249537,1.6094379124341003,620.0,1162.5,3380119.581602374,0,0.0,0.3703703703703704,Esenyurt_4,1465375.6756756757
Esenyurt,54,2.0,7.5,679000.0,0.0,3.0,8,Doğalgaz,Emlakjet,1.0,9,25.71428571428571,1,4.007333185232471,1.0986122886681098,108.0,405.0,3380119.581602374,0,0.0,0.3703703703703704,Esenyurt_2,6067140.1869158875
Esenyurt,105,3.0,7.5,650000.0,0.0,3.0,8,Doğalgaz,Emlakjet,1.0,9,33.87096774193548,1,4.663439094112067,1.3862943611198906,315.0,787.5,3380119.581602374,0,0.0,0.3703703703703704,Esenyurt_3,2283923.5898876404
Esenyurt,135,4.0,7.5,1200000.0,0.0,3.0,8,Doğalgaz,Emlakjet,1.0,9,32.926829268292686,1,4.912654885736052,1.6094379124341003,540.0,1012.5,3380119.581602374,0,0.0,0.3703703703703704,Esenyurt_4,1465375.6756756757
Esenyurt,118,3.0,2.0,720000.0,0.0,3.0,8,Doğalgaz,Emlakjet,1.0,9,38.064516129032256,0,4.77912349311153,1.3862943611198906,354.0,236.0,3380119.581602374,0,0.0,0.3703703703703704,Esenyurt_3,2283923.5898876404
Esenyurt,102,3.0,7.5,1100000.0,0.0,3.0,8,Doğalgaz,Emlakjet,1.0,9,32.90322580645161,1,4.634728988229636,1.3862943611198906,306.0,765.0,3380119.581602374,0,0.0,0.3703703703703704,Esenyurt_3,2283923.5898876404
Esenyurt,110,3.0,7.5,700000.0,0.0,3.0,8,Doğalgaz,Emlakjet,1.0,9,35.483870967741936,1,4.709530201312334,1.3862943611198906,330.0,825.0,3380119.581602374,0,0.0,0.3703703703703704,Esenyurt_3,2283923.5898876404
Esenyurt,148,3.0,3.0,1750000.0,0.0,3.0,8,Doğalgaz,Emlakjet,1.0,9,47.74193548387097,0,5.003946305945459,1.3862943611198906,444.0,444.0,3380119.581602374,0,0.0,0.3703703703703704,Esenyurt_3,2283923.5898876404
Esenyurt,125,4.0,2.0,500000.0,0.0,3.0,8,Doğalgaz,Emlakjet,1.0,9,30.487804878048784,0,4.836281906951478,1.6094379124341003,500.0,250.0,3380119.581602374,0,0.0,0.3703703703703704,Esenyurt_4,1465375.6756756757
Esenyurt,105,3.0,10.0,315000.0,0.0,3.0,8,Doğalgaz,Emlakjet,1.0,9,33.87096774193548,1,4.663439094112067,1.3862943611198906,315.0,1050.0,3380119.581602374,0,0.0,0.3703703703703704,Esenyurt_3,2283923.5898876404
Esenyurt,140,4.0,7.5,590000.0,0.0,3.0,8,Doğalgaz,Emlakjet,1.0,9,34.146341463414636,1,4.948759890378168,1.6094379124341003,560.0,1050.0,3380119.581602374,0,0.0,0.3703703703703704,Esenyurt_4,1465375.6756756757
Esenyurt,105,3.0,7.5,630000.0,0.0,3.0,8,Doğalgaz,Emlakjet,1.0,9,33.87096774193548,1,4.663439094112067,1.3862943611198906,315.0,787.5,3380119.581602374,0,0.0,0.3703703703703704,Esenyurt_3,2283923.5898876404
Esenyurt,100,3.0,10.0,750000.0,0.0,3.0,8,Doğalgaz,Emlakjet,1.0,9,32.25806451612903,1,4.61512051684126,1.3862943611198906,300.0,1000.0,3380119.581602374,0,0.0,0.3703703703703704,Esenyurt_3,2283923.5898876404
Esenyurt,100,3.0,4.0,350000.0,0.0,3.0,8,Doğalgaz,Emlakjet,1.0,9,32.25806451612903,0,4.61512051684126,1.3862943611198906,300.0,400.0,3380119.581602374,0,0.0,0.3703703703703704,Esenyurt_3,2283923.5898876404
Esenyurt,140,4.0,10.0,850000.0,0.0,3.0,8,Doğalgaz,Emlakjet,1.0,9,34.146341463414636,1,4.948759890378168,1.6094379124341003,560.0,1400.0,3380119.581602374,0,0.0,0.3703703703703704,Esenyurt_4,1465375.6756756757
Esenyurt,100,3.0,3.0,765000.0,0.0,3.0,8,Doğalgaz,Emlakjet,1.0,9,32.25806451612903,0,4.61512051684126,1.3862943611198906,300.0,300.0,3380119.581602374,0,0.0,0.3703703703703704,Esenyurt_3,2283923.5898876404
Esenyurt,62,2.0,4.0,1055000.0,0.0,3.0,8,Doğalgaz,Emlakjet,1.0,9,29.523809523809522,0,4.143134726391533,1.0986122886681098,124.0,248.0,3380119.581602374,0,0.0,0.3703703703703704,Esenyurt_2,6067140.1869158875
Esenyurt,130,3.0,7.5,719000.0,0.0,3.0,8,Doğalgaz,Emlakjet,1.0,9,41.935483870967744,1,4.875197323201151,1.3862943611198906,390.0,975.0,3380119.581602374,0,0.0,0.3703703703703704,Esenyurt_3,2283923.5898876404
Esenyurt,130,4.0,30.0,720000.0,0.0,3.0,8,Doğalgaz,Emlakjet,1.0,9,31.707317073170735,3,4.875197323201151,1.6094379124341003,520.0,3900.0,3380119.581602374,0,0.0,0.3703703703703704,Esenyurt_4,1465375.6756756757
Esenyurt,80,2.0,7.5,650000.0,0.0,3.0,8,Doğalgaz,Emlakjet,1.0,9,38.095238095238095,1,4.394449154672439,1.0986122886681098,160.0,600.0,3380119.581602374,0,0.0,0.3703703703703704,Esenyurt_2,6067140.1869158875
Esenyurt,90,3.0,10.0,587000.0,0.0,3.0,8,Doğalgaz,Emlakjet,1.0,9,29.032258064516128,1,4.51085950651685,1.3862943611198906,270.0,900.0,3380119.581602374,0,0.0,0.3703703703703704,Esenyurt_3,2283923.5898876404
Esenyurt,105,3.0,4.0,619000.0,0.0,3.0,8,Doğalgaz,Emlakjet,1.0,9,33.87096774193548,0,4.663439094112067,1.3862943611198906,315.0,420.0,3380119.581602374,0,0.0,0.3703703703703704,Esenyurt_3,2283923.5898876404
Esenyurt,100,3.0,10.0,1350000.0,0.0,3.0,8,Doğalgaz,Emlakjet,1.0,9,32.25806451612903,1,4.61512051684126,1.3862943611198906,300.0,1000.0,3380119.581602374,0,0.0,0.3703703703703704,Esenyurt_3,2283923.5898876404
Esenyurt,120,3.0,4.0,775000.0,0.0,3.0,8,Doğalgaz,Emlakjet,1.0,9,38.70967741935484,0,4.795790545596741,1.3862943611198906,360.0,480.0,3380119.581602374,0,0.0,0.3703703703703704,Esenyurt_3,2283923.5898876404
Esenyurt,90,2.0,10.0,480000.0,0.0,3.0,8,Doğalgaz,Emlakjet,1.0,9,42.857142857142854,1,4.51085950651685,1.0986122886681098,180.0,900.0,3380119.581602374,0,0.0,0.3703703703703704,Esenyurt_2,6067140.1869158875
Esenyurt,100,3.0,7.5,390000.0,0.0,3.0,8,Doğalgaz,Emlakjet,1.0,9,32.25806451612903,1,4.61512051684126,1.3862943611198906,300.0,750.0,3380119.581602374,0,0.0,0.3703703703703704,Esenyurt_3,2283923.5898876404
Esenyurt,100,3.0,10.0,750000.0,0.0,3.0,8,Doğalgaz,Emlakjet,1.0,9,32.25806451612903,1,4.61512051684126,1.3862943611198906,300.0,1000.0,3380119.581602374,0,0.0,0.3703703703703704,Esenyurt_3,2283923.5898876404
Esenyurt,125,3.0,7.5,1700000.0,0.0,3.0,8,Doğalgaz,Emlakjet,1.0,9,40.32258064516129,1,4.836281906951478,1.3862943611198906,375.0,937.5,3380119.581602374,0,0.0,0.3703703703703704,Esenyurt_3,2283923.5898876404
Esenyurt,145,4.0,30.0,1350000.0,0.0,3.0,8,Doğalgaz,Emlakjet,1.0,9,35.36585365853659,3,4.983606621708336,1.6094379124341003,580.0,4350.0,3380119.581602374,0,0.0,0.3703703703703704,Esenyurt_4,1465375.6756756757
Esenyurt,120,4.0,10.0,965000.0,0.0,3.0,8,Doğalgaz,Emlakjet,1.0,9,29.26829268292683,1,4.795790545596741,1.6094379124341003,480.0,1200.0,3380119.581602374,0,0.0,0.3703703703703704,Esenyurt_4,1465375.6756756757
Esenyurt,110,3.0,4.0,399000.0,0.0,3.0,8,Doğalgaz,Emlakjet,1.0,9,35.483870967741936,0,4.709530201312334,1.3862943611198906,330.0,440.0,3380119.581602374,0,0.0,0.3703703703703704,Esenyurt_3,2283923.5898876404
Esenyurt,120,3.0,7.5,1250000.0,0.0,3.0,8,Doğalgaz,Emlakjet,1.0,9,38.70967741935484,1,4.795790545596741,1.3862943611198906,360.0,900.0,3380119.581602374,0,0.0,0.3703703703703704,Esenyurt_3,2283923.5898876404
Esenyurt,105,3.0,10.0,350000.0,0.0,3.0,8,Doğalgaz,Emlakjet,1.0,9,33.87096774193548,1,4.663439094112067,1.3862943611198906,315.0,1050.0,3380119.581602374,0,0.0,0.3703703703703704,Esenyurt_3,2283923.5898876404
Esenyurt,100,3.0,4.0,485000.0,0.0,3.0,8,Doğalgaz,Emlakjet,1.0,9,32.25806451612903,0,4.61512051684126,1.3862943611198906,300.0,400.0,3380119.581602374,0,0.0,0.3703703703703704,Esenyurt_3,2283923.5898876404
Esenyurt,130,4.0,7.5,699000.0,0.0,3.0,8,Doğalgaz,Emlakjet,1.0,9,31.707317073170735,1,4.875197323201151,1.6094379124341003,520.0,975.0,3380119.581602374,0,0.0,0.3703703703703704,Esenyurt_4,1465375.6756756757
Esenyurt,60,3.0,4.0,299000.0,0.0,3.0,8,Doğalgaz,Emlakjet,1.0,9,19.35483870967742,0,4.110873864173311,1.3862943611198906,180.0,240.0,3380119.581602374,0,0.0,0.3703703703703704,Esenyurt_3,2283923.5898876404
Esenyurt,138,3.0,3.0,750000.0,0.0,3.0,8,Doğalgaz,Emlakjet,1.0,9,44.516129032258064,0,4.9344739331306915,1.3862943611198906,414.0,414.0,3380119.581602374,0,0.0,0.3703703703703704,Esenyurt_3,2283923.5898876404
Esenyurt,135,4.0,4.0,820000.0,0.0,3.0,8,Doğalgaz,Emlakjet,1.0,9,32.926829268292686,0,4.912654885736052,1.6094379124341003,540.0,540.0,3380119.581602374,0,0.0,0.3703703703703704,Esenyurt_4,1465375.6756756757
Esenyurt,101,3.0,4.0,1270000.0,0.0,3.0,8,Doğalgaz,Emlakjet,1.0,9,32.58064516129032,0,4.624972813284271,1.3862943611198906,303.0,404.0,3380119.581602374,0,0.0,0.3703703703703704,Esenyurt_3,2283923.5898876404
Esenyurt,100,3.0,10.0,559000.0,0.0,3.0,8,Doğalgaz,Emlakjet,1.0,9,32.25806451612903,1,4.61512051684126,1.3862943611198906,300.0,1000.0,3380119.581602374,0,0.0,0.3703703703703704,Esenyurt_3,2283923.5898876404
Esenyurt,100,3.0,7.5,485000.0,0.0,3.0,8,Doğalgaz,Emlakjet,1.0,9,32.25806451612903,1,4.61512051684126,1.3862943611198906,300.0,750.0,3380119.581602374,0,0.0,0.3703703703703704,Esenyurt_3,2283923.5898876404
Esenyurt,180,5.0,13.0,1550000.0,0.0,3.0,8,Doğalgaz,Emlakjet,1.0,9,35.294117647058826,2,5.198497031265826,1.791759469228055,900.0,2340.0,3380119.581602374,0,0.0,0.3703703703703704,Esenyurt_5,1733333.3333333333
Esenyurt,100,3.0,10.0,375000.0,0.0,3.0,8,Doğalgaz,Emlakjet,1.0,9,32.25806451612903,1,4.61512051684126,1.3862943611198906,300.0,1000.0,3380119.581602374,0,0.0,0.3703703703703704,Esenyurt_3,2283923.5898876404
Esenyurt,110,3.0,1.0,500000.0,0.0,3.0,8,Doğalgaz,Emlakjet,1.0,9,35.483870967741936,0,4.709530201312334,1.3862943611198906,330.0,110.0,3380119.581602374,0,0.0,0.3703703703703704,Esenyurt_3,2283923.5898876404
Esenyurt,120,3.0,10.0,1250000.0,0.0,3.0,8,Doğalgaz,Emlakjet,1.0,9,38.70967741935484,1,4.795790545596741,1.3862943611198906,360.0,1200.0,3380119.581602374,0,0.0,0.3703703703703704,Esenyurt_3,2283923.5898876404
Esenyurt,125,3.0,10.0,610000.0,0.0,3.0,8,Doğalgaz,Emlakjet,1.0,9,40.32258064516129,1,4.836281906951478,1.3862943611198906,375.0,1250.0,3380119.581602374,0,0.0,0.3703703703703704,Esenyurt_3,2283923.5898876404
Esenyurt,100,3.0,10.0,379000.0,0.0,3.0,8,Doğalgaz,Emlakjet,1.0,9,32.25806451612903,1,4.61512051684126,1.3862943611198906,300.0,1000.0,3380119.581602374,0,0.0,0.3703703703703704,Esenyurt_3,2283923.5898876404
Esenyurt,55,3.0,7.5,444000.0,0.0,3.0,8,Doğalgaz,Emlakjet,1.0,9,17.741935483870968,1,4.02535169073515,1.3862943611198906,165.0,412.5,3380119.581602374,0,0.0,0.3703703703703704,Esenyurt_3,2283923.5898876404
Esenyurt,110,3.0,10.0,379000.0,0.0,3.0,8,Doğalgaz,Emlakjet,1.0,9,35.483870967741936,1,4.709530201312334,1.3862943611198906,330.0,1100.0,3380119.581602374,0,0.0,0.3703703703703704,Esenyurt_3,2283923.5898876404
Esenyurt,90,2.0,4.0,950000.0,0.0,3.0,8,Doğalgaz,Emlakjet,1.0,9,42.857142857142854,0,4.51085950651685,1.0986122886681098,180.0,360.0,3380119.581602374,0,0.0,0.3703703703703704,Esenyurt_2,6067140.1869158875
Esenyurt,101,3.0,3.0,1100000.0,0.0,3.0,8,Doğalgaz,Emlakjet,1.0,9,32.58064516129032,0,4.624972813284271,1.3862943611198906,303.0,303.0,3380119.581602374,0,0.0,0.3703703703703704,Esenyurt_3,2283923.5898876404
Esenyurt,110,3.0,2.0,950000.0,0.0,3.0,8,Doğalgaz,Emlakjet,1.0,9,35.483870967741936,0,4.709530201312334,1.3862943611198906,330.0,220.0,3380119.581602374,0,0.0,0.3703703703703704,Esenyurt_3,2283923.5898876404
Esenyurt,100,3.0,4.0,490000.0,0.0,3.0,8,Doğalgaz,Emlakjet,1.0,9,32.25806451612903,0,4.61512051684126,1.3862943611198906,300.0,400.0,3380119.581602374,0,0.0,0.3703703703703704,Esenyurt_3,2283923.5898876404
Esenyurt,75,2.0,13.0,1080000.0,0.0,3.0,8,Doğalgaz,Emlakjet,1.0,9,35.714285714285715,2,4.330733340286331,1.0986122886681098,150.0,975.0,3380119.581602374,0,0.0,0.3703703703703704,Esenyurt_2,6067140.1869158875
Esenyurt,110,3.0,2.0,600000.0,0.0,3.0,8,Doğalgaz,Emlakjet,1.0,9,35.483870967741936,0,4.709530201312334,1.3862943611198906,330.0,220.0,3380119.581602374,0,0.0,0.3703703703703704,Esenyurt_3,2283923.5898876404
Esenyurt,144,4.0,13.0,520000.0,0.0,3.0,8,Doğalgaz,Emlakjet,1.0,9,35.1219512195122,2,4.976733742420574,1.6094379124341003,576.0,1872.0,3380119.581602374,0,0.0,0.3703703703703704,Esenyurt_4,1465375.6756756757
Esenyurt,80,2.0,4.0,850000.0,0.0,3.0,8,Doğalgaz,Emlakjet,1.0,9,38.095238095238095,0,4.394449154672439,1.0986122886681098,160.0,320.0,3380119.581602374,0,0.0,0.3703703703703704,Esenyurt_2,6067140.1869158875
Esenyurt,110,3.0,7.5,645000.0,0.0,3.0,8,Doğalgaz,Emlakjet,1.0,9,35.483870967741936,1,4.709530201312334,1.3862943611198906,330.0,825.0,3380119.581602374,0,0.0,0.3703703703703704,Esenyurt_3,2283923.5898876404
Esenyurt,100,3.0,4.0,630000.0,0.0,3.0,8,Doğalgaz,Emlakjet,1.0,9,32.25806451612903,0,4.61512051684126,1.3862943611198906,300.0,400.0,3380119.581602374,0,0.0,0.3703703703703704,Esenyurt_3,2283923.5898876404
Esenyurt,90,3.0,7.5,560000.0,0.0,3.0,8,Doğalgaz,Emlakjet,1.0,9,29.032258064516128,1,4.51085950651685,1.3862943611198906,270.0,675.0,3380119.581602374,0,0.0,0.3703703703703704,Esenyurt_3,2283923.5898876404
Esenyurt,100,3.0,10.0,850000.0,0.0,3.0,8,Doğalgaz,Emlakjet,1.0,9,32.25806451612903,1,4.61512051684126,1.3862943611198906,300.0,1000.0,3380119.581602374,0,0.0,0.3703703703703704,Esenyurt_3,2283923.5898876404
Esenyurt,132,4.0,10.0,850000.0,0.0,3.0,8,Doğalgaz,Emlakjet,1.0,9,32.19512195121951,1,4.890349128221754,1.6094379124341003,528.0,1320.0,3380119.581602374,0,0.0,0.3703703703703704,Esenyurt_4,1465375.6756756757
Esenyurt,120,3.0,7.5,650000.0,0.0,3.0,8,Doğalgaz,Emlakjet,1.0,9,38.70967741935484,1,4.795790545596741,1.3862943611198906,360.0,900.0,3380119.581602374,0,0.0,0.3703703703703704,Esenyurt_3,2283923.5898876404
Esenyurt,100,3.0,2.0,700000.0,0.0,3.0,8,Doğalgaz,Emlakjet,1.0,9,32.25806451612903,0,4.61512051684126,1.3862943611198906,300.0,200.0,3380119.581602374,0,0.0,0.3703703703703704,Esenyurt_3,2283923.5898876404
Esenyurt,90,3.0,10.0,575000.0,0.0,3.0,8,Doğalgaz,Emlakjet,1.0,9,29.032258064516128,1,4.51085950651685,1.3862943611198906,270.0,900.0,3380119.581602374,0,0.0,0.3703703703703704,Esenyurt_3,2283923.5898876404
Esenyurt,100,3.0,10.0,620000.0,0.0,3.0,8,Doğalgaz,Emlakjet,1.0,9,32.25806451612903,1,4.61512051684126,1.3862943611198906,300.0,1000.0,3380119.581602374,0,0.0,0.3703703703703704,Esenyurt_3,2283923.5898876404
Esenyurt,230,6.0,7.5,1100000.0,0.0,3.0,8,Doğalgaz,Emlakjet,1.0,9,37.704918032786885,1,5.442417710521793,1.9459101490553132,1380.0,1725.0,3380119.581602374,0,0.0,0.3703703703703704,Esenyurt_6,987250.0
Esenyurt,85,3.0,10.0,520000.0,0.0,3.0,8,Doğalgaz,Emlakjet,1.0,9,27.419354838709676,1,4.454347296253507,1.3862943611198906,255.0,850.0,3380119.581602374,0,0.0,0.3703703703703704,Esenyurt_3,2283923.5898876404
Esenyurt,90,3.0,4.0,615000.0,0.0,3.0,8,Doğalgaz,Emlakjet,1.0,9,29.032258064516128,0,4.51085950651685,1.3862943611198906,270.0,360.0,3380119.581602374,0,0.0,0.3703703703703704,Esenyurt_3,2283923.5898876404
Esenyurt,120,3.0,7.5,650000.0,0.0,3.0,8,Doğalgaz,Emlakjet,1.0,9,38.70967741935484,1,4.795790545596741,1.3862943611198906,360.0,900.0,3380119.581602374,0,0.0,0.3703703703703704,Esenyurt_3,2283923.5898876404
Esenyurt,135,4.0,10.0,575000.0,0.0,3.0,8,Doğalgaz,Emlakjet,1.0,9,32.926829268292686,1,4.912654885736052,1.6094379124341003,540.0,1350.0,3380119.581602374,0,0.0,0.3703703703703704,Esenyurt_4,1465375.6756756757
Esenyurt,95,3.0,4.0,475000.0,0.0,3.0,8,Doğalgaz,Emlakjet,1.0,9,30.64516129032258,0,4.564348191467836,1.3862943611198906,285.0,380.0,3380119.581602374,0,0.0,0.3703703703703704,Esenyurt_3,2283923.5898876404
Esenyurt,145,4.0,4.0,760000.0,0.0,3.0,8,Doğalgaz,Emlakjet,1.0,9,35.36585365853659,0,4.983606621708336,1.6094379124341003,580.0,580.0,3380119.581602374,0,0.0,0.3703703703703704,Esenyurt_4,1465375.6756756757
Esenyurt,78,2.0,7.5,1100000.0,0.0,3.0,8,Doğalgaz,Emlakjet,1.0,9,37.14285714285714,1,4.3694478524670215,1.0986122886681098,156.0,585.0,3380119.581602374,0,0.0,0.3703703703703704,Esenyurt_2,6067140.1869158875
Esenyurt,120,3.0,4.0,635000.0,0.0,3.0,8,Doğalgaz,Emlakjet,1.0,9,38.70967741935484,0,4.795790545596741,1.3862943611198906,360.0,480.0,3380119.581602374,0,0.0,0.3703703703703704,Esenyurt_3,2283923.5898876404
Esenyurt,84,2.0,4.0,575000.0,0.0,3.0,8,Doğalgaz,Emlakjet,1.0,9,40.0,0,4.442651256490317,1.0986122886681098,168.0,336.0,3380119.581602374,0,0.0,0.3703703703703704,Esenyurt_2,6067140.1869158875
Esenyurt,145,4.0,10.0,892000.0,0.0,3.0,8,Doğalgaz,Emlakjet,1.0,9,35.36585365853659,1,4.983606621708336,1.6094379124341003,580.0,1450.0,3380119.581602374,0,0.0,0.3703703703703704,Esenyurt_4,1465375.6756756757
Esenyurt,155,4.0,18.0,1050000.0,0.0,3.0,8,Doğalgaz,Emlakjet,1.0,9,37.80487804878049,2,5.049856007249537,1.6094379124341003,620.0,2790.0,3380119.581602374,0,0.0,0.3703703703703704,Esenyurt_4,1465375.6756756757
Esenyurt,171,4.0,4.0,1750000.0,0.0,3.0,8,Doğalgaz,Emlakjet,1.0,9,41.707317073170735,0,5.147494476813453,1.6094379124341003,684.0,684.0,3380119.581602374,0,0.0,0.3703703703703704,Esenyurt_4,1465375.6756756757
Esenyurt,105,3.0,4.0,1150000.0,0.0,3.0,8,Doğalgaz,Emlakjet,1.0,9,33.87096774193548,0,4.663439094112067,1.3862943611198906,315.0,420.0,3380119.581602374,0,0.0,0.3703703703703704,Esenyurt_3,2283923.5898876404
Esenyurt,270,5.0,7.5,2650000.0,0.0,3.0,8,Doğalgaz,Emlakjet,1.0,9,52.94117647058824,1,5.602118820879701,1.791759469228055,1350.0,2025.0,3380119.581602374,0,0.0,0.3703703703703704,Esenyurt_5,1733333.3333333333
Esenyurt,112,3.0,7.5,865000.0,0.0,3.0,8,Doğalgaz,Emlakjet,1.0,9,36.12903225806451,1,4.727387818712341,1.3862943611198906,336.0,840.0,3380119.581602374,0,0.0,0.3703703703703704,Esenyurt_3,2283923.5898876404
Esenyurt,100,3.0,7.5,350000.0,0.0,3.0,8,Doğalgaz,Emlakjet,1.0,9,32.25806451612903,1,4.61512051684126,1.3862943611198906,300.0,750.0,3380119.581602374,0,0.0,0.3703703703703704,Esenyurt_3,2283923.5898876404
Esenyurt,130,4.0,13.0,585000.0,0.0,3.0,8,Doğalgaz,Emlakjet,1.0,9,31.707317073170735,2,4.875197323201151,1.6094379124341003,520.0,1690.0,3380119.581602374,0,0.0,0.3703703703703704,Esenyurt_4,1465375.6756756757
Esenyurt,90,3.0,7.5,390000.0,0.0,3.0,8,Doğalgaz,Emlakjet,1.0,9,29.032258064516128,1,4.51085950651685,1.3862943611198906,270.0,675.0,3380119.581602374,0,0.0,0.3703703703703704,Esenyurt_3,2283923.5898876404
Esenyurt,80,2.0,7.5,580000.0,0.0,3.0,8,Doğalgaz,Emlakjet,1.0,9,38.095238095238095,1,4.394449154672439,1.0986122886681098,160.0,600.0,3380119.581602374,0,0.0,0.3703703703703704,Esenyurt_2,6067140.1869158875
Maltepe,250,6.0,30.0,2850000.0,0.0,3.0,8,Doğalgaz,Emlakjet,1.0,12,40.98360655737705,3,5.5254529391317835,1.9459101490553132,1500.0,7500.0,4097244.968911917,0,0.0,0.3703703703703704,Maltepe_6,5247962.962962963
Maltepe,100,3.0,4.0,1750000.0,0.0,3.0,8,Doğalgaz,Emlakjet,1.0,12,32.25806451612903,0,4.61512051684126,1.3862943611198906,300.0,400.0,4097244.968911917,0,0.0,0.3703703703703704,Maltepe_3,3813252.9011627906
Maltepe,260,6.0,30.0,1750000.0,0.0,3.0,8,Doğalgaz,Emlakjet,1.0,12,42.622950819672134,3,5.564520407322694,1.9459101490553132,1560.0,7800.0,4097244.968911917,0,0.0,0.3703703703703704,Maltepe_6,5247962.962962963
Maltepe,100,3.0,4.0,1345000.0,0.0,3.0,8,Doğalgaz,Emlakjet,1.0,12,32.25806451612903,0,4.61512051684126,1.3862943611198906,300.0,400.0,4097244.968911917,0,0.0,0.3703703703703704,Maltepe_3,3813252.9011627906
Maltepe,80,3.0,7.5,1250000.0,0.0,3.0,8,Doğalgaz,Emlakjet,1.0,12,25.806451612903224,1,4.394449154672439,1.3862943611198906,240.0,600.0,4097244.968911917,0,0.0,0.3703703703703704,Maltepe_3,3813252.9011627906
Maltepe,200,4.0,7.5,1950000.0,0.0,3.0,8,Doğalgaz,Emlakjet,1.0,12,48.78048780487805,1,5.303304908059076,1.6094379124341003,800.0,1500.0,4097244.968911917,0,0.0,0.3703703703703704,Maltepe_4,5687843.023255814
Maltepe,160,5.0,3.0,1190000.0,0.0,3.0,8,Doğalgaz,Emlakjet,1.0,12,31.372549019607845,0,5.081404364984463,1.791759469228055,800.0,480.0,4097244.968911917,0,0.0,0.3703703703703704,Maltepe_5,3470460.5263157897
Maltepe,100,3.0,3.0,1500000.0,0.0,3.0,8,Doğalgaz,Emlakjet,1.0,12,32.25806451612903,0,4.61512051684126,1.3862943611198906,300.0,300.0,4097244.968911917,0,0.0,0.3703703703703704,Maltepe_3,3813252.9011627906
Maltepe,65,2.0,7.5,345000.0,0.0,3.0,8,Doğalgaz,Emlakjet,1.0,12,30.952380952380953,1,4.189654742026425,1.0986122886681098,130.0,487.5,4097244.968911917,0,0.0,0.3703703703703704,Maltepe_2,2357289.13559322
Maltepe,190,6.0,7.5,1265000.0,0.0,3.0,8,Doğalgaz,Emlakjet,1.0,12,31.14754098360656,1,5.25227342804663,1.9459101490553132,1140.0,1425.0,4097244.968911917,0,0.0,0.3703703703703704,Maltepe_6,5247962.962962963
Maltepe,110,3.0,3.0,2050000.0,0.0,3.0,8,Doğalgaz,Emlakjet,1.0,12,35.483870967741936,0,4.709530201312334,1.3862943611198906,330.0,330.0,4097244.968911917,0,0.0,0.3703703703703704,Maltepe_3,3813252.9011627906
Maltepe,180,5.0,10.0,2395000.0,0.0,3.0,8,Doğalgaz,Emlakjet,1.0,12,35.294117647058826,1,5.198497031265826,1.791759469228055,900.0,1800.0,4097244.968911917,0,0.0,0.3703703703703704,Maltepe_5,3470460.5263157897
Maltepe,100,3.0,30.0,1100000.0,0.0,3.0,8,Doğalgaz,Emlakjet,1.0,12,32.25806451612903,3,4.61512051684126,1.3862943611198906,300.0,3000.0,4097244.968911917,0,0.0,0.3703703703703704,Maltepe_3,3813252.9011627906
Maltepe,87,3.0,10.0,1240000.0,0.0,3.0,8,Doğalgaz,Emlakjet,1.0,12,28.064516129032256,1,4.477336814478207,1.3862943611198906,261.0,870.0,4097244.968911917,0,0.0,0.3703703703703704,Maltepe_3,3813252.9011627906
Maltepe,85,3.0,3.0,1500000.0,0.0,3.0,8,Doğalgaz,Emlakjet,1.0,12,27.419354838709676,0,4.454347296253507,1.3862943611198906,255.0,255.0,4097244.968911917,0,0.0,0.3703703703703704,Maltepe_3,3813252.9011627906
Maltepe,155,4.0,18.0,1600000.0,0.0,3.0,8,Doğalgaz,Emlakjet,1.0,12,37.80487804878049,2,5.049856007249537,1.6094379124341003,620.0,2790.0,4097244.968911917,0,0.0,0.3703703703703704,Maltepe_4,5687843.023255814
Maltepe,170,4.0,1.0,1175000.0,0.0,3.0,8,Doğalgaz,Emlakjet,1.0,12,41.463414634146346,0,5.14166355650266,1.6094379124341003,680.0,170.0,4097244.968911917,0,0.0,0.3703703703703704,Maltepe_4,5687843.023255814
Maltepe,80,3.0,10.0,1250000.0,0.0,3.0,8,Doğalgaz,Emlakjet,1.0,12,25.806451612903224,1,4.394449154672439,1.3862943611198906,240.0,800.0,4097244.968911917,0,0.0,0.3703703703703704,Maltepe_3,3813252.9011627906
Maltepe,130,4.0,2.0,2750000.0,0.0,3.0,8,Doğalgaz,Emlakjet,1.0,12,31.707317073170735,0,4.875197323201151,1.6094379124341003,520.0,260.0,4097244.968911917,0,0.0,0.3703703703703704,Maltepe_4,5687843.023255814
Maltepe,63,2.0,4.0,2080000.0,0.0,3.0,8,Doğalgaz,Emlakjet,1.0,12,30.0,0,4.1588830833596715,1.0986122886681098,126.0,252.0,4097244.968911917,0,0.0,0.3703703703703704,Maltepe_2,2357289.13559322
Maltepe,65,2.0,10.0,1900000.0,0.0,3.0,8,Doğalgaz,Emlakjet,1.0,12,30.952380952380953,1,4.189654742026425,1.0986122886681098,130.0,650.0,4097244.968911917,0,0.0,0.3703703703703704,Maltepe_2,2357289.13559322
Maltepe,130,5.0,10.0,4750000.0,0.0,3.0,8,Doğalgaz,Emlakjet,1.0,12,25.490196078431374,1,4.875197323201151,1.791759469228055,650.0,1300.0,4097244.968911917,0,0.0,0.3703703703703704,Maltepe_5,3470460.5263157897
Maltepe,166,3.0,13.0,2390000.0,0.0,3.0,8,Doğalgaz,Emlakjet,1.0,12,53.54838709677419,2,5.117993812416755,1.3862943611198906,498.0,2158.0,4097244.968911917,0,0.0,0.3703703703703704,Maltepe_3,3813252.9011627906
Maltepe,110,3.0,30.0,1150000.0,0.0,3.0,8,Doğalgaz,Emlakjet,1.0,12,35.483870967741936,3,4.709530201312334,1.3862943611198906,330.0,3300.0,4097244.968911917,0,0.0,0.3703703703703704,Maltepe_3,3813252.9011627906
Maltepe,130,3.0,4.0,1425000.0,0.0,3.0,8,Doğalgaz,Emlakjet,1.0,12,41.935483870967744,0,4.875197323201151,1.3862943611198906,390.0,520.0,4097244.968911917,0,0.0,0.3703703703703704,Maltepe_3,3813252.9011627906
Maltepe,200,6.0,7.5,2750000.0,0.0,3.0,8,Doğalgaz,Emlakjet,1.0,12,32.786885245901644,1,5.303304908059076,1.9459101490553132,1200.0,1500.0,4097244.968911917,0,0.0,0.3703703703703704,Maltepe_6,5247962.962962963
Maltepe,100,3.0,4.0,1345000.0,0.0,3.0,8,Doğalgaz,Emlakjet,1.0,12,32.25806451612903,0,4.61512051684126,1.3862943611198906,300.0,400.0,4097244.968911917,0,0.0,0.3703703703703704,Maltepe_3,3813252.9011627906
Maltepe,100,3.0,10.0,2270000.0,0.0,3.0,8,Doğalgaz,Emlakjet,1.0,12,32.25806451612903,1,4.61512051684126,1.3862943611198906,300.0,1000.0,4097244.968911917,0,0.0,0.3703703703703704,Maltepe_3,3813252.9011627906
Maltepe,165,4.0,30.0,2250000.0,0.0,3.0,8,Doğalgaz,Emlakjet,1.0,12,40.243902439024396,3,5.111987788356544,1.6094379124341003,660.0,4950.0,4097244.968911917,0,0.0,0.3703703703703704,Maltepe_4,5687843.023255814
Maltepe,80,3.0,4.0,1115000.0,0.0,3.0,8,Doğalgaz,Emlakjet,1.0,12,25.806451612903224,0,4.394449154672439,1.3862943611198906,240.0,320.0,4097244.968911917,0,0.0,0.3703703703703704,Maltepe_3,3813252.9011627906
Maltepe,100,3.0,4.0,2350000.0,0.0,3.0,8,Doğalgaz,Emlakjet,1.0,12,32.25806451612903,0,4.61512051684126,1.3862943611198906,300.0,400.0,4097244.968911917,0,0.0,0.3703703703703704,Maltepe_3,3813252.9011627906
Maltepe,120,4.0,30.0,3400000.0,0.0,3.0,8,Doğalgaz,Emlakjet,1.0,12,29.26829268292683,3,4.795790545596741,1.6094379124341003,480.0,3600.0,4097244.968911917,0,0.0,0.3703703703703704,Maltepe_4,5687843.023255814
Maltepe,220,6.0,10.0,3500000.0,0.0,3.0,8,Doğalgaz,Emlakjet,1.0,12,36.0655737704918,1,5.3981627015177525,1.9459101490553132,1320.0,2200.0,4097244.968911917,0,0.0,0.3703703703703704,Maltepe_6,5247962.962962963
Maltepe,85,3.0,3.0,1350000.0,0.0,3.0,8,Doğalgaz,Emlakjet,1.0,12,27.419354838709676,0,4.454347296253507,1.3862943611198906,255.0,255.0,4097244.968911917,0,0.0,0.3703703703703704,Maltepe_3,3813252.9011627906
Maltepe,130,4.0,30.0,1800000.0,0.0,3.0,8,Doğalgaz,Emlakjet,1.0,12,31.707317073170735,3,4.875197323201151,1.6094379124341003,520.0,3900.0,4097244.968911917,0,0.0,0.3703703703703704,Maltepe_4,5687843.023255814
Maltepe,105,3.0,30.0,1250000.0,0.0,3.0,8,Doğalgaz,Emlakjet,1.0,12,33.87096774193548,3,4.663439094112067,1.3862943611198906,315.0,3150.0,4097244.968911917,0,0.0,0.3703703703703704,Maltepe_3,3813252.9011627906
Maltepe,85,3.0,3.0,1100000.0,0.0,3.0,8,Doğalgaz,Emlakjet,1.0,12,27.419354838709676,0,4.454347296253507,1.3862943611198906,255.0,255.0,4097244.968911917,0,0.0,0.3703703703703704,Maltepe_3,3813252.9011627906
Maltepe,75,2.0,4.0,525000.0,0.0,3.0,8,Doğalgaz,Emlakjet,1.0,12,35.714285714285715,0,4.330733340286331,1.0986122886681098,150.0,300.0,4097244.968911917,0,0.0,0.3703703703703704,Maltepe_2,2357289.13559322
Maltepe,75,2.0,3.0,550000.0,0.0,3.0,8,Doğalgaz,Emlakjet,1.0,12,35.714285714285715,0,4.330733340286331,1.0986122886681098,150.0,225.0,4097244.968911917,0,0.0,0.3703703703703704,Maltepe_2,2357289.13559322
Maltepe,92,3.0,10.0,1120000.0,0.0,3.0,8,Doğalgaz,Emlakjet,1.0,12,29.677419354838708,1,4.532599493153256,1.3862943611198906,276.0,920.0,4097244.968911917,0,0.0,0.3703703703703704,Maltepe_3,3813252.9011627906
Maltepe,180,5.0,4.0,980000.0,0.0,3.0,8,Doğalgaz,Emlakjet,1.0,12,35.294117647058826,0,5.198497031265826,1.791759469228055,900.0,720.0,4097244.968911917,0,0.0,0.3703703703703704,Maltepe_5,3470460.5263157897
Maltepe,90,3.0,3.0,520000.0,0.0,3.0,8,Doğalgaz,Emlakjet,1.0,12,29.032258064516128,0,4.51085950651685,1.3862943611198906,270.0,270.0,4097244.968911917,0,0.0,0.3703703703703704,Maltepe_3,3813252.9011627906
Maltepe,200,6.0,1.0,1250000.0,0.0,3.0,8,Doğalgaz,Emlakjet,1.0,12,32.786885245901644,0,5.303304908059076,1.9459101490553132,1200.0,200.0,4097244.968911917,0,0.0,0.3703703703703704,Maltepe_6,5247962.962962963
Maltepe,100,3.0,4.0,1075000.0,0.0,3.0,8,Doğalgaz,Emlakjet,1.0,12,32.25806451612903,0,4.61512051684126,1.3862943611198906,300.0,400.0,4097244.968911917,0,0.0,0.3703703703703704,Maltepe_3,3813252.9011627906
Maltepe,87,3.0,7.5,890000.0,0.0,3.0,8,Doğalgaz,Emlakjet,1.0,12,28.064516129032256,1,4.477336814478207,1.3862943611198906,261.0,652.5,4097244.968911917,0,0.0,0.3703703703703704,Maltepe_3,3813252.9011627906
Maltepe,67,2.0,7.5,1450000.0,0.0,3.0,8,Doğalgaz,Emlakjet,1.0,12,31.904761904761905,1,4.219507705176107,1.0986122886681098,134.0,502.5,4097244.968911917,0,0.0,0.3703703703703704,Maltepe_2,2357289.13559322
Maltepe,130,4.0,3.0,1400000.0,0.0,3.0,8,Doğalgaz,Emlakjet,1.0,12,31.707317073170735,0,4.875197323201151,1.6094379124341003,520.0,390.0,4097244.968911917,0,0.0,0.3703703703703704,Maltepe_4,5687843.023255814
Maltepe,100,3.0,2.0,2270000.0,0.0,3.0,8,Doğalgaz,Emlakjet,1.0,12,32.25806451612903,0,4.61512051684126,1.3862943611198906,300.0,200.0,4097244.968911917,0,0.0,0.3703703703703704,Maltepe_3,3813252.9011627906
Maltepe,125,4.0,30.0,1575000.0,0.0,3.0,8,Doğalgaz,Emlakjet,1.0,12,30.487804878048784,3,4.836281906951478,1.6094379124341003,500.0,3750.0,4097244.968911917,0,0.0,0.3703703703703704,Maltepe_4,5687843.023255814
Maltepe,85,3.0,7.5,665000.0,0.0,3.0,8,Doğalgaz,Emlakjet,1.0,12,27.419354838709676,1,4.454347296253507,1.3862943611198906,255.0,637.5,4097244.968911917,0,0.0,0.3703703703703704,Maltepe_3,3813252.9011627906
Maltepe,80,3.0,7.5,1250000.0,0.0,3.0,8,Doğalgaz,Emlakjet,1.0,12,25.806451612903224,1,4.394449154672439,1.3862943611198906,240.0,600.0,4097244.968911917,0,0.0,0.3703703703703704,Maltepe_3,3813252.9011627906
Maltepe,155,4.0,30.0,5500000.0,0.0,3.0,8,Doğalgaz,Emlakjet,1.0,12,37.80487804878049,3,5.049856007249537,1.6094379124341003,620.0,4650.0,4097244.968911917,0,0.0,0.3703703703703704,Maltepe_4,5687843.023255814
Maltepe,70,2.0,7.5,485000.0,0.0,3.0,8,Doğalgaz,Emlakjet,1.0,12,33.33333333333333,1,4.2626798770413155,1.0986122886681098,140.0,525.0,4097244.968911917,0,0.0,0.3703703703703704,Maltepe_2,2357289.13559322
Maltepe,65,2.0,7.5,300000.0,0.0,3.0,8,Doğalgaz,Emlakjet,1.0,12,30.952380952380953,1,4.189654742026425,1.0986122886681098,130.0,487.5,4097244.968911917,0,0.0,0.3703703703703704,Maltepe_2,2357289.13559322
Maltepe,350,7.0,30.0,11500000.0,0.0,3.0,8,Doğalgaz,Emlakjet,1.0,12,49.29577464788733,3,5.860786223465865,2.0794415416798357,2450.0,10500.0,4097244.968911917,0,0.0,0.3703703703703704,Maltepe_7,6866666.666666667
Maltepe,140,4.0,3.0,1400000.0,0.0,3.0,8,Doğalgaz,Emlakjet,1.0,12,34.146341463414636,0,4.948759890378168,1.6094379124341003,560.0,420.0,4097244.968911917,0,0.0,0.3703703703703704,Maltepe_4,5687843.023255814
Maltepe,140,4.0,18.0,1590000.0,0.0,3.0,8,Doğalgaz,Emlakjet,1.0,12,34.146341463414636,2,4.948759890378168,1.6094379124341003,560.0,2520.0,4097244.968911917,0,0.0,0.3703703703703704,Maltepe_4,5687843.023255814
Maltepe,250,6.0,18.0,1700000.0,0.0,3.0,8,Doğalgaz,Emlakjet,1.0,12,40.98360655737705,2,5.5254529391317835,1.9459101490553132,1500.0,4500.0,4097244.968911917,0,0.0,0.3703703703703704,Maltepe_6,5247962.962962963
Maltepe,215,6.0,3.0,2600000.0,0.0,3.0,8,Doğalgaz,Emlakjet,1.0,12,35.24590163934426,0,5.375278407684165,1.9459101490553132,1290.0,645.0,4097244.968911917,0,0.0,0.3703703703703704,Maltepe_6,5247962.962962963
Maltepe,140,4.0,30.0,1300000.0,0.0,3.0,8,Doğalgaz,Emlakjet,1.0,12,34.146341463414636,3,4.948759890378168,1.6094379124341003,560.0,4200.0,4097244.968911917,0,0.0,0.3703703703703704,Maltepe_4,5687843.023255814
Maltepe,75,3.0,10.0,1350000.0,0.0,3.0,8,Doğalgaz,Emlakjet,1.0,12,24.193548387096772,1,4.330733340286331,1.3862943611198906,225.0,750.0,4097244.968911917,0,0.0,0.3703703703703704,Maltepe_3,3813252.9011627906
Maltepe,115,3.0,4.0,800000.0,0.0,3.0,8,Doğalgaz,Emlakjet,1.0,12,37.096774193548384,0,4.7535901911063645,1.3862943611198906,345.0,460.0,4097244.968911917,0,0.0,0.3703703703703704,Maltepe_3,3813252.9011627906
Maltepe,90,3.0,1.0,510000.0,0.0,3.0,8,Doğalgaz,Emlakjet,1.0,12,29.032258064516128,0,4.51085950651685,1.3862943611198906,270.0,90.0,4097244.968911917,0,0.0,0.3703703703703704,Maltepe_3,3813252.9011627906
Maltepe,110,3.0,7.5,2250000.0,0.0,3.0,8,Doğalgaz,Emlakjet,1.0,12,35.483870967741936,1,4.709530201312334,1.3862943611198906,330.0,825.0,4097244.968911917,0,0.0,0.3703703703703704,Maltepe_3,3813252.9011627906
Maltepe,135,4.0,30.0,1425000.0,0.0,3.0,8,Doğalgaz,Emlakjet,1.0,12,32.926829268292686,3,4.912654885736052,1.6094379124341003,540.0,4050.0,4097244.968911917,0,0.0,0.3703703703703704,Maltepe_4,5687843.023255814
Maltepe,210,6.0,10.0,2850000.0,0.0,3.0,8,Doğalgaz,Emlakjet,1.0,12,34.42622950819673,1,5.351858133476067,1.9459101490553132,1260.0,2100.0,4097244.968911917,0,0.0,0.3703703703703704,Maltepe_6,5247962.962962963
Maltepe,150,4.0,30.0,900000.0,0.0,3.0,8,Doğalgaz,Emlakjet,1.0,12,36.58536585365854,3,5.017279836814924,1.6094379124341003,600.0,4500.0,4097244.968911917,0,0.0,0.3703703703703704,Maltepe_4,5687843.023255814
Maltepe,110,3.0,2.0,1950000.0,0.0,3.0,8,Doğalgaz,Emlakjet,1.0,12,35.483870967741936,0,4.709530201312334,1.3862943611198906,330.0,220.0,4097244.968911917,0,0.0,0.3703703703703704,Maltepe_3,3813252.9011627906
Maltepe,80,3.0,30.0,750000.0,0.0,3.0,8,Doğalgaz,Emlakjet,1.0,12,25.806451612903224,3,4.394449154672439,1.3862943611198906,240.0,2400.0,4097244.968911917,0,0.0,0.3703703703703704,Maltepe_3,3813252.9011627906
Maltepe,210,5.0,30.0,2675000.0,0.0,3.0,8,Doğalgaz,Emlakjet,1.0,12,41.1764705882353,3,5.351858133476067,1.791759469228055,1050.0,6300.0,4097244.968911917,0,0.0,0.3703703703703704,Maltepe_5,3470460.5263157897
Maltepe,130,4.0,4.0,2650000.0,0.0,3.0,8,Doğalgaz,Emlakjet,1.0,12,31.707317073170735,0,4.875197323201151,1.6094379124341003,520.0,520.0,4097244.968911917,0,0.0,0.3703703703703704,Maltepe_4,5687843.023255814
Maltepe,140,4.0,7.5,2150000.0,0.0,3.0,8,Doğalgaz,Emlakjet,1.0,12,34.146341463414636,1,4.948759890378168,1.6094379124341003,560.0,1050.0,4097244.968911917,0,0.0,0.3703703703703704,Maltepe_4,5687843.023255814
Maltepe,65,2.0,7.5,760000.0,0.0,3.0,8,Doğalgaz,Emlakjet,1.0,12,30.952380952380953,1,4.189654742026425,1.0986122886681098,130.0,487.5,4097244.968911917,0,0.0,0.3703703703703704,Maltepe_2,2357289.13559322
Maltepe,85,3.0,30.0,1100000.0,0.0,3.0,8,Doğalgaz,Emlakjet,1.0,12,27.419354838709676,3,4.454347296253507,1.3862943611198906,255.0,2550.0,4097244.968911917,0,0.0,0.3703703703703704,Maltepe_3,3813252.9011627906
Maltepe,200,5.0,10.0,2950000.0,0.0,3.0,8,Doğalgaz,Emlakjet,1.0,12,39.21568627450981,1,5.303304908059076,1.791759469228055,1000.0,2000.0,4097244.968911917,0,0.0,0.3703703703703704,Maltepe_5,3470460.5263157897
Maltepe,130,4.0,30.0,1125000.0,0.0,3.0,8,Doğalgaz,Emlakjet,1.0,12,31.707317073170735,3,4.875197323201151,1.6094379124341003,520.0,3900.0,4097244.968911917,0,0.0,0.3703703703703704,Maltepe_4,5687843.023255814
Maltepe,100,3.0,30.0,955000.0,0.0,3.0,8,Doğalgaz,Emlakjet,1.0,12,32.25806451612903,3,4.61512051684126,1.3862943611198906,300.0,3000.0,4097244.968911917,0,0.0,0.3703703703703704,Maltepe_3,3813252.9011627906
Maltepe,120,4.0,13.0,1970000.0,0.0,3.0,8,Doğalgaz,Emlakjet,1.0,12,29.26829268292683,2,4.795790545596741,1.6094379124341003,480.0,1560.0,4097244.968911917,0,0.0,0.3703703703703704,Maltepe_4,5687843.023255814
Maltepe,90,3.0,13.0,1485000.0,0.0,3.0,8,Doğalgaz,Emlakjet,1.0,12,29.032258064516128,2,4.51085950651685,1.3862943611198906,270.0,1170.0,4097244.968911917,0,0.0,0.3703703703703704,Maltepe_3,3813252.9011627906
Maltepe,165,5.0,4.0,5250000.0,0.0,3.0,8,Doğalgaz,Emlakjet,1.0,12,32.35294117647059,0,5.111987788356544,1.791759469228055,825.0,660.0,4097244.968911917,0,0.0,0.3703703703703704,Maltepe_5,3470460.5263157897
Maltepe,75,2.0,4.0,465000.0,0.0,3.0,8,Doğalgaz,Emlakjet,1.0,12,35.714285714285715,0,4.330733340286331,1.0986122886681098,150.0,300.0,4097244.968911917,0,0.0,0.3703703703703704,Maltepe_2,2357289.13559322
Maltepe,130,4.0,7.5,850000.0,0.0,3.0,8,Doğalgaz,Emlakjet,1.0,12,31.707317073170735,1,4.875197323201151,1.6094379124341003,520.0,975.0,4097244.968911917,0,0.0,0.3703703703703704,Maltepe_4,5687843.023255814
Maltepe,101,3.0,4.0,2500000.0,0.0,3.0,8,Doğalgaz,Emlakjet,1.0,12,32.58064516129032,0,4.624972813284271,1.3862943611198906,303.0,404.0,4097244.968911917,0,0.0,0.3703703703703704,Maltepe_3,3813252.9011627906
Maltepe,102,3.0,3.0,3850000.0,0.0,3.0,8,Doğalgaz,Emlakjet,1.0,12,32.90322580645161,0,4.634728988229636,1.3862943611198906,306.0,306.0,4097244.968911917,0,0.0,0.3703703703703704,Maltepe_3,3813252.9011627906
Maltepe,125,3.0,10.0,2600000.0,0.0,3.0,8,Doğalgaz,Emlakjet,1.0,12,40.32258064516129,1,4.836281906951478,1.3862943611198906,375.0,1250.0,4097244.968911917,0,0.0,0.3703703703703704,Maltepe_3,3813252.9011627906
Maltepe,70,3.0,7.5,935000.0,0.0,3.0,8,Doğalgaz,Emlakjet,1.0,12,22.58064516129032,1,4.2626798770413155,1.3862943611198906,210.0,525.0,4097244.968911917,0,0.0,0.3703703703703704,Maltepe_3,3813252.9011627906
Maltepe,120,4.0,7.5,1595000.0,0.0,3.0,8,Doğalgaz,Emlakjet,1.0,12,29.26829268292683,1,4.795790545596741,1.6094379124341003,480.0,900.0,4097244.968911917,0,0.0,0.3703703703703704,Maltepe_4,5687843.023255814
Maltepe,180,5.0,3.0,2350000.0,0.0,3.0,8,Doğalgaz,Emlakjet,1.0,12,35.294117647058826,0,5.198497031265826,1.791759469228055,900.0,540.0,4097244.968911917,0,0.0,0.3703703703703704,Maltepe_5,3470460.5263157897
Maltepe,95,3.0,4.0,1500000.0,0.0,3.0,8,Doğalgaz,Emlakjet,1.0,12,30.64516129032258,0,4.564348191467836,1.3862943611198906,285.0,380.0,4097244.968911917,0,0.0,0.3703703703703704,Maltepe_3,3813252.9011627906
Maltepe,117,3.0,10.0,3790000.0,0.0,3.0,8,Doğalgaz,Emlakjet,1.0,12,37.74193548387097,1,4.770684624465665,1.3862943611198906,351.0,1170.0,4097244.968911917,0,0.0,0.3703703703703704,Maltepe_3,3813252.9011627906
Maltepe,100,3.0,1.0,670000.0,0.0,3.0,8,Doğalgaz,Emlakjet,1.0,12,32.25806451612903,0,4.61512051684126,1.3862943611198906,300.0,100.0,4097244.968911917,0,0.0,0.3703703703703704,Maltepe_3,3813252.9011627906
Maltepe,210,5.0,18.0,2250000.0,0.0,3.0,8,Doğalgaz,Emlakjet,1.0,12,41.1764705882353,2,5.351858133476067,1.791759469228055,1050.0,3780.0,4097244.968911917,0,0.0,0.3703703703703704,Maltepe_5,3470460.5263157897
Maltepe,100,3.0,7.5,739000.0,0.0,3.0,8,Doğalgaz,Emlakjet,1.0,12,32.25806451612903,1,4.61512051684126,1.3862943611198906,300.0,750.0,4097244.968911917,0,0.0,0.3703703703703704,Maltepe_3,3813252.9011627906
Maltepe,150,5.0,10.0,2250000.0,0.0,3.0,8,Doğalgaz,Emlakjet,1.0,12,29.411764705882355,1,5.017279836814924,1.791759469228055,750.0,1500.0,4097244.968911917,0,0.0,0.3703703703703704,Maltepe_5,3470460.5263157897
Maltepe,100,3.0,30.0,975000.0,0.0,3.0,8,Doğalgaz,Emlakjet,1.0,12,32.25806451612903,3,4.61512051684126,1.3862943611198906,300.0,3000.0,4097244.968911917,0,0.0,0.3703703703703704,Maltepe_3,3813252.9011627906
Maltepe,102,3.0,2.0,1825000.0,0.0,3.0,8,Doğalgaz,Emlakjet,1.0,12,32.90322580645161,0,4.634728988229636,1.3862943611198906,306.0,204.0,4097244.968911917,0,0.0,0.3703703703703704,Maltepe_3,3813252.9011627906
Maltepe,130,3.0,18.0,850000.0,0.0,3.0,8,Doğalgaz,Emlakjet,1.0,12,41.935483870967744,2,4.875197323201151,1.3862943611198906,390.0,2340.0,4097244.968911917,0,0.0,0.3703703703703704,Maltepe_3,3813252.9011627906
Maltepe,85,3.0,4.0,1750000.0,0.0,3.0,8,Doğalgaz,Emlakjet,1.0,12,27.419354838709676,0,4.454347296253507,1.3862943611198906,255.0,340.0,4097244.968911917,0,0.0,0.3703703703703704,Maltepe_3,3813252.9011627906
Maltepe,200,5.0,3.0,5250000.0,0.0,3.0,8,Doğalgaz,Emlakjet,1.0,12,39.21568627450981,0,5.303304908059076,1.791759469228055,1000.0,600.0,4097244.968911917,0,0.0,0.3703703703703704,Maltepe_5,3470460.5263157897
Maltepe,105,3.0,30.0,955000.0,0.0,3.0,8,Doğalgaz,Emlakjet,1.0,12,33.87096774193548,3,4.663439094112067,1.3862943611198906,315.0,3150.0,4097244.968911917,0,0.0,0.3703703703703704,Maltepe_3,3813252.9011627906
Maltepe,140,4.0,30.0,1750000.0,0.0,3.0,8,Doğalgaz,Emlakjet,1.0,12,34.146341463414636,3,4.948759890378168,1.6094379124341003,560.0,4200.0,4097244.968911917,0,0.0,0.3703703703703704,Maltepe_4,5687843.023255814
Maltepe,150,4.0,10.0,2650000.0,0.0,3.0,8,Doğalgaz,Emlakjet,1.0,12,36.58536585365854,1,5.017279836814924,1.6094379124341003,600.0,1500.0,4097244.968911917,0,0.0,0.3703703703703704,Maltepe_4,5687843.023255814
Maltepe,140,4.0,30.0,1700000.0,0.0,3.0,8,Doğalgaz,Emlakjet,1.0,12,34.146341463414636,3,4.948759890378168,1.6094379124341003,560.0,4200.0,4097244.968911917,0,0.0,0.3703703703703704,Maltepe_4,5687843.023255814
Maltepe,110,3.0,30.0,1350000.0,0.0,3.0,8,Doğalgaz,Emlakjet,1.0,12,35.483870967741936,3,4.709530201312334,1.3862943611198906,330.0,3300.0,4097244.968911917,0,0.0,0.3703703703703704,Maltepe_3,3813252.9011627906
Maltepe,62,2.0,7.5,1750000.0,0.0,3.0,8,Doğalgaz,Emlakjet,1.0,12,29.523809523809522,1,4.143134726391533,1.0986122886681098,124.0,465.0,4097244.968911917,0,0.0,0.3703703703703704,Maltepe_2,2357289.13559322
Maltepe,90,3.0,3.0,1350000.0,0.0,3.0,8,Doğalgaz,Emlakjet,1.0,12,29.032258064516128,0,4.51085950651685,1.3862943611198906,270.0,270.0,4097244.968911917,0,0.0,0.3703703703703704,Maltepe_3,3813252.9011627906
Maltepe,85,3.0,10.0,845000.0,0.0,3.0,8,Doğalgaz,Emlakjet,1.0,12,27.419354838709676,1,4.454347296253507,1.3862943611198906,255.0,850.0,4097244.968911917,0,0.0,0.3703703703703704,Maltepe_3,3813252.9011627906
Maltepe,80,3.0,7.5,645000.0,0.0,3.0,8,Doğalgaz,Emlakjet,1.0,12,25.806451612903224,1,4.394449154672439,1.3862943611198906,240.0,600.0,4097244.968911917,0,0.0,0.3703703703703704,Maltepe_3,3813252.9011627906
Maltepe,175,4.0,7.5,1275000.0,0.0,3.0,8,Doğalgaz,Emlakjet,1.0,12,42.6829268292683,1,5.170483995038151,1.6094379124341003,700.0,1312.5,4097244.968911917,0,0.0,0.3703703703703704,Maltepe_4,5687843.023255814
Maltepe,70,2.0,7.5,660000.0,0.0,3.0,8,Doğalgaz,Emlakjet,1.0,12,33.33333333333333,1,4.2626798770413155,1.0986122886681098,140.0,525.0,4097244.968911917,0,0.0,0.3703703703703704,Maltepe_2,2357289.13559322
Maltepe,80,3.0,30.0,570000.0,0.0,3.0,8,Doğalgaz,Emlakjet,1.0,12,25.806451612903224,3,4.394449154672439,1.3862943611198906,240.0,2400.0,4097244.968911917,0,0.0,0.3703703703703704,Maltepe_3,3813252.9011627906
Maltepe,170,6.0,10.0,2750000.0,0.0,3.0,8,Doğalgaz,Emlakjet,1.0,12,27.868852459016395,1,5.14166355650266,1.9459101490553132,1020.0,1700.0,4097244.968911917,0,0.0,0.3703703703703704,Maltepe_6,5247962.962962963
Maltepe,170,6.0,10.0,2850000.0,0.0,3.0,8,Doğalgaz,Emlakjet,1.0,12,27.868852459016395,1,5.14166355650266,1.9459101490553132,1020.0,1700.0,4097244.968911917,0,0.0,0.3703703703703704,Maltepe_6,5247962.962962963
Maltepe,250,6.0,3.0,4500000.0,0.0,3.0,8,Doğalgaz,Emlakjet,1.0,12,40.98360655737705,0,5.5254529391317835,1.9459101490553132,1500.0,750.0,4097244.968911917,0,0.0,0.3703703703703704,Maltepe_6,5247962.962962963
Maltepe,85,3.0,10.0,1770000.0,0.0,3.0,8,Doğalgaz,Emlakjet,1.0,12,27.419354838709676,1,4.454347296253507,1.3862943611198906,255.0,850.0,4097244.968911917,0,0.0,0.3703703703703704,Maltepe_3,3813252.9011627906
Maltepe,90,3.0,10.0,1550000.0,0.0,3.0,8,Doğalgaz,Emlakjet,1.0,12,29.032258064516128,1,4.51085950651685,1.3862943611198906,270.0,900.0,4097244.968911917,0,0.0,0.3703703703703704,Maltepe_3,3813252.9011627906
Maltepe,175,5.0,13.0,975000.0,0.0,3.0,8,Doğalgaz,Emlakjet,1.0,12,34.31372549019608,2,5.170483995038151,1.791759469228055,875.0,2275.0,4097244.968911917,0,0.0,0.3703703703703704,Maltepe_5,3470460.5263157897
Maltepe,95,3.0,10.0,1300000.0,0.0,3.0,8,Doğalgaz,Emlakjet,1.0,12,30.64516129032258,1,4.564348191467836,1.3862943611198906,285.0,950.0,4097244.968911917,0,0.0,0.3703703703703704,Maltepe_3,3813252.9011627906
Maltepe,80,3.0,10.0,1350000.0,0.0,3.0,8,Doğalgaz,Emlakjet,1.0,12,25.806451612903224,1,4.394449154672439,1.3862943611198906,240.0,800.0,4097244.968911917,0,0.0,0.3703703703703704,Maltepe_3,3813252.9011627906
Maltepe,80,3.0,10.0,1450000.0,0.0,3.0,8,Doğalgaz,Emlakjet,1.0,12,25.806451612903224,1,4.394449154672439,1.3862943611198906,240.0,800.0,4097244.968911917,0,0.0,0.3703703703703704,Maltepe_3,3813252.9011627906
Maltepe,85,3.0,10.0,1000000.0,0.0,3.0,8,Doğalgaz,Emlakjet,1.0,12,27.419354838709676,1,4.454347296253507,1.3862943611198906,255.0,850.0,4097244.968911917,0,0.0,0.3703703703703704,Maltepe_3,3813252.9011627906
Maltepe,153,4.0,7.5,3300000.0,0.0,3.0,8,Doğalgaz,Emlakjet,1.0,12,37.31707317073171,1,5.0369526024136295,1.6094379124341003,612.0,1147.5,4097244.968911917,0,0.0,0.3703703703703704,Maltepe_4,5687843.023255814
Maltepe,65,2.0,7.5,1400000.0,0.0,3.0,8,Doğalgaz,Emlakjet,1.0,12,30.952380952380953,1,4.189654742026425,1.0986122886681098,130.0,487.5,4097244.968911917,0,0.0,0.3703703703703704,Maltepe_2,2357289.13559322
Maltepe,90,3.0,10.0,980000.0,0.0,3.0,8,Doğalgaz,Emlakjet,1.0,12,29.032258064516128,1,4.51085950651685,1.3862943611198906,270.0,900.0,4097244.968911917,0,0.0,0.3703703703703704,Maltepe_3,3813252.9011627906
Maltepe,50,2.0,10.0,900000.0,0.0,3.0,8,Doğalgaz,Emlakjet,1.0,12,23.80952380952381,1,3.9318256327243257,1.0986122886681098,100.0,500.0,4097244.968911917,0,0.0,0.3703703703703704,Maltepe_2,2357289.13559322
Maltepe,75,2.0,7.5,600000.0,0.0,3.0,8,Doğalgaz,Emlakjet,1.0,12,35.714285714285715,1,4.330733340286331,1.0986122886681098,150.0,562.5,4097244.968911917,0,0.0,0.3703703703703704,Maltepe_2,2357289.13559322
Maltepe,62,2.0,7.5,1775000.0,0.0,3.0,8,Doğalgaz,Emlakjet,1.0,12,29.523809523809522,1,4.143134726391533,1.0986122886681098,124.0,465.0,4097244.968911917,0,0.0,0.3703703703703704,Maltepe_2,2357289.13559322
Maltepe,62,2.0,7.5,1775000.0,0.0,3.0,8,Doğalgaz,Emlakjet,1.0,12,29.523809523809522,1,4.143134726391533,1.0986122886681098,124.0,465.0,4097244.968911917,0,0.0,0.3703703703703704,Maltepe_2,2357289.13559322
Maltepe,65,2.0,7.5,469000.0,0.0,3.0,8,Doğalgaz,Emlakjet,1.0,12,30.952380952380953,1,4.189654742026425,1.0986122886681098,130.0,487.5,4097244.968911917,0,0.0,0.3703703703703704,Maltepe_2,2357289.13559322
Maltepe,90,3.0,30.0,995000.0,0.0,3.0,8,Doğalgaz,Emlakjet,1.0,12,29.032258064516128,3,4.51085950651685,1.3862943611198906,270.0,2700.0,4097244.968911917,0,0.0,0.3703703703703704,Maltepe_3,3813252.9011627906
Maltepe,150,5.0,10.0,1380000.0,0.0,3.0,8,Doğalgaz,Emlakjet,1.0,12,29.411764705882355,1,5.017279836814924,1.791759469228055,750.0,1500.0,4097244.968911917,0,0.0,0.3703703703703704,Maltepe_5,3470460.5263157897
Maltepe,80,3.0,3.0,935000.0,0.0,3.0,8,Doğalgaz,Emlakjet,1.0,12,25.806451612903224,0,4.394449154672439,1.3862943611198906,240.0,240.0,4097244.968911917,0,0.0,0.3703703703703704,Maltepe_3,3813252.9011627906
Maltepe,240,6.0,1.0,5500000.0,0.0,3.0,8,Doğalgaz,Emlakjet,1.0,12,39.34426229508197,0,5.484796933490655,1.9459101490553132,1440.0,240.0,4097244.968911917,0,0.0,0.3703703703703704,Maltepe_6,5247962.962962963
Maltepe,66,2.0,10.0,925000.0,0.0,3.0,8,Doğalgaz,Emlakjet,1.0,12,31.428571428571427,1,4.204692619390966,1.0986122886681098,132.0,660.0,4097244.968911917,0,0.0,0.3703703703703704,Maltepe_2,2357289.13559322
Maltepe,130,4.0,30.0,1450000.0,0.0,3.0,8,Doğalgaz,Emlakjet,1.0,12,31.707317073170735,3,4.875197323201151,1.6094379124341003,520.0,3900.0,4097244.968911917,0,0.0,0.3703703703703704,Maltepe_4,5687843.023255814
Maltepe,125,4.0,4.0,4600000.0,0.0,3.0,8,Doğalgaz,Emlakjet,1.0,12,30.487804878048784,0,4.836281906951478,1.6094379124341003,500.0,500.0,4097244.968911917,0,0.0,0.3703703703703704,Maltepe_4,5687843.023255814
Maltepe,95,3.0,30.0,750000.0,0.0,3.0,8,Doğalgaz,Emlakjet,1.0,12,30.64516129032258,3,4.564348191467836,1.3862943611198906,285.0,2850.0,4097244.968911917,0,0.0,0.3703703703703704,Maltepe_3,3813252.9011627906
Maltepe,140,4.0,30.0,1600000.0,0.0,3.0,8,Doğalgaz,Emlakjet,1.0,12,34.146341463414636,3,4.948759890378168,1.6094379124341003,560.0,4200.0,4097244.968911917,0,0.0,0.3703703703703704,Maltepe_4,5687843.023255814
Maltepe,100,3.0,10.0,1650000.0,0.0,3.0,8,Doğalgaz,Emlakjet,1.0,12,32.25806451612903,1,4.61512051684126,1.3862943611198906,300.0,1000.0,4097244.968911917,0,0.0,0.3703703703703704,Maltepe_3,3813252.9011627906
Maltepe,110,4.0,4.0,1400000.0,0.0,3.0,8,Doğalgaz,Emlakjet,1.0,12,26.82926829268293,0,4.709530201312334,1.6094379124341003,440.0,440.0,4097244.968911917,0,0.0,0.3703703703703704,Maltepe_4,5687843.023255814
Maltepe,100,3.0,10.0,1875000.0,0.0,3.0,8,Doğalgaz,Emlakjet,1.0,12,32.25806451612903,1,4.61512051684126,1.3862943611198906,300.0,1000.0,4097244.968911917,0,0.0,0.3703703703703704,Maltepe_3,3813252.9011627906
Maltepe,92,3.0,10.0,1474000.0,0.0,3.0,8,Doğalgaz,Emlakjet,1.0,12,29.677419354838708,1,4.532599493153256,1.3862943611198906,276.0,920.0,4097244.968911917,0,0.0,0.3703703703703704,Maltepe_3,3813252.9011627906
Maltepe,75,3.0,13.0,760000.0,0.0,3.0,8,Doğalgaz,Emlakjet,1.0,12,24.193548387096772,2,4.330733340286331,1.3862943611198906,225.0,975.0,4097244.968911917,0,0.0,0.3703703703703704,Maltepe_3,3813252.9011627906
Maltepe,159,4.0,7.5,4500000.0,0.0,3.0,8,Doğalgaz,Emlakjet,1.0,12,38.78048780487805,1,5.075173815233827,1.6094379124341003,636.0,1192.5,4097244.968911917,0,0.0,0.3703703703703704,Maltepe_4,5687843.023255814
Maltepe,180,5.0,30.0,3650000.0,0.0,3.0,8,Doğalgaz,Emlakjet,1.0,12,35.294117647058826,3,5.198497031265826,1.791759469228055,900.0,5400.0,4097244.968911917,0,0.0,0.3703703703703704,Maltepe_5,3470460.5263157897
Maltepe,162,2.0,10.0,3368059.0,0.0,3.0,8,Doğalgaz,Emlakjet,1.0,12,77.14285714285714,1,5.093750200806762,1.0986122886681098,324.0,1620.0,4097244.968911917,0,0.0,0.3703703703703704,Maltepe_2,2357289.13559322
Maltepe,80,3.0,7.5,580000.0,0.0,3.0,8,Doğalgaz,Emlakjet,1.0,12,25.806451612903224,1,4.394449154672439,1.3862943611198906,240.0,600.0,4097244.968911917,0,0.0,0.3703703703703704,Maltepe_3,3813252.9011627906
Maltepe,62,2.0,7.5,1350000.0,0.0,3.0,8,Doğalgaz,Emlakjet,1.0,12,29.523809523809522,1,4.143134726391533,1.0986122886681098,124.0,465.0,4097244.968911917,0,0.0,0.3703703703703704,Maltepe_2,2357289.13559322
Maltepe,60,2.0,10.0,3100000.0,0.0,3.0,8,Doğalgaz,Emlakjet,1.0,12,28.57142857142857,1,4.110873864173311,1.0986122886681098,120.0,600.0,4097244.968911917,0,0.0,0.3703703703703704,Maltepe_2,2357289.13559322
Maltepe,100,3.0,10.0,1125000.0,0.0,3.0,8,Doğalgaz,Emlakjet,1.0,12,32.25806451612903,1,4.61512051684126,1.3862943611198906,300.0,1000.0,4097244.968911917,0,0.0,0.3703703703703704,Maltepe_3,3813252.9011627906
Maltepe,145,4.0,7.5,2950000.0,0.0,3.0,8,Doğalgaz,Emlakjet,1.0,12,35.36585365853659,1,4.983606621708336,1.6094379124341003,580.0,1087.5,4097244.968911917,0,0.0,0.3703703703703704,Maltepe_4,5687843.023255814
Maltepe,120,3.0,10.0,4400000.0,0.0,3.0,8,Doğalgaz,Emlakjet,1.0,12,38.70967741935484,1,4.795790545596741,1.3862943611198906,360.0,1200.0,4097244.968911917,0,0.0,0.3703703703703704,Maltepe_3,3813252.9011627906
Maltepe,160,4.0,7.5,2450000.0,0.0,3.0,8,Doğalgaz,Emlakjet,1.0,12,39.024390243902445,1,5.081404364984463,1.6094379124341003,640.0,1200.0,4097244.968911917,0,0.0,0.3703703703703704,Maltepe_4,5687843.023255814
Maltepe,195,5.0,10.0,2900000.0,0.0,3.0,8,Doğalgaz,Emlakjet,1.0,12,38.23529411764706,1,5.278114659230517,1.791759469228055,975.0,1950.0,4097244.968911917,0,0.0,0.3703703703703704,Maltepe_5,3470460.5263157897
Maltepe,130,4.0,30.0,1750000.0,0.0,3.0,8,Doğalgaz,Emlakjet,1.0,12,31.707317073170735,3,4.875197323201151,1.6094379124341003,520.0,3900.0,4097244.968911917,0,0.0,0.3703703703703704,Maltepe_4,5687843.023255814
Maltepe,95,3.0,30.0,900000.0,0.0,3.0,8,Doğalgaz,Emlakjet,1.0,12,30.64516129032258,3,4.564348191467836,1.3862943611198906,285.0,2850.0,4097244.968911917,0,0.0,0.3703703703703704,Maltepe_3,3813252.9011627906
Maltepe,95,3.0,30.0,925000.0,0.0,3.0,8,Doğalgaz,Emlakjet,1.0,12,30.64516129032258,3,4.564348191467836,1.3862943611198906,285.0,2850.0,4097244.968911917,0,0.0,0.3703703703703704,Maltepe_3,3813252.9011627906
Maltepe,55,2.0,7.5,760000.0,0.0,3.0,8,Doğalgaz,Emlakjet,1.0,12,26.19047619047619,1,4.02535169073515,1.0986122886681098,110.0,412.5,4097244.968911917,0,0.0,0.3703703703703704,Maltepe_2,2357289.13559322
Maltepe,85,3.0,4.0,1550000.0,0.0,3.0,8,Doğalgaz,Emlakjet,1.0,12,27.419354838709676,0,4.454347296253507,1.3862943611198906,255.0,340.0,4097244.968911917,0,0.0,0.3703703703703704,Maltepe_3,3813252.9011627906
Maltepe,85,3.0,4.0,1500000.0,0.0,3.0,8,Doğalgaz,Emlakjet,1.0,12,27.419354838709676,0,4.454347296253507,1.3862943611198906,255.0,340.0,4097244.968911917,0,0.0,0.3703703703703704,Maltepe_3,3813252.9011627906
Maltepe,85,3.0,7.5,725000.0,0.0,3.0,8,Doğalgaz,Emlakjet,1.0,12,27.419354838709676,1,4.454347296253507,1.3862943611198906,255.0,637.5,4097244.968911917,0,0.0,0.3703703703703704,Maltepe_3,3813252.9011627906
Maltepe,65,2.0,10.0,925000.0,0.0,3.0,8,Doğalgaz,Emlakjet,1.0,12,30.952380952380953,1,4.189654742026425,1.0986122886681098,130.0,650.0,4097244.968911917,0,0.0,0.3703703703703704,Maltepe_2,2357289.13559322
Maltepe,95,3.0,3.0,1650000.0,0.0,3.0,8,Doğalgaz,Emlakjet,1.0,12,30.64516129032258,0,4.564348191467836,1.3862943611198906,285.0,285.0,4097244.968911917,0,0.0,0.3703703703703704,Maltepe_3,3813252.9011627906
Maltepe,102,3.0,2.0,1825000.0,0.0,3.0,8,Doğalgaz,Emlakjet,1.0,12,32.90322580645161,0,4.634728988229636,1.3862943611198906,306.0,204.0,4097244.968911917,0,0.0,0.3703703703703704,Maltepe_3,3813252.9011627906
Maltepe,90,3.0,7.5,1345000.0,0.0,3.0,8,Doğalgaz,Emlakjet,1.0,12,29.032258064516128,1,4.51085950651685,1.3862943611198906,270.0,675.0,4097244.968911917,0,0.0,0.3703703703703704,Maltepe_3,3813252.9011627906
Maltepe,138,4.0,7.5,2950000.0,0.0,3.0,8,Doğalgaz,Emlakjet,1.0,12,33.65853658536586,1,4.9344739331306915,1.6094379124341003,552.0,1035.0,4097244.968911917,0,0.0,0.3703703703703704,Maltepe_4,5687843.023255814
Maltepe,138,4.0,7.5,2950000.0,0.0,3.0,8,Doğalgaz,Emlakjet,1.0,12,33.65853658536586,1,4.9344739331306915,1.6094379124341003,552.0,1035.0,4097244.968911917,0,0.0,0.3703703703703704,Maltepe_4,5687843.023255814
Maltepe,87,3.0,10.0,1230000.0,0.0,3.0,8,Doğalgaz,Emlakjet,1.0,12,28.064516129032256,1,4.477336814478207,1.3862943611198906,261.0,870.0,4097244.968911917,0,0.0,0.3703703703703704,Maltepe_3,3813252.9011627906
Maltepe,45,3.0,7.5,760000.0,0.0,3.0,8,Doğalgaz,Emlakjet,1.0,12,14.516129032258064,1,3.828641396489095,1.3862943611198906,135.0,337.5,4097244.968911917,0,0.0,0.3703703703703704,Maltepe_3,3813252.9011627906
Maltepe,90,3.0,7.5,1300000.0,0.0,3.0,8,Doğalgaz,Emlakjet,1.0,12,29.032258064516128,1,4.51085950651685,1.3862943611198906,270.0,675.0,4097244.968911917,0,0.0,0.3703703703703704,Maltepe_3,3813252.9011627906
Maltepe,185,4.0,30.0,485000.0,0.0,3.0,8,Doğalgaz,Emlakjet,1.0,12,45.1219512195122,3,5.225746673713202,1.6094379124341003,740.0,5550.0,4097244.968911917,0,0.0,0.3703703703703704,Maltepe_4,5687843.023255814
Maltepe,121,3.0,10.0,3850000.0,0.0,3.0,8,Doğalgaz,Emlakjet,1.0,12,39.03225806451613,1,4.804021044733257,1.3862943611198906,363.0,1210.0,4097244.968911917,0,0.0,0.3703703703703704,Maltepe_3,3813252.9011627906
Maltepe,121,3.0,10.0,3900000.0,0.0,3.0,8,Doğalgaz,Emlakjet,1.0,12,39.03225806451613,1,4.804021044733257,1.3862943611198906,363.0,1210.0,4097244.968911917,0,0.0,0.3703703703703704,Maltepe_3,3813252.9011627906
Maltepe,121,3.0,10.0,3800000.0,0.0,3.0,8,Doğalgaz,Emlakjet,1.0,12,39.03225806451613,1,4.804021044733257,1.3862943611198906,363.0,1210.0,4097244.968911917,0,0.0,0.3703703703703704,Maltepe_3,3813252.9011627906
Maltepe,165,4.0,10.0,4400000.0,0.0,3.0,8,Doğalgaz,Emlakjet,1.0,12,40.243902439024396,1,5.111987788356544,1.6094379124341003,660.0,1650.0,4097244.968911917,0,0.0,0.3703703703703704,Maltepe_4,5687843.023255814
Maltepe,121,3.0,10.0,3815000.0,0.0,3.0,8,Doğalgaz,Emlakjet,1.0,12,39.03225806451613,1,4.804021044733257,1.3862943611198906,363.0,1210.0,4097244.968911917,0,0.0,0.3703703703703704,Maltepe_3,3813252.9011627906
Maltepe,160,4.0,3.0,920000.0,0.0,3.0,8,Doğalgaz,Emlakjet,1.0,12,39.024390243902445,0,5.081404364984463,1.6094379124341003,640.0,480.0,4097244.968911917,0,0.0,0.3703703703703704,Maltepe_4,5687843.023255814
Maltepe,175,4.0,30.0,550000.0,0.0,3.0,8,Doğalgaz,Emlakjet,1.0,12,42.6829268292683,3,5.170483995038151,1.6094379124341003,700.0,5250.0,4097244.968911917,0,0.0,0.3703703703703704,Maltepe_4,5687843.023255814
Maltepe,121,3.0,10.0,3820000.0,0.0,3.0,8,Doğalgaz,Emlakjet,1.0,12,39.03225806451613,1,4.804021044733257,1.3862943611198906,363.0,1210.0,4097244.968911917,0,0.0,0.3703703703703704,Maltepe_3,3813252.9011627906
Maltepe,68,2.0,7.5,695000.0,0.0,3.0,8,Doğalgaz,Emlakjet,1.0,12,32.38095238095238,1,4.23410650459726,1.0986122886681098,136.0,510.0,4097244.968911917,0,0.0,0.3703703703703704,Maltepe_2,2357289.13559322
Maltepe,95,3.0,4.0,1150000.0,0.0,3.0,8,Doğalgaz,Emlakjet,1.0,12,30.64516129032258,0,4.564348191467836,1.3862943611198906,285.0,380.0,4097244.968911917,0,0.0,0.3703703703703704,Maltepe_3,3813252.9011627906
Maltepe,70,2.0,7.5,390000.0,0.0,3.0,8,Doğalgaz,Emlakjet,1.0,12,33.33333333333333,1,4.2626798770413155,1.0986122886681098,140.0,525.0,4097244.968911917,0,0.0,0.3703703703703704,Maltepe_2,2357289.13559322
Maltepe,138,4.0,7.5,2950000.0,0.0,3.0,8,Doğalgaz,Emlakjet,1.0,12,33.65853658536586,1,4.9344739331306915,1.6094379124341003,552.0,1035.0,4097244.968911917,0,0.0,0.3703703703703704,Maltepe_4,5687843.023255814
Maltepe,90,3.0,3.0,1550000.0,0.0,3.0,8,Doğalgaz,Emlakjet,1.0,12,29.032258064516128,0,4.51085950651685,1.3862943611198906,270.0,270.0,4097244.968911917,0,0.0,0.3703703703703704,Maltepe_3,3813252.9011627906
Maltepe,130,4.0,3.0,2650000.0,0.0,3.0,8,Doğalgaz,Emlakjet,1.0,12,31.707317073170735,0,4.875197323201151,1.6094379124341003,520.0,390.0,4097244.968911917,0,0.0,0.3703703703703704,Maltepe_4,5687843.023255814
Maltepe,82,3.0,10.0,1350000.0,0.0,3.0,8,Doğalgaz,Emlakjet,1.0,12,26.451612903225804,1,4.418840607796598,1.3862943611198906,246.0,820.0,4097244.968911917,0,0.0,0.3703703703703704,Maltepe_3,3813252.9011627906
Maltepe,95,3.0,2.0,1950000.0,0.0,3.0,8,Doğalgaz,Emlakjet,1.0,12,30.64516129032258,0,4.564348191467836,1.3862943611198906,285.0,190.0,4097244.968911917,0,0.0,0.3703703703703704,Maltepe_3,3813252.9011627906
Maltepe,135,4.0,30.0,1450000.0,0.0,3.0,8,Doğalgaz,Emlakjet,1.0,12,32.926829268292686,3,4.912654885736052,1.6094379124341003,540.0,4050.0,4097244.968911917,0,0.0,0.3703703703703704,Maltepe_4,5687843.023255814
Maltepe,190,6.0,4.0,2750000.0,0.0,3.0,8,Doğalgaz,Emlakjet,1.0,12,31.14754098360656,0,5.25227342804663,1.9459101490553132,1140.0,760.0,4097244.968911917,0,0.0,0.3703703703703704,Maltepe_6,5247962.962962963
Maltepe,180,5.0,30.0,1775000.0,0.0,3.0,8,Doğalgaz,Emlakjet,1.0,12,35.294117647058826,3,5.198497031265826,1.791759469228055,900.0,5400.0,4097244.968911917,0,0.0,0.3703703703703704,Maltepe_5,3470460.5263157897
Maltepe,95,3.0,30.0,925000.0,0.0,3.0,8,Doğalgaz,Emlakjet,1.0,12,30.64516129032258,3,4.564348191467836,1.3862943611198906,285.0,2850.0,4097244.968911917,0,0.0,0.3703703703703704,Maltepe_3,3813252.9011627906
Maltepe,100,3.0,30.0,749000.0,0.0,3.0,8,Doğalgaz,Emlakjet,1.0,12,32.25806451612903,3,4.61512051684126,1.3862943611198906,300.0,3000.0,4097244.968911917,0,0.0,0.3703703703703704,Maltepe_3,3813252.9011627906
Maltepe,180,5.0,10.0,2400000.0,0.0,3.0,8,Doğalgaz,Emlakjet,1.0,12,35.294117647058826,1,5.198497031265826,1.791759469228055,900.0,1800.0,4097244.968911917,0,0.0,0.3703703703703704,Maltepe_5,3470460.5263157897
Maltepe,85,3.0,30.0,700000.0,0.0,3.0,8,Doğalgaz,Emlakjet,1.0,12,27.419354838709676,3,4.454347296253507,1.3862943611198906,255.0,2550.0,4097244.968911917,0,0.0,0.3703703703703704,Maltepe_3,3813252.9011627906
Maltepe,92,3.0,10.0,1100000.0,0.0,3.0,8,Doğalgaz,Emlakjet,1.0,12,29.677419354838708,1,4.532599493153256,1.3862943611198906,276.0,920.0,4097244.968911917,0,0.0,0.3703703703703704,Maltepe_3,3813252.9011627906
Maltepe,50,2.0,7.5,760000.0,0.0,3.0,8,Doğalgaz,Emlakjet,1.0,12,23.80952380952381,1,3.9318256327243257,1.0986122886681098,100.0,375.0,4097244.968911917,0,0.0,0.3703703703703704,Maltepe_2,2357289.13559322
Maltepe,62,2.0,7.5,1325000.0,0.0,3.0,8,Doğalgaz,Emlakjet,1.0,12,29.523809523809522,1,4.143134726391533,1.0986122886681098,124.0,465.0,4097244.968911917,0,0.0,0.3703703703703704,Maltepe_2,2357289.13559322
Maltepe,90,3.0,18.0,310000.0,0.0,3.0,8,Doğalgaz,Emlakjet,1.0,12,29.032258064516128,2,4.51085950651685,1.3862943611198906,270.0,1620.0,4097244.968911917,0,0.0,0.3703703703703704,Maltepe_3,3813252.9011627906
Maltepe,75,2.0,4.0,439000.0,0.0,3.0,8,Doğalgaz,Emlakjet,1.0,12,35.714285714285715,0,4.330733340286331,1.0986122886681098,150.0,300.0,4097244.968911917,0,0.0,0.3703703703703704,Maltepe_2,2357289.13559322
Maltepe,100,3.0,18.0,465000.0,0.0,3.0,8,Doğalgaz,Emlakjet,1.0,12,32.25806451612903,2,4.61512051684126,1.3862943611198906,300.0,1800.0,4097244.968911917,0,0.0,0.3703703703703704,Maltepe_3,3813252.9011627906
Maltepe,90,3.0,30.0,925000.0,0.0,3.0,8,Doğalgaz,Emlakjet,1.0,12,29.032258064516128,3,4.51085950651685,1.3862943611198906,270.0,2700.0,4097244.968911917,0,0.0,0.3703703703703704,Maltepe_3,3813252.9011627906
Maltepe,90,3.0,13.0,1485000.0,0.0,3.0,8,Doğalgaz,Emlakjet,1.0,12,29.032258064516128,2,4.51085950651685,1.3862943611198906,270.0,1170.0,4097244.968911917,0,0.0,0.3703703703703704,Maltepe_3,3813252.9011627906
Maltepe,120,4.0,1.0,900000.0,0.0,3.0,8,Doğalgaz,Emlakjet,1.0,12,29.26829268292683,0,4.795790545596741,1.6094379124341003,480.0,120.0,4097244.968911917,0,0.0,0.3703703703703704,Maltepe_4,5687843.023255814
Maltepe,80,3.0,3.0,1290000.0,0.0,3.0,8,Doğalgaz,Emlakjet,1.0,12,25.806451612903224,0,4.394449154672439,1.3862943611198906,240.0,240.0,4097244.968911917,0,0.0,0.3703703703703704,Maltepe_3,3813252.9011627906
Maltepe,92,3.0,10.0,1100000.0,0.0,3.0,8,Doğalgaz,Emlakjet,1.0,12,29.677419354838708,1,4.532599493153256,1.3862943611198906,276.0,920.0,4097244.968911917,0,0.0,0.3703703703703704,Maltepe_3,3813252.9011627906
Maltepe,85,3.0,7.5,914000.0,0.0,3.0,8,Doğalgaz,Emlakjet,1.0,12,27.419354838709676,1,4.454347296253507,1.3862943611198906,255.0,637.5,4097244.968911917,0,0.0,0.3703703703703704,Maltepe_3,3813252.9011627906
Maltepe,165,4.0,7.5,3200000.0,0.0,3.0,8,Doğalgaz,Emlakjet,1.0,12,40.243902439024396,1,5.111987788356544,1.6094379124341003,660.0,1237.5,4097244.968911917,0,0.0,0.3703703703703704,Maltepe_4,5687843.023255814
Maltepe,70,2.0,3.0,1034000.0,0.0,3.0,8,Doğalgaz,Emlakjet,1.0,12,33.33333333333333,0,4.2626798770413155,1.0986122886681098,140.0,210.0,4097244.968911917,0,0.0,0.3703703703703704,Maltepe_2,2357289.13559322
Maltepe,50,2.0,10.0,825000.0,0.0,3.0,8,Doğalgaz,Emlakjet,1.0,12,23.80952380952381,1,3.9318256327243257,1.0986122886681098,100.0,500.0,4097244.968911917,0,0.0,0.3703703703703704,Maltepe_2,2357289.13559322
Maltepe,180,5.0,3.0,1450000.0,0.0,3.0,8,Doğalgaz,Emlakjet,1.0,12,35.294117647058826,0,5.198497031265826,1.791759469228055,900.0,540.0,4097244.968911917,0,0.0,0.3703703703703704,Maltepe_5,3470460.5263157897
Maltepe,123,3.0,7.5,2750000.0,0.0,3.0,8,Doğalgaz,Emlakjet,1.0,12,39.67741935483871,1,4.820281565605037,1.3862943611198906,369.0,922.5,4097244.968911917,0,0.0,0.3703703703703704,Maltepe_3,3813252.9011627906
Maltepe,75,2.0,4.0,465000.0,0.0,3.0,8,Doğalgaz,Emlakjet,1.0,12,35.714285714285715,0,4.330733340286331,1.0986122886681098,150.0,300.0,4097244.968911917,0,0.0,0.3703703703703704,Maltepe_2,2357289.13559322
Maltepe,240,6.0,10.0,1865000.0,0.0,3.0,8,Doğalgaz,Emlakjet,1.0,12,39.34426229508197,1,5.484796933490655,1.9459101490553132,1440.0,2400.0,4097244.968911917,0,0.0,0.3703703703703704,Maltepe_6,5247962.962962963
Maltepe,90,3.0,7.5,844000.0,0.0,3.0,8,Doğalgaz,Emlakjet,1.0,12,29.032258064516128,1,4.51085950651685,1.3862943611198906,270.0,675.0,4097244.968911917,0,0.0,0.3703703703703704,Maltepe_3,3813252.9011627906
Maltepe,74,2.0,7.5,1600000.0,0.0,3.0,8,Doğalgaz,Emlakjet,1.0,12,35.238095238095234,1,4.31748811353631,1.0986122886681098,148.0,555.0,4097244.968911917,0,0.0,0.3703703703703704,Maltepe_2,2357289.13559322
Maltepe,75,2.0,7.5,2100000.0,0.0,3.0,8,Doğalgaz,Emlakjet,1.0,12,35.714285714285715,1,4.330733340286331,1.0986122886681098,150.0,562.5,4097244.968911917,0,0.0,0.3703703703703704,Maltepe_2,2357289.13559322
Maltepe,150,4.0,13.0,2935000.0,0.0,3.0,8,Doğalgaz,Emlakjet,1.0,12,36.58536585365854,2,5.017279836814924,1.6094379124341003,600.0,1950.0,4097244.968911917,0,0.0,0.3703703703703704,Maltepe_4,5687843.023255814
Maltepe,90,3.0,7.5,519000.0,0.0,3.0,8,Doğalgaz,Emlakjet,1.0,12,29.032258064516128,1,4.51085950651685,1.3862943611198906,270.0,675.0,4097244.968911917,0,0.0,0.3703703703703704,Maltepe_3,3813252.9011627906
Maltepe,92,3.0,10.0,1050000.0,0.0,3.0,8,Doğalgaz,Emlakjet,1.0,12,29.677419354838708,1,4.532599493153256,1.3862943611198906,276.0,920.0,4097244.968911917,0,0.0,0.3703703703703704,Maltepe_3,3813252.9011627906
Maltepe,111,3.0,7.5,2250000.0,0.0,3.0,8,Doğalgaz,Emlakjet,1.0,12,35.806451612903224,1,4.718498871295094,1.3862943611198906,333.0,832.5,4097244.968911917,0,0.0,0.3703703703703704,Maltepe_3,3813252.9011627906
Maltepe,95,3.0,10.0,910000.0,0.0,3.0,8,Doğalgaz,Emlakjet,1.0,12,30.64516129032258,1,4.564348191467836,1.3862943611198906,285.0,950.0,4097244.968911917,0,0.0,0.3703703703703704,Maltepe_3,3813252.9011627906
Maltepe,155,4.0,2.0,2450000.0,0.0,3.0,8,Doğalgaz,Emlakjet,1.0,12,37.80487804878049,0,5.049856007249537,1.6094379124341003,620.0,310.0,4097244.968911917,0,0.0,0.3703703703703704,Maltepe_4,5687843.023255814
Maltepe,80,3.0,30.0,195000.0,0.0,3.0,8,Doğalgaz,Emlakjet,1.0,12,25.806451612903224,3,4.394449154672439,1.3862943611198906,240.0,2400.0,4097244.968911917,0,0.0,0.3703703703703704,Maltepe_3,3813252.9011627906
Maltepe,115,4.0,7.5,920000.0,0.0,3.0,8,Doğalgaz,Emlakjet,1.0,12,28.04878048780488,1,4.7535901911063645,1.6094379124341003,460.0,862.5,4097244.968911917,0,0.0,0.3703703703703704,Maltepe_4,5687843.023255814
Maltepe,150,5.0,30.0,550000.0,0.0,3.0,8,Doğalgaz,Emlakjet,1.0,12,29.411764705882355,3,5.017279836814924,1.791759469228055,750.0,4500.0,4097244.968911917,0,0.0,0.3703703703703704,Maltepe_5,3470460.5263157897
Maltepe,190,6.0,3.0,2750000.0,0.0,3.0,8,Doğalgaz,Emlakjet,1.0,12,31.14754098360656,0,5.25227342804663,1.9459101490553132,1140.0,570.0,4097244.968911917,0,0.0,0.3703703703703704,Maltepe_6,5247962.962962963
Maltepe,120,4.0,7.5,1475000.0,0.0,3.0,8,Doğalgaz,Emlakjet,1.0,12,29.26829268292683,1,4.795790545596741,1.6094379124341003,480.0,900.0,4097244.968911917,0,0.0,0.3703703703703704,Maltepe_4,5687843.023255814
Maltepe,125,4.0,30.0,2950000.0,0.0,3.0,8,Doğalgaz,Emlakjet,1.0,12,30.487804878048784,3,4.836281906951478,1.6094379124341003,500.0,3750.0,4097244.968911917,0,0.0,0.3703703703703704,Maltepe_4,5687843.023255814
Maltepe,90,3.0,7.5,1325000.0,0.0,3.0,8,Doğalgaz,Emlakjet,1.0,12,29.032258064516128,1,4.51085950651685,1.3862943611198906,270.0,675.0,4097244.968911917,0,0.0,0.3703703703703704,Maltepe_3,3813252.9011627906
Maltepe,130,4.0,7.5,2050000.0,0.0,3.0,8,Doğalgaz,Emlakjet,1.0,12,31.707317073170735,1,4.875197323201151,1.6094379124341003,520.0,975.0,4097244.968911917,0,0.0,0.3703703703703704,Maltepe_4,5687843.023255814
Maltepe,80,3.0,2.0,1950000.0,0.0,3.0,8,Doğalgaz,Emlakjet,1.0,12,25.806451612903224,0,4.394449154672439,1.3862943611198906,240.0,160.0,4097244.968911917,0,0.0,0.3703703703703704,Maltepe_3,3813252.9011627906
Maltepe,90,3.0,30.0,750000.0,0.0,3.0,8,Doğalgaz,Emlakjet,1.0,12,29.032258064516128,3,4.51085950651685,1.3862943611198906,270.0,2700.0,4097244.968911917,0,0.0,0.3703703703703704,Maltepe_3,3813252.9011627906
Maltepe,90,3.0,2.0,1070000.0,0.0,3.0,8,Doğalgaz,Emlakjet,1.0,12,29.032258064516128,0,4.51085950651685,1.3862943611198906,270.0,180.0,4097244.968911917,0,0.0,0.3703703703703704,Maltepe_3,3813252.9011627906
Maltepe,67,2.0,7.5,1850000.0,0.0,3.0,8,Doğalgaz,Emlakjet,1.0,12,31.904761904761905,1,4.219507705176107,1.0986122886681098,134.0,502.5,4097244.968911917,0,0.0,0.3703703703703704,Maltepe_2,2357289.13559322
Maltepe,210,5.0,10.0,2850000.0,0.0,3.0,8,Doğalgaz,Emlakjet,1.0,12,41.1764705882353,1,5.351858133476067,1.791759469228055,1050.0,2100.0,4097244.968911917,0,0.0,0.3703703703703704,Maltepe_5,3470460.5263157897
Maltepe,180,5.0,7.5,3500000.0,0.0,3.0,8,Doğalgaz,Emlakjet,1.0,12,35.294117647058826,1,5.198497031265826,1.791759469228055,900.0,1350.0,4097244.968911917,0,0.0,0.3703703703703704,Maltepe_5,3470460.5263157897
Maltepe,55,2.0,7.5,1800000.0,0.0,3.0,8,Doğalgaz,Emlakjet,1.0,12,26.19047619047619,1,4.02535169073515,1.0986122886681098,110.0,412.5,4097244.968911917,0,0.0,0.3703703703703704,Maltepe_2,2357289.13559322
Maltepe,60,2.0,7.5,2150000.0,0.0,3.0,8,Doğalgaz,Emlakjet,1.0,12,28.57142857142857,1,4.110873864173311,1.0986122886681098,120.0,450.0,4097244.968911917,0,0.0,0.3703703703703704,Maltepe_2,2357289.13559322
Maltepe,60,2.0,7.5,1260000.0,0.0,3.0,8,Doğalgaz,Emlakjet,1.0,12,28.57142857142857,1,4.110873864173311,1.0986122886681098,120.0,450.0,4097244.968911917,0,0.0,0.3703703703703704,Maltepe_2,2357289.13559322
Maltepe,55,3.0,7.5,1300000.0,0.0,3.0,8,Doğalgaz,Emlakjet,1.0,12,17.741935483870968,1,4.02535169073515,1.3862943611198906,165.0,412.5,4097244.968911917,0,0.0,0.3703703703703704,Maltepe_3,3813252.9011627906
Maltepe,95,3.0,7.5,1485000.0,0.0,3.0,8,Doğalgaz,Emlakjet,1.0,12,30.64516129032258,1,4.564348191467836,1.3862943611198906,285.0,712.5,4097244.968911917,0,0.0,0.3703703703703704,Maltepe_3,3813252.9011627906
Maltepe,110,4.0,30.0,950000.0,0.0,3.0,8,Doğalgaz,Emlakjet,1.0,12,26.82926829268293,3,4.709530201312334,1.6094379124341003,440.0,3300.0,4097244.968911917,0,0.0,0.3703703703703704,Maltepe_4,5687843.023255814
Maltepe,180,5.0,10.0,2750000.0,0.0,3.0,8,Doğalgaz,Emlakjet,1.0,12,35.294117647058826,1,5.198497031265826,1.791759469228055,900.0,1800.0,4097244.968911917,0,0.0,0.3703703703703704,Maltepe_5,3470460.5263157897
Maltepe,180,5.0,7.5,2275000.0,0.0,3.0,8,Doğalgaz,Emlakjet,1.0,12,35.294117647058826,1,5.198497031265826,1.791759469228055,900.0,1350.0,4097244.968911917,0,0.0,0.3703703703703704,Maltepe_5,3470460.5263157897
Maltepe,240,6.0,10.0,1865000.0,0.0,3.0,8,Doğalgaz,Emlakjet,1.0,12,39.34426229508197,1,5.484796933490655,1.9459101490553132,1440.0,2400.0,4097244.968911917,0,0.0,0.3703703703703704,Maltepe_6,5247962.962962963
Maltepe,60,2.0,7.5,1270000.0,0.0,3.0,8,Doğalgaz,Emlakjet,1.0,12,28.57142857142857,1,4.110873864173311,1.0986122886681098,120.0,450.0,4097244.968911917,0,0.0,0.3703703703703704,Maltepe_2,2357289.13559322
Maltepe,80,3.0,30.0,475000.0,0.0,3.0,8,Doğalgaz,Emlakjet,1.0,12,25.806451612903224,3,4.394449154672439,1.3862943611198906,240.0,2400.0,4097244.968911917,0,0.0,0.3703703703703704,Maltepe_3,3813252.9011627906
Maltepe,400,8.0,7.5,3250000.0,0.0,3.0,8,Doğalgaz,Emlakjet,1.0,12,49.382716049382715,1,5.993961427306569,2.1972245773362196,3200.0,3000.0,4097244.968911917,0,0.0,0.3703703703703704,Maltepe_8,3250000.0
Maltepe,200,5.0,30.0,2675000.0,0.0,3.0,8,Doğalgaz,Emlakjet,1.0,12,39.21568627450981,3,5.303304908059076,1.791759469228055,1000.0,6000.0,4097244.968911917,0,0.0,0.3703703703703704,Maltepe_5,3470460.5263157897
Maltepe,90,3.0,10.0,1575000.0,0.0,3.0,8,Doğalgaz,Emlakjet,1.0,12,29.032258064516128,1,4.51085950651685,1.3862943611198906,270.0,900.0,4097244.968911917,0,0.0,0.3703703703703704,Maltepe_3,3813252.9011627906
Maltepe,200,6.0,7.5,2400000.0,0.0,3.0,8,Doğalgaz,Emlakjet,1.0,12,32.786885245901644,1,5.303304908059076,1.9459101490553132,1200.0,1500.0,4097244.968911917,0,0.0,0.3703703703703704,Maltepe_6,5247962.962962963
Maltepe,185,5.0,7.5,1830000.0,0.0,3.0,8,Doğalgaz,Emlakjet,1.0,12,36.27450980392157,1,5.225746673713202,1.791759469228055,925.0,1387.5,4097244.968911917,0,0.0,0.3703703703703704,Maltepe_5,3470460.5263157897
Maltepe,125,4.0,10.0,2000000.0,0.0,3.0,8,Doğalgaz,Emlakjet,1.0,12,30.487804878048784,1,4.836281906951478,1.6094379124341003,500.0,1250.0,4097244.968911917,0,0.0,0.3703703703703704,Maltepe_4,5687843.023255814
Maltepe,90,3.0,10.0,1175000.0,0.0,3.0,8,Doğalgaz,Emlakjet,1.0,12,29.032258064516128,1,4.51085950651685,1.3862943611198906,270.0,900.0,4097244.968911917,0,0.0,0.3703703703703704,Maltepe_3,3813252.9011627906
Maltepe,240,6.0,10.0,1875000.0,0.0,3.0,8,Doğalgaz,Emlakjet,1.0,12,39.34426229508197,1,5.484796933490655,1.9459101490553132,1440.0,2400.0,4097244.968911917,0,0.0,0.3703703703703704,Maltepe_6,5247962.962962963
Maltepe,160,4.0,10.0,1300000.0,0.0,3.0,8,Doğalgaz,Emlakjet,1.0,12,39.024390243902445,1,5.081404364984463,1.6094379124341003,640.0,1600.0,4097244.968911917,0,0.0,0.3703703703703704,Maltepe_4,5687843.023255814
Maltepe,50,2.0,2.0,900000.0,0.0,3.0,8,Doğalgaz,Emlakjet,1.0,12,23.80952380952381,0,3.9318256327243257,1.0986122886681098,100.0,100.0,4097244.968911917,0,0.0,0.3703703703703704,Maltepe_2,2357289.13559322
Maltepe,240,6.0,10.0,1720000.0,0.0,3.0,8,Doğalgaz,Emlakjet,1.0,12,39.34426229508197,1,5.484796933490655,1.9459101490553132,1440.0,2400.0,4097244.968911917,0,0.0,0.3703703703703704,Maltepe_6,5247962.962962963
Maltepe,90,3.0,3.0,1360000.0,0.0,3.0,8,Doğalgaz,Emlakjet,1.0,12,29.032258064516128,0,4.51085950651685,1.3862943611198906,270.0,270.0,4097244.968911917,0,0.0,0.3703703703703704,Maltepe_3,3813252.9011627906
Maltepe,75,2.0,7.5,510000.0,0.0,3.0,8,Doğalgaz,Emlakjet,1.0,12,35.714285714285715,1,4.330733340286331,1.0986122886681098,150.0,562.5,4097244.968911917,0,0.0,0.3703703703703704,Maltepe_2,2357289.13559322
Maltepe,120,4.0,7.5,980000.0,0.0,3.0,8,Doğalgaz,Emlakjet,1.0,12,29.26829268292683,1,4.795790545596741,1.6094379124341003,480.0,900.0,4097244.968911917,0,0.0,0.3703703703703704,Maltepe_4,5687843.023255814
Maltepe,130,4.0,30.0,1450000.0,0.0,3.0,8,Doğalgaz,Emlakjet,1.0,12,31.707317073170735,3,4.875197323201151,1.6094379124341003,520.0,3900.0,4097244.968911917,0,0.0,0.3703703703703704,Maltepe_4,5687843.023255814
Maltepe,120,4.0,10.0,2175000.0,0.0,3.0,8,Doğalgaz,Emlakjet,1.0,12,29.26829268292683,1,4.795790545596741,1.6094379124341003,480.0,1200.0,4097244.968911917,0,0.0,0.3703703703703704,Maltepe_4,5687843.023255814
Maltepe,130,4.0,4.0,2650000.0,0.0,3.0,8,Doğalgaz,Emlakjet,1.0,12,31.707317073170735,0,4.875197323201151,1.6094379124341003,520.0,520.0,4097244.968911917,0,0.0,0.3703703703703704,Maltepe_4,5687843.023255814
Maltepe,67,2.0,4.0,1750000.0,0.0,3.0,8,Doğalgaz,Emlakjet,1.0,12,31.904761904761905,0,4.219507705176107,1.0986122886681098,134.0,268.0,4097244.968911917,0,0.0,0.3703703703703704,Maltepe_2,2357289.13559322
Maltepe,52,3.0,4.0,795000.0,0.0,3.0,8,Doğalgaz,Emlakjet,1.0,12,16.774193548387096,0,3.970291913552122,1.3862943611198906,156.0,208.0,4097244.968911917,0,0.0,0.3703703703703704,Maltepe_3,3813252.9011627906
Maltepe,67,2.0,4.0,1100000.0,0.0,3.0,8,Doğalgaz,Emlakjet,1.0,12,31.904761904761905,0,4.219507705176107,1.0986122886681098,134.0,268.0,4097244.968911917,0,0.0,0.3703703703703704,Maltepe_2,2357289.13559322
Maltepe,120,4.0,30.0,1450000.0,0.0,3.0,8,Doğalgaz,Emlakjet,1.0,12,29.26829268292683,3,4.795790545596741,1.6094379124341003,480.0,3600.0,4097244.968911917,0,0.0,0.3703703703703704,Maltepe_4,5687843.023255814
Maltepe,55,2.0,2.0,930000.0,0.0,3.0,8,Doğalgaz,Emlakjet,1.0,12,26.19047619047619,0,4.02535169073515,1.0986122886681098,110.0,110.0,4097244.968911917,0,0.0,0.3703703703703704,Maltepe_2,2357289.13559322
Maltepe,85,3.0,2.0,645000.0,0.0,3.0,8,Doğalgaz,Emlakjet,1.0,12,27.419354838709676,0,4.454347296253507,1.3862943611198906,255.0,170.0,4097244.968911917,0,0.0,0.3703703703703704,Maltepe_3,3813252.9011627906
Maltepe,270,7.0,10.0,5500000.0,0.0,3.0,8,Doğalgaz,Emlakjet,1.0,12,38.02816901408451,1,5.602118820879701,2.0794415416798357,1890.0,2700.0,4097244.968911917,0,0.0,0.3703703703703704,Maltepe_7,6866666.666666667
Maltepe,100,3.0,10.0,1225000.0,0.0,3.0,8,Doğalgaz,Emlakjet,1.0,12,32.25806451612903,1,4.61512051684126,1.3862943611198906,300.0,1000.0,4097244.968911917,0,0.0,0.3703703703703704,Maltepe_3,3813252.9011627906
Maltepe,155,4.0,4.0,2450000.0,0.0,3.0,8,Doğalgaz,Emlakjet,1.0,12,37.80487804878049,0,5.049856007249537,1.6094379124341003,620.0,620.0,4097244.968911917,0,0.0,0.3703703703703704,Maltepe_4,5687843.023255814
Maltepe,144,4.0,7.5,2660000.0,0.0,3.0,8,Doğalgaz,Emlakjet,1.0,12,35.1219512195122,1,4.976733742420574,1.6094379124341003,576.0,1080.0,4097244.968911917,0,0.0,0.3703703703703704,Maltepe_4,5687843.023255814
Maltepe,62,2.0,7.5,1275000.0,0.0,3.0,8,Doğalgaz,Emlakjet,1.0,12,29.523809523809522,1,4.143134726391533,1.0986122886681098,124.0,465.0,4097244.968911917,0,0.0,0.3703703703703704,Maltepe_2,2357289.13559322
Maltepe,150,5.0,10.0,2700000.0,0.0,3.0,8,Doğalgaz,Emlakjet,1.0,12,29.411764705882355,1,5.017279836814924,1.791759469228055,750.0,1500.0,4097244.968911917,0,0.0,0.3703703703703704,Maltepe_5,3470460.5263157897
Maltepe,85,3.0,7.5,619000.0,0.0,3.0,8,Doğalgaz,Emlakjet,1.0,12,27.419354838709676,1,4.454347296253507,1.3862943611198906,255.0,637.5,4097244.968911917,0,0.0,0.3703703703703704,Maltepe_3,3813252.9011627906
Maltepe,105,3.0,10.0,1540000.0,0.0,3.0,8,Doğalgaz,Emlakjet,1.0,12,33.87096774193548,1,4.663439094112067,1.3862943611198906,315.0,1050.0,4097244.968911917,0,0.0,0.3703703703703704,Maltepe_3,3813252.9011627906
Maltepe,60,2.0,1.0,1980000.0,0.0,3.0,8,Doğalgaz,Emlakjet,1.0,12,28.57142857142857,0,4.110873864173311,1.0986122886681098,120.0,60.0,4097244.968911917,0,0.0,0.3703703703703704,Maltepe_2,2357289.13559322
Maltepe,100,3.0,10.0,1380000.0,0.0,3.0,8,Doğalgaz,Emlakjet,1.0,12,32.25806451612903,1,4.61512051684126,1.3862943611198906,300.0,1000.0,4097244.968911917,0,0.0,0.3703703703703704,Maltepe_3,3813252.9011627906
Maltepe,130,3.0,10.0,2150000.0,0.0,3.0,8,Doğalgaz,Emlakjet,1.0,12,41.935483870967744,1,4.875197323201151,1.3862943611198906,390.0,1300.0,4097244.968911917,0,0.0,0.3703703703703704,Maltepe_3,3813252.9011627906
Maltepe,200,6.0,7.5,2500000.0,0.0,3.0,8,Doğalgaz,Emlakjet,1.0,12,32.786885245901644,1,5.303304908059076,1.9459101490553132,1200.0,1500.0,4097244.968911917,0,0.0,0.3703703703703704,Maltepe_6,5247962.962962963
Maltepe,200,5.0,7.5,3000000.0,0.0,3.0,8,Doğalgaz,Emlakjet,1.0,12,39.21568627450981,1,5.303304908059076,1.791759469228055,1000.0,1500.0,4097244.968911917,0,0.0,0.3703703703703704,Maltepe_5,3470460.5263157897
Maltepe,170,6.0,10.0,2100000.0,0.0,3.0,8,Doğalgaz,Emlakjet,1.0,12,27.868852459016395,1,5.14166355650266,1.9459101490553132,1020.0,1700.0,4097244.968911917,0,0.0,0.3703703703703704,Maltepe_6,5247962.962962963
Maltepe,142,6.0,10.0,1725000.0,0.0,3.0,8,Doğalgaz,Emlakjet,1.0,12,23.278688524590166,1,4.962844630259907,1.9459101490553132,852.0,1420.0,4097244.968911917,0,0.0,0.3703703703703704,Maltepe_6,5247962.962962963
Maltepe,152,4.0,30.0,850000.0,0.0,3.0,8,Doğalgaz,Emlakjet,1.0,12,37.07317073170732,3,5.030437921392435,1.6094379124341003,608.0,4560.0,4097244.968911917,0,0.0,0.3703703703703704,Maltepe_4,5687843.023255814
Maltepe,94,3.0,10.0,1050000.0,0.0,3.0,8,Doğalgaz,Emlakjet,1.0,12,30.32258064516129,1,4.553876891600541,1.3862943611198906,282.0,940.0,4097244.968911917,0,0.0,0.3703703703703704,Maltepe_3,3813252.9011627906
Maltepe,120,4.0,30.0,1248000.0,0.0,3.0,8,Doğalgaz,Emlakjet,1.0,12,29.26829268292683,3,4.795790545596741,1.6094379124341003,480.0,3600.0,4097244.968911917,0,0.0,0.3703703703703704,Maltepe_4,5687843.023255814
Maltepe,165,4.0,30.0,2150000.0,0.0,3.0,8,Doğalgaz,Emlakjet,1.0,12,40.243902439024396,3,5.111987788356544,1.6094379124341003,660.0,4950.0,4097244.968911917,0,0.0,0.3703703703703704,Maltepe_4,5687843.023255814
Maltepe,130,3.0,18.0,830000.0,0.0,3.0,8,Doğalgaz,Emlakjet,1.0,12,41.935483870967744,2,4.875197323201151,1.3862943611198906,390.0,2340.0,4097244.968911917,0,0.0,0.3703703703703704,Maltepe_3,3813252.9011627906
Maltepe,61,2.0,7.5,1460000.0,0.0,3.0,8,Doğalgaz,Emlakjet,1.0,12,29.047619047619047,1,4.127134385045092,1.0986122886681098,122.0,457.5,4097244.968911917,0,0.0,0.3703703703703704,Maltepe_2,2357289.13559322
Maltepe,101,3.0,7.5,2250000.0,0.0,3.0,8,Doğalgaz,Emlakjet,1.0,12,32.58064516129032,1,4.624972813284271,1.3862943611198906,303.0,757.5,4097244.968911917,0,0.0,0.3703703703703704,Maltepe_3,3813252.9011627906
Maltepe,85,3.0,7.5,985000.0,0.0,3.0,8,Doğalgaz,Emlakjet,1.0,12,27.419354838709676,1,4.454347296253507,1.3862943611198906,255.0,637.5,4097244.968911917,0,0.0,0.3703703703703704,Maltepe_3,3813252.9011627906
Maltepe,110,3.0,4.0,2350000.0,0.0,3.0,8,Doğalgaz,Emlakjet,1.0,12,35.483870967741936,0,4.709530201312334,1.3862943611198906,330.0,440.0,4097244.968911917,0,0.0,0.3703703703703704,Maltepe_3,3813252.9011627906
Maltepe,188,5.0,7.5,2100000.0,0.0,3.0,8,Doğalgaz,Emlakjet,1.0,12,36.86274509803922,1,5.241747015059643,1.791759469228055,940.0,1410.0,4097244.968911917,0,0.0,0.3703703703703704,Maltepe_5,3470460.5263157897
Maltepe,80,3.0,10.0,1275000.0,0.0,3.0,8,Doğalgaz,Emlakjet,1.0,12,25.806451612903224,1,4.394449154672439,1.3862943611198906,240.0,800.0,4097244.968911917,0,0.0,0.3703703703703704,Maltepe_3,3813252.9011627906
Maltepe,260,5.0,10.0,3550000.0,0.0,3.0,8,Doğalgaz,Emlakjet,1.0,12,50.98039215686275,1,5.564520407322694,1.791759469228055,1300.0,2600.0,4097244.968911917,0,0.0,0.3703703703703704,Maltepe_5,3470460.5263157897
Maltepe,140,4.0,30.0,1250000.0,0.0,3.0,8,Doğalgaz,Emlakjet,1.0,12,34.146341463414636,3,4.948759890378168,1.6094379124341003,560.0,4200.0,4097244.968911917,0,0.0,0.3703703703703704,Maltepe_4,5687843.023255814
Maltepe,90,3.0,10.0,2850000.0,0.0,3.0,8,Doğalgaz,Emlakjet,1.0,12,29.032258064516128,1,4.51085950651685,1.3862943611198906,270.0,900.0,4097244.968911917,0,0.0,0.3703703703703704,Maltepe_3,3813252.9011627906
Maltepe,100,3.0,10.0,2900000.0,0.0,3.0,8,Doğalgaz,Emlakjet,1.0,12,32.25806451612903,1,4.61512051684126,1.3862943611198906,300.0,1000.0,4097244.968911917,0,0.0,0.3703703703703704,Maltepe_3,3813252.9011627906
Maltepe,85,3.0,30.0,760000.0,0.0,3.0,8,Doğalgaz,Emlakjet,1.0,12,27.419354838709676,3,4.454347296253507,1.3862943611198906,255.0,2550.0,4097244.968911917,0,0.0,0.3703703703703704,Maltepe_3,3813252.9011627906
Maltepe,98,3.0,1.0,1950000.0,0.0,3.0,8,Doğalgaz,Emlakjet,1.0,12,31.612903225806452,0,4.59511985013459,1.3862943611198906,294.0,98.0,4097244.968911917,0,0.0,0.3703703703703704,Maltepe_3,3813252.9011627906
Maltepe,65,2.0,10.0,965000.0,0.0,3.0,8,Doğalgaz,Emlakjet,1.0,12,30.952380952380953,1,4.189654742026425,1.0986122886681098,130.0,650.0,4097244.968911917,0,0.0,0.3703703703703704,Maltepe_2,2357289.13559322
Maltepe,90,3.0,7.5,1400000.0,0.0,3.0,8,Doğalgaz,Emlakjet,1.0,12,29.032258064516128,1,4.51085950651685,1.3862943611198906,270.0,675.0,4097244.968911917,0,0.0,0.3703703703703704,Maltepe_3,3813252.9011627906
Maltepe,200,5.0,3.0,2520000.0,0.0,3.0,8,Doğalgaz,Emlakjet,1.0,12,39.21568627450981,0,5.303304908059076,1.791759469228055,1000.0,600.0,4097244.968911917,0,0.0,0.3703703703703704,Maltepe_5,3470460.5263157897
Maltepe,150,4.0,10.0,3100000.0,0.0,3.0,8,Doğalgaz,Emlakjet,1.0,12,36.58536585365854,1,5.017279836814924,1.6094379124341003,600.0,1500.0,4097244.968911917,0,0.0,0.3703703703703704,Maltepe_4,5687843.023255814
Maltepe,85,3.0,10.0,1050000.0,0.0,3.0,8,Doğalgaz,Emlakjet,1.0,12,27.419354838709676,1,4.454347296253507,1.3862943611198906,255.0,850.0,4097244.968911917,0,0.0,0.3703703703703704,Maltepe_3,3813252.9011627906
Maltepe,180,4.0,7.5,1890000.0,0.0,3.0,8,Doğalgaz,Emlakjet,1.0,12,43.90243902439025,1,5.198497031265826,1.6094379124341003,720.0,1350.0,4097244.968911917,0,0.0,0.3703703703703704,Maltepe_4,5687843.023255814
Maltepe,125,3.0,4.0,1200000.0,0.0,3.0,8,Doğalgaz,Emlakjet,1.0,12,40.32258064516129,0,4.836281906951478,1.3862943611198906,375.0,500.0,4097244.968911917,0,0.0,0.3703703703703704,Maltepe_3,3813252.9011627906
Maltepe,120,4.0,10.0,2049000.0,0.0,3.0,8,Doğalgaz,Emlakjet,1.0,12,29.26829268292683,1,4.795790545596741,1.6094379124341003,480.0,1200.0,4097244.968911917,0,0.0,0.3703703703703704,Maltepe_4,5687843.023255814
Maltepe,133,4.0,10.0,3000000.0,0.0,3.0,8,Doğalgaz,Emlakjet,1.0,12,32.43902439024391,1,4.897839799950911,1.6094379124341003,532.0,1330.0,4097244.968911917,0,0.0,0.3703703703703704,Maltepe_4,5687843.023255814
Maltepe,175,5.0,7.5,1100000.0,0.0,3.0,8,Doğalgaz,Emlakjet,1.0,12,34.31372549019608,1,5.170483995038151,1.791759469228055,875.0,1312.5,4097244.968911917,0,0.0,0.3703703703703704,Maltepe_5,3470460.5263157897
Maltepe,130,4.0,30.0,1300000.0,0.0,3.0,8,Doğalgaz,Emlakjet,1.0,12,31.707317073170735,3,4.875197323201151,1.6094379124341003,520.0,3900.0,4097244.968911917,0,0.0,0.3703703703703704,Maltepe_4,5687843.023255814
Maltepe,92,3.0,10.0,1049000.0,0.0,3.0,8,Doğalgaz,Emlakjet,1.0,12,29.677419354838708,1,4.532599493153256,1.3862943611198906,276.0,920.0,4097244.968911917,0,0.0,0.3703703703703704,Maltepe_3,3813252.9011627906
Maltepe,135,4.0,4.0,2650000.0,0.0,3.0,8,Doğalgaz,Emlakjet,1.0,12,32.926829268292686,0,4.912654885736052,1.6094379124341003,540.0,540.0,4097244.968911917,0,0.0,0.3703703703703704,Maltepe_4,5687843.023255814
Maltepe,210,5.0,30.0,1775000.0,0.0,3.0,8,Doğalgaz,Emlakjet,1.0,12,41.1764705882353,3,5.351858133476067,1.791759469228055,1050.0,6300.0,4097244.968911917,0,0.0,0.3703703703703704,Maltepe_5,3470460.5263157897
Maltepe,95,3.0,4.0,1350000.0,0.0,3.0,8,Doğalgaz,Emlakjet,1.0,12,30.64516129032258,0,4.564348191467836,1.3862943611198906,285.0,380.0,4097244.968911917,0,0.0,0.3703703703703704,Maltepe_3,3813252.9011627906
Maltepe,200,5.0,7.5,2300000.0,0.0,3.0,8,Doğalgaz,Emlakjet,1.0,12,39.21568627450981,1,5.303304908059076,1.791759469228055,1000.0,1500.0,4097244.968911917,0,0.0,0.3703703703703704,Maltepe_5,3470460.5263157897
Maltepe,117,3.0,10.0,2800000.0,0.0,3.0,8,Doğalgaz,Emlakjet,1.0,12,37.74193548387097,1,4.770684624465665,1.3862943611198906,351.0,1170.0,4097244.968911917,0,0.0,0.3703703703703704,Maltepe_3,3813252.9011627906
Maltepe,67,2.0,7.5,415000.0,0.0,3.0,8,Doğalgaz,Emlakjet,1.0,12,31.904761904761905,1,4.219507705176107,1.0986122886681098,134.0,502.5,4097244.968911917,0,0.0,0.3703703703703704,Maltepe_2,2357289.13559322
Maltepe,160,5.0,7.5,950000.0,0.0,3.0,8,Doğalgaz,Emlakjet,1.0,12,31.372549019607845,1,5.081404364984463,1.791759469228055,800.0,1200.0,4097244.968911917,0,0.0,0.3703703703703704,Maltepe_5,3470460.5263157897
Maltepe,100,3.0,2.0,1350000.0,0.0,3.0,8,Doğalgaz,Emlakjet,1.0,12,32.25806451612903,0,4.61512051684126,1.3862943611198906,300.0,200.0,4097244.968911917,0,0.0,0.3703703703703704,Maltepe_3,3813252.9011627906
Maltepe,235,7.0,2.0,3600000.0,0.0,3.0,8,Doğalgaz,Emlakjet,1.0,12,33.098591549295776,0,5.4638318050256105,2.0794415416798357,1645.0,470.0,4097244.968911917,0,0.0,0.3703703703703704,Maltepe_7,6866666.666666667
Maltepe,70,2.0,7.5,765000.0,0.0,3.0,8,Doğalgaz,Emlakjet,1.0,12,33.33333333333333,1,4.2626798770413155,1.0986122886681098,140.0,525.0,4097244.968911917,0,0.0,0.3703703703703704,Maltepe_2,2357289.13559322
Maltepe,180,5.0,4.0,910000.0,0.0,3.0,8,Doğalgaz,Emlakjet,1.0,12,35.294117647058826,0,5.198497031265826,1.791759469228055,900.0,720.0,4097244.968911917,0,0.0,0.3703703703703704,Maltepe_5,3470460.5263157897
Maltepe,72,2.0,4.0,1300000.0,0.0,3.0,8,Doğalgaz,Emlakjet,1.0,12,34.285714285714285,0,4.290459441148391,1.0986122886681098,144.0,288.0,4097244.968911917,0,0.0,0.3703703703703704,Maltepe_2,2357289.13559322
Maltepe,85,3.0,7.5,875000.0,0.0,3.0,8,Doğalgaz,Emlakjet,1.0,12,27.419354838709676,1,4.454347296253507,1.3862943611198906,255.0,637.5,4097244.968911917,0,0.0,0.3703703703703704,Maltepe_3,3813252.9011627906
Maltepe,110,3.0,30.0,950000.0,0.0,3.0,8,Doğalgaz,Emlakjet,1.0,12,35.483870967741936,3,4.709530201312334,1.3862943611198906,330.0,3300.0,4097244.968911917,0,0.0,0.3703703703703704,Maltepe_3,3813252.9011627906
Maltepe,92,3.0,2.0,1035000.0,0.0,3.0,8,Doğalgaz,Emlakjet,1.0,12,29.677419354838708,0,4.532599493153256,1.3862943611198906,276.0,184.0,4097244.968911917,0,0.0,0.3703703703703704,Maltepe_3,3813252.9011627906
Maltepe,91,3.0,7.5,499999.0,0.0,3.0,8,Doğalgaz,Emlakjet,1.0,12,29.35483870967742,1,4.5217885770490405,1.3862943611198906,273.0,682.5,4097244.968911917,0,0.0,0.3703703703703704,Maltepe_3,3813252.9011627906
Bağcılar,85,3.0,10.0,935000.0,0.0,3.0,8,Doğalgaz,Emlakjet,1.0,5,27.419354838709676,1,4.454347296253507,1.3862943611198906,255.0,850.0,1562371.4285714286,0,0.0,0.3703703703703704,Bağcılar_3,1368423.6641221375
Bağcılar,120,4.0,7.5,1299900.0,0.0,3.0,8,Doğalgaz,Emlakjet,1.0,5,29.26829268292683,1,4.795790545596741,1.6094379124341003,480.0,900.0,1562371.4285714286,0,0.0,0.3703703703703704,Bağcılar_4,1425844.8717948718
Bağcılar,83,2.0,1.0,2500000.0,0.0,3.0,8,Doğalgaz,Emlakjet,1.0,5,39.523809523809526,0,4.430816798843313,1.0986122886681098,166.0,83.0,1562371.4285714286,0,0.0,0.3703703703703704,Bağcılar_2,1405294.1176470588
Bağcılar,130,3.0,4.0,2125000.0,0.0,3.0,8,Doğalgaz,Emlakjet,1.0,5,41.935483870967744,0,4.875197323201151,1.3862943611198906,390.0,520.0,1562371.4285714286,0,0.0,0.3703703703703704,Bağcılar_3,1368423.6641221375
Bağcılar,135,4.0,30.0,625000.0,0.0,3.0,8,Doğalgaz,Emlakjet,1.0,5,32.926829268292686,3,4.912654885736052,1.6094379124341003,540.0,4050.0,1562371.4285714286,0,0.0,0.3703703703703704,Bağcılar_4,1425844.8717948718
Bağcılar,800,6.0,30.0,32000000.0,0.0,3.0,8,Doğalgaz,Emlakjet,1.0,5,131.14754098360658,3,6.68586094706836,1.9459101490553132,4800.0,24000.0,1562371.4285714286,0,0.0,0.3703703703703704,Bağcılar_6,3563571.4285714286
Bağcılar,66,2.0,7.5,1250000.0,0.0,3.0,8,Doğalgaz,Emlakjet,1.0,5,31.428571428571427,1,4.204692619390966,1.0986122886681098,132.0,495.0,1562371.4285714286,0,0.0,0.3703703703703704,Bağcılar_2,1405294.1176470588
Bağcılar,66,2.0,7.5,1240000.0,0.0,3.0,8,Doğalgaz,Emlakjet,1.0,5,31.428571428571427,1,4.204692619390966,1.0986122886681098,132.0,495.0,1562371.4285714286,0,0.0,0.3703703703703704,Bağcılar_2,1405294.1176470588
Bağcılar,51,2.0,7.5,895000.0,0.0,3.0,8,Doğalgaz,Emlakjet,1.0,5,24.285714285714285,1,3.9512437185814275,1.0986122886681098,102.0,382.5,1562371.4285714286,0,0.0,0.3703703703703704,Bağcılar_2,1405294.1176470588
Bağcılar,42,3.0,7.5,800000.0,0.0,3.0,8,Doğalgaz,Emlakjet,1.0,5,13.548387096774194,1,3.7612001156935624,1.3862943611198906,126.0,315.0,1562371.4285714286,0,0.0,0.3703703703703704,Bağcılar_3,1368423.6641221375
Bağcılar,102,3.0,7.5,1930000.0,0.0,3.0,8,Doğalgaz,Emlakjet,1.0,5,32.90322580645161,1,4.634728988229636,1.3862943611198906,306.0,765.0,1562371.4285714286,0,0.0,0.3703703703703704,Bağcılar_3,1368423.6641221375
Bağcılar,128,3.0,10.0,2450000.0,0.0,3.0,8,Doğalgaz,Emlakjet,1.0,5,41.29032258064516,1,4.859812404361672,1.3862943611198906,384.0,1280.0,1562371.4285714286,0,0.0,0.3703703703703704,Bağcılar_3,1368423.6641221375
Bağcılar,105,3.0,7.5,880000.0,0.0,3.0,8,Doğalgaz,Emlakjet,1.0,5,33.87096774193548,1,4.663439094112067,1.3862943611198906,315.0,787.5,1562371.4285714286,0,0.0,0.3703703703703704,Bağcılar_3,1368423.6641221375
Bağcılar,135,3.0,7.5,2600000.0,0.0,3.0,8,Doğalgaz,Emlakjet,1.0,5,43.54838709677419,1,4.912654885736052,1.3862943611198906,405.0,1012.5,1562371.4285714286,0,0.0,0.3703703703703704,Bağcılar_3,1368423.6641221375
Bağcılar,80,3.0,13.0,475000.0,0.0,3.0,8,Doğalgaz,Emlakjet,1.0,5,25.806451612903224,2,4.394449154672439,1.3862943611198906,240.0,1040.0,1562371.4285714286,0,0.0,0.3703703703703704,Bağcılar_3,1368423.6641221375
Bağcılar,120,4.0,3.0,750000.0,0.0,3.0,8,Doğalgaz,Emlakjet,1.0,5,29.26829268292683,0,4.795790545596741,1.6094379124341003,480.0,360.0,1562371.4285714286,0,0.0,0.3703703703703704,Bağcılar_4,1425844.8717948718
Bağcılar,100,3.0,30.0,390000.0,0.0,3.0,8,Doğalgaz,Emlakjet,1.0,5,32.25806451612903,3,4.61512051684126,1.3862943611198906,300.0,3000.0,1562371.4285714286,0,0.0,0.3703703703703704,Bağcılar_3,1368423.6641221375
Bağcılar,85,3.0,30.0,450000.0,0.0,3.0,8,Doğalgaz,Emlakjet,1.0,5,27.419354838709676,3,4.454347296253507,1.3862943611198906,255.0,2550.0,1562371.4285714286,0,0.0,0.3703703703703704,Bağcılar_3,1368423.6641221375
Bağcılar,112,3.0,2.0,1250000.0,0.0,3.0,8,Doğalgaz,Emlakjet,1.0,5,36.12903225806451,0,4.727387818712341,1.3862943611198906,336.0,224.0,1562371.4285714286,0,0.0,0.3703703703703704,Bağcılar_3,1368423.6641221375
Bağcılar,100,3.0,3.0,1250000.0,0.0,3.0,8,Doğalgaz,Emlakjet,1.0,5,32.25806451612903,0,4.61512051684126,1.3862943611198906,300.0,300.0,1562371.4285714286,0,0.0,0.3703703703703704,Bağcılar_3,1368423.6641221375
Bağcılar,160,4.0,3.0,2500000.0,0.0,3.0,8,Doğalgaz,Emlakjet,1.0,5,39.024390243902445,0,5.081404364984463,1.6094379124341003,640.0,480.0,1562371.4285714286,0,0.0,0.3703703703703704,Bağcılar_4,1425844.8717948718
Bağcılar,150,4.5,7.5,2495000.0,0.0,3.0,8,Doğalgaz,Emlakjet,1.0,5,32.608695652173914,1,5.017279836814924,1.7047480922384253,675.0,1125.0,1562371.4285714286,0,0.0,0.3703703703703704,Bağcılar_4,1425844.8717948718
Bağcılar,90,3.0,18.0,650000.0,0.0,3.0,8,Doğalgaz,Emlakjet,1.0,5,29.032258064516128,2,4.51085950651685,1.3862943611198906,270.0,1620.0,1562371.4285714286,0,0.0,0.3703703703703704,Bağcılar_3,1368423.6641221375
Bağcılar,123,4.0,30.0,655000.0,0.0,3.0,8,Doğalgaz,Emlakjet,1.0,5,30.000000000000004,3,4.820281565605037,1.6094379124341003,492.0,3690.0,1562371.4285714286,0,0.0,0.3703703703703704,Bağcılar_4,1425844.8717948718
Bağcılar,250,6.0,7.5,1335000.0,0.0,3.0,8,Doğalgaz,Emlakjet,1.0,5,40.98360655737705,1,5.5254529391317835,1.9459101490553132,1500.0,1875.0,1562371.4285714286,0,0.0,0.3703703703703704,Bağcılar_6,3563571.4285714286
Bağcılar,120,4.0,30.0,720000.0,0.0,3.0,8,Doğalgaz,Emlakjet,1.0,5,29.26829268292683,3,4.795790545596741,1.6094379124341003,480.0,3600.0,1562371.4285714286,0,0.0,0.3703703703703704,Bağcılar_4,1425844.8717948718
Bağcılar,90,3.0,13.0,510000.0,0.0,3.0,8,Doğalgaz,Emlakjet,1.0,5,29.032258064516128,2,4.51085950651685,1.3862943611198906,270.0,1170.0,1562371.4285714286,0,0.0,0.3703703703703704,Bağcılar_3,1368423.6641221375
Bağcılar,140,4.0,13.0,740000.0,0.0,3.0,8,Doğalgaz,Emlakjet,1.0,5,34.146341463414636,2,4.948759890378168,1.6094379124341003,560.0,1820.0,1562371.4285714286,0,0.0,0.3703703703703704,Bağcılar_4,1425844.8717948718
Bağcılar,135,4.0,4.0,1950000.0,0.0,3.0,8,Doğalgaz,Emlakjet,1.0,5,32.926829268292686,0,4.912654885736052,1.6094379124341003,540.0,540.0,1562371.4285714286,0,0.0,0.3703703703703704,Bağcılar_4,1425844.8717948718
Bağcılar,138,4.0,4.0,2450000.0,0.0,3.0,8,Doğalgaz,Emlakjet,1.0,5,33.65853658536586,0,4.9344739331306915,1.6094379124341003,552.0,552.0,1562371.4285714286,0,0.0,0.3703703703703704,Bağcılar_4,1425844.8717948718
Bağcılar,85,2.0,10.0,1500000.0,0.0,3.0,8,Doğalgaz,Emlakjet,1.0,5,40.476190476190474,1,4.454347296253507,1.0986122886681098,170.0,850.0,1562371.4285714286,0,0.0,0.3703703703703704,Bağcılar_2,1405294.1176470588
Bağcılar,75,2.0,13.0,500000.0,0.0,3.0,8,Doğalgaz,Emlakjet,1.0,5,35.714285714285715,2,4.330733340286331,1.0986122886681098,150.0,975.0,1562371.4285714286,0,0.0,0.3703703703703704,Bağcılar_2,1405294.1176470588
Bağcılar,95,3.0,10.0,645000.0,0.0,3.0,8,Doğalgaz,Emlakjet,1.0,5,30.64516129032258,1,4.564348191467836,1.3862943611198906,285.0,950.0,1562371.4285714286,0,0.0,0.3703703703703704,Bağcılar_3,1368423.6641221375
Bağcılar,110,3.0,13.0,1000000.0,0.0,3.0,8,Doğalgaz,Emlakjet,1.0,5,35.483870967741936,2,4.709530201312334,1.3862943611198906,330.0,1430.0,1562371.4285714286,0,0.0,0.3703703703703704,Bağcılar_3,1368423.6641221375
Bağcılar,100,4.0,30.0,510000.0,0.0,3.0,8,Doğalgaz,Emlakjet,1.0,5,24.390243902439025,3,4.61512051684126,1.6094379124341003,400.0,3000.0,1562371.4285714286,0,0.0,0.3703703703703704,Bağcılar_4,1425844.8717948718
Bağcılar,83,2.0,7.5,1550000.0,0.0,3.0,8,Doğalgaz,Emlakjet,1.0,5,39.523809523809526,1,4.430816798843313,1.0986122886681098,166.0,622.5,1562371.4285714286,0,0.0,0.3703703703703704,Bağcılar_2,1405294.1176470588
Bağcılar,75,3.0,10.0,500000.0,0.0,3.0,8,Doğalgaz,Emlakjet,1.0,5,24.193548387096772,1,4.330733340286331,1.3862943611198906,225.0,750.0,1562371.4285714286,0,0.0,0.3703703703703704,Bağcılar_3,1368423.6641221375
Bağcılar,95,3.0,10.0,1400000.0,0.0,3.0,8,Doğalgaz,Emlakjet,1.0,5,30.64516129032258,1,4.564348191467836,1.3862943611198906,285.0,950.0,1562371.4285714286,0,0.0,0.3703703703703704,Bağcılar_3,1368423.6641221375
Bağcılar,105,3.0,10.0,1395000.0,0.0,3.0,8,Doğalgaz,Emlakjet,1.0,5,33.87096774193548,1,4.663439094112067,1.3862943611198906,315.0,1050.0,1562371.4285714286,0,0.0,0.3703703703703704,Bağcılar_3,1368423.6641221375
Bağcılar,170,5.0,10.0,1900000.0,0.0,3.0,8,Doğalgaz,Emlakjet,1.0,5,33.333333333333336,1,5.14166355650266,1.791759469228055,850.0,1700.0,1562371.4285714286,0,0.0,0.3703703703703704,Bağcılar_5,1432500.0
Bağcılar,110,3.0,10.0,1600000.0,0.0,3.0,8,Doğalgaz,Emlakjet,1.0,5,35.483870967741936,1,4.709530201312334,1.3862943611198906,330.0,1100.0,1562371.4285714286,0,0.0,0.3703703703703704,Bağcılar_3,1368423.6641221375
Bağcılar,145,3.0,10.0,1600000.0,0.0,3.0,8,Doğalgaz,Emlakjet,1.0,5,46.774193548387096,1,4.983606621708336,1.3862943611198906,435.0,1450.0,1562371.4285714286,0,0.0,0.3703703703703704,Bağcılar_3,1368423.6641221375
Bağcılar,60,2.0,7.5,1000000.0,0.0,3.0,8,Doğalgaz,Emlakjet,1.0,5,28.57142857142857,1,4.110873864173311,1.0986122886681098,120.0,450.0,1562371.4285714286,0,0.0,0.3703703703703704,Bağcılar_2,1405294.1176470588
Bağcılar,125,3.0,4.0,2175000.0,0.0,3.0,8,Doğalgaz,Emlakjet,1.0,5,40.32258064516129,0,4.836281906951478,1.3862943611198906,375.0,500.0,1562371.4285714286,0,0.0,0.3703703703703704,Bağcılar_3,1368423.6641221375
Bağcılar,170,4.0,4.0,3160000.0,0.0,3.0,8,Doğalgaz,Emlakjet,1.0,5,41.463414634146346,0,5.14166355650266,1.6094379124341003,680.0,680.0,1562371.4285714286,0,0.0,0.3703703703703704,Bağcılar_4,1425844.8717948718
Bağcılar,85,3.0,13.0,315000.0,0.0,3.0,8,Doğalgaz,Emlakjet,1.0,5,27.419354838709676,2,4.454347296253507,1.3862943611198906,255.0,1105.0,1562371.4285714286,0,0.0,0.3703703703703704,Bağcılar_3,1368423.6641221375
Bağcılar,140,5.0,30.0,500000.0,0.0,3.0,8,Doğalgaz,Emlakjet,1.0,5,27.450980392156865,3,4.948759890378168,1.791759469228055,700.0,4200.0,1562371.4285714286,0,0.0,0.3703703703703704,Bağcılar_5,1432500.0
Bağcılar,115,3.0,7.5,1790000.0,0.0,3.0,8,Doğalgaz,Emlakjet,1.0,5,37.096774193548384,1,4.7535901911063645,1.3862943611198906,345.0,862.5,1562371.4285714286,0,0.0,0.3703703703703704,Bağcılar_3,1368423.6641221375
Bağcılar,94,2.0,10.0,1275000.0,0.0,3.0,8,Doğalgaz,Emlakjet,1.0,5,44.76190476190476,1,4.553876891600541,1.0986122886681098,188.0,940.0,1562371.4285714286,0,0.0,0.3703703703703704,Bağcılar_2,1405294.1176470588
Bağcılar,78,3.0,10.0,750000.0,0.0,3.0,8,Doğalgaz,Emlakjet,1.0,5,25.161290322580644,1,4.3694478524670215,1.3862943611198906,234.0,780.0,1562371.4285714286,0,0.0,0.3703703703703704,Bağcılar_3,1368423.6641221375
Bağcılar,95,3.0,7.5,849500.0,0.0,3.0,8,Doğalgaz,Emlakjet,1.0,5,30.64516129032258,1,4.564348191467836,1.3862943611198906,285.0,712.5,1562371.4285714286,0,0.0,0.3703703703703704,Bağcılar_3,1368423.6641221375
Bağcılar,100,3.0,30.0,290000.0,0.0,3.0,8,Doğalgaz,Emlakjet,1.0,5,32.25806451612903,3,4.61512051684126,1.3862943611198906,300.0,3000.0,1562371.4285714286,0,0.0,0.3703703703703704,Bağcılar_3,1368423.6641221375
Bağcılar,80,3.0,30.0,179000.0,0.0,3.0,8,Doğalgaz,Emlakjet,1.0,5,25.806451612903224,3,4.394449154672439,1.3862943611198906,240.0,2400.0,1562371.4285714286,0,0.0,0.3703703703703704,Bağcılar_3,1368423.6641221375
Bağcılar,105,3.0,10.0,1500000.0,0.0,3.0,8,Doğalgaz,Emlakjet,1.0,5,33.87096774193548,1,4.663439094112067,1.3862943611198906,315.0,1050.0,1562371.4285714286,0,0.0,0.3703703703703704,Bağcılar_3,1368423.6641221375
Bağcılar,110,3.0,30.0,2650000.0,0.0,3.0,8,Doğalgaz,Emlakjet,1.0,5,35.483870967741936,3,4.709530201312334,1.3862943611198906,330.0,3300.0,1562371.4285714286,0,0.0,0.3703703703703704,Bağcılar_3,1368423.6641221375
Bağcılar,100,3.0,30.0,575000.0,0.0,3.0,8,Doğalgaz,Emlakjet,1.0,5,32.25806451612903,3,4.61512051684126,1.3862943611198906,300.0,3000.0,1562371.4285714286,0,0.0,0.3703703703703704,Bağcılar_3,1368423.6641221375
Bağcılar,170,4.5,3.0,4100000.0,0.0,3.0,8,Doğalgaz,Emlakjet,1.0,5,36.95652173913044,0,5.14166355650266,1.7047480922384253,765.0,510.0,1562371.4285714286,0,0.0,0.3703703703703704,Bağcılar_4,1425844.8717948718
Bağcılar,90,3.0,13.0,320000.0,0.0,3.0,8,Doğalgaz,Emlakjet,1.0,5,29.032258064516128,2,4.51085950651685,1.3862943611198906,270.0,1170.0,1562371.4285714286,0,0.0,0.3703703703703704,Bağcılar_3,1368423.6641221375
Bağcılar,103,3.0,1.0,1405000.0,0.0,3.0,8,Doğalgaz,Emlakjet,1.0,5,33.225806451612904,0,4.6443908991413725,1.3862943611198906,309.0,103.0,1562371.4285714286,0,0.0,0.3703703703703704,Bağcılar_3,1368423.6641221375
Bağcılar,145,4.0,2.0,2025000.0,0.0,3.0,8,Doğalgaz,Emlakjet,1.0,5,35.36585365853659,0,4.983606621708336,1.6094379124341003,580.0,290.0,1562371.4285714286,0,0.0,0.3703703703703704,Bağcılar_4,1425844.8717948718
Bağcılar,100,3.0,7.5,1150000.0,0.0,3.0,8,Doğalgaz,Emlakjet,1.0,5,32.25806451612903,1,4.61512051684126,1.3862943611198906,300.0,750.0,1562371.4285714286,0,0.0,0.3703703703703704,Bağcılar_3,1368423.6641221375
Bağcılar,90,3.0,13.0,320000.0,0.0,3.0,8,Doğalgaz,Emlakjet,1.0,5,29.032258064516128,2,4.51085950651685,1.3862943611198906,270.0,1170.0,1562371.4285714286,0,0.0,0.3703703703703704,Bağcılar_3,1368423.6641221375
Bağcılar,87,4.0,7.5,660000.0,0.0,3.0,8,Doğalgaz,Emlakjet,1.0,5,21.219512195121954,1,4.477336814478207,1.6094379124341003,348.0,652.5,1562371.4285714286,0,0.0,0.3703703703703704,Bağcılar_4,1425844.8717948718
Bağcılar,85,3.0,13.0,425000.0,0.0,3.0,8,Doğalgaz,Emlakjet,1.0,5,27.419354838709676,2,4.454347296253507,1.3862943611198906,255.0,1105.0,1562371.4285714286,0,0.0,0.3703703703703704,Bağcılar_3,1368423.6641221375
Bağcılar,95,3.0,10.0,1200000.0,0.0,3.0,8,Doğalgaz,Emlakjet,1.0,5,30.64516129032258,1,4.564348191467836,1.3862943611198906,285.0,950.0,1562371.4285714286,0,0.0,0.3703703703703704,Bağcılar_3,1368423.6641221375
Bağcılar,90,3.0,1.0,819000.0,0.0,3.0,8,Doğalgaz,Emlakjet,1.0,5,29.032258064516128,0,4.51085950651685,1.3862943611198906,270.0,90.0,1562371.4285714286,0,0.0,0.3703703703703704,Bağcılar_3,1368423.6641221375
Bağcılar,97,3.0,7.5,1050000.0,0.0,3.0,8,Doğalgaz,Emlakjet,1.0,5,31.29032258064516,1,4.584967478670572,1.3862943611198906,291.0,727.5,1562371.4285714286,0,0.0,0.3703703703703704,Bağcılar_3,1368423.6641221375
Bağcılar,118,3.0,1.0,1650000.0,0.0,3.0,8,Doğalgaz,Emlakjet,1.0,5,38.064516129032256,0,4.77912349311153,1.3862943611198906,354.0,118.0,1562371.4285714286,0,0.0,0.3703703703703704,Bağcılar_3,1368423.6641221375
Bağcılar,120,3.0,7.5,1295000.0,0.0,3.0,8,Doğalgaz,Emlakjet,1.0,5,38.70967741935484,1,4.795790545596741,1.3862943611198906,360.0,900.0,1562371.4285714286,0,0.0,0.3703703703703704,Bağcılar_3,1368423.6641221375
Bağcılar,85,3.0,4.0,1190000.0,0.0,3.0,8,Doğalgaz,Emlakjet,1.0,5,27.419354838709676,0,4.454347296253507,1.3862943611198906,255.0,340.0,1562371.4285714286,0,0.0,0.3703703703703704,Bağcılar_3,1368423.6641221375
Bağcılar,155,3.0,10.0,1450000.0,0.0,3.0,8,Doğalgaz,Emlakjet,1.0,5,50.0,1,5.049856007249537,1.3862943611198906,465.0,1550.0,1562371.4285714286,0,0.0,0.3703703703703704,Bağcılar_3,1368423.6641221375
Bağcılar,62,2.0,2.0,1900000.0,0.0,3.0,8,Doğalgaz,Emlakjet,1.0,5,29.523809523809522,0,4.143134726391533,1.0986122886681098,124.0,124.0,1562371.4285714286,0,0.0,0.3703703703703704,Bağcılar_2,1405294.1176470588
Bağcılar,62,2.0,2.0,2050000.0,0.0,3.0,8,Doğalgaz,Emlakjet,1.0,5,29.523809523809522,0,4.143134726391533,1.0986122886681098,124.0,124.0,1562371.4285714286,0,0.0,0.3703703703703704,Bağcılar_2,1405294.1176470588
Bağcılar,97,3.0,7.5,1020000.0,0.0,3.0,8,Doğalgaz,Emlakjet,1.0,5,31.29032258064516,1,4.584967478670572,1.3862943611198906,291.0,727.5,1562371.4285714286,0,0.0,0.3703703703703704,Bağcılar_3,1368423.6641221375
Bağcılar,170,5.0,7.5,1100000.0,0.0,3.0,8,Doğalgaz,Emlakjet,1.0,5,33.333333333333336,1,5.14166355650266,1.791759469228055,850.0,1275.0,1562371.4285714286,0,0.0,0.3703703703703704,Bağcılar_5,1432500.0
Bağcılar,125,3.0,1.0,1705000.0,0.0,3.0,8,Doğalgaz,Emlakjet,1.0,5,40.32258064516129,0,4.836281906951478,1.3862943611198906,375.0,125.0,1562371.4285714286,0,0.0,0.3703703703703704,Bağcılar_3,1368423.6641221375
Bağcılar,153,4.0,1.0,1950000.0,0.0,3.0,8,Doğalgaz,Emlakjet,1.0,5,37.31707317073171,0,5.0369526024136295,1.6094379124341003,612.0,153.0,1562371.4285714286,0,0.0,0.3703703703703704,Bağcılar_4,1425844.8717948718
Bağcılar,103,3.0,1.0,1400000.0,0.0,3.0,8,Doğalgaz,Emlakjet,1.0,5,33.225806451612904,0,4.6443908991413725,1.3862943611198906,309.0,103.0,1562371.4285714286,0,0.0,0.3703703703703704,Bağcılar_3,1368423.6641221375
Bağcılar,130,4.0,10.0,1150000.0,0.0,3.0,8,Doğalgaz,Emlakjet,1.0,5,31.707317073170735,1,4.875197323201151,1.6094379124341003,520.0,1300.0,1562371.4285714286,0,0.0,0.3703703703703704,Bağcılar_4,1425844.8717948718
Bağcılar,90,2.0,4.0,1450000.0,0.0,3.0,8,Doğalgaz,Emlakjet,1.0,5,42.857142857142854,0,4.51085950651685,1.0986122886681098,180.0,360.0,1562371.4285714286,0,0.0,0.3703703703703704,Bağcılar_2,1405294.1176470588
Bağcılar,120,4.0,10.0,1500000.0,0.0,3.0,8,Doğalgaz,Emlakjet,1.0,5,29.26829268292683,1,4.795790545596741,1.6094379124341003,480.0,1200.0,1562371.4285714286,0,0.0,0.3703703703703704,Bağcılar_4,1425844.8717948718
Bağcılar,95,3.0,30.0,410000.0,0.0,3.0,8,Doğalgaz,Emlakjet,1.0,5,30.64516129032258,3,4.564348191467836,1.3862943611198906,285.0,2850.0,1562371.4285714286,0,0.0,0.3703703703703704,Bağcılar_3,1368423.6641221375
Bağcılar,100,3.0,2.0,825000.0,0.0,3.0,8,Doğalgaz,Emlakjet,1.0,5,32.25806451612903,0,4.61512051684126,1.3862943611198906,300.0,200.0,1562371.4285714286,0,0.0,0.3703703703703704,Bağcılar_3,1368423.6641221375
Bağcılar,110,4.0,13.0,490000.0,0.0,3.0,8,Doğalgaz,Emlakjet,1.0,5,26.82926829268293,2,4.709530201312334,1.6094379124341003,440.0,1430.0,1562371.4285714286,0,0.0,0.3703703703703704,Bağcılar_4,1425844.8717948718
Bağcılar,200,6.0,7.5,1865000.0,0.0,3.0,8,Doğalgaz,Emlakjet,1.0,5,32.786885245901644,1,5.303304908059076,1.9459101490553132,1200.0,1500.0,1562371.4285714286,0,0.0,0.3703703703703704,Bağcılar_6,3563571.4285714286
Bağcılar,110,4.0,13.0,670000.0,0.0,3.0,8,Doğalgaz,Emlakjet,1.0,5,26.82926829268293,2,4.709530201312334,1.6094379124341003,440.0,1430.0,1562371.4285714286,0,0.0,0.3703703703703704,Bağcılar_4,1425844.8717948718
Bağcılar,90,3.0,18.0,480000.0,0.0,3.0,8,Doğalgaz,Emlakjet,1.0,5,29.032258064516128,2,4.51085950651685,1.3862943611198906,270.0,1620.0,1562371.4285714286,0,0.0,0.3703703703703704,Bağcılar_3,1368423.6641221375
Bağcılar,55,3.0,2.0,970000.0,0.0,3.0,8,Doğalgaz,Emlakjet,1.0,5,17.741935483870968,0,4.02535169073515,1.3862943611198906,165.0,110.0,1562371.4285714286,0,0.0,0.3703703703703704,Bağcılar_3,1368423.6641221375
Bağcılar,55,3.0,2.0,870000.0,0.0,3.0,8,Doğalgaz,Emlakjet,1.0,5,17.741935483870968,0,4.02535169073515,1.3862943611198906,165.0,110.0,1562371.4285714286,0,0.0,0.3703703703703704,Bağcılar_3,1368423.6641221375
Bağcılar,120,4.0,7.5,510000.0,0.0,3.0,8,Doğalgaz,Emlakjet,1.0,5,29.26829268292683,1,4.795790545596741,1.6094379124341003,480.0,900.0,1562371.4285714286,0,0.0,0.3703703703703704,Bağcılar_4,1425844.8717948718
Bağcılar,108,3.0,4.0,1165000.0,0.0,3.0,8,Doğalgaz,Emlakjet,1.0,5,34.83870967741935,0,4.6913478822291435,1.3862943611198906,324.0,432.0,1562371.4285714286,0,0.0,0.3703703703703704,Bağcılar_3,1368423.6641221375
Bağcılar,76,2.0,10.0,1850000.0,0.0,3.0,8,Doğalgaz,Emlakjet,1.0,5,36.19047619047619,1,4.343805421853684,1.0986122886681098,152.0,760.0,1562371.4285714286,0,0.0,0.3703703703703704,Bağcılar_2,1405294.1176470588
Bağcılar,160,5.0,2.0,950000.0,0.0,3.0,8,Doğalgaz,Emlakjet,1.0,5,31.372549019607845,0,5.081404364984463,1.791759469228055,800.0,320.0,1562371.4285714286,0,0.0,0.3703703703703704,Bağcılar_5,1432500.0
Bağcılar,180,6.0,18.0,750000.0,0.0,3.0,8,Doğalgaz,Emlakjet,1.0,5,29.508196721311478,2,5.198497031265826,1.9459101490553132,1080.0,3240.0,1562371.4285714286,0,0.0,0.3703703703703704,Bağcılar_6,3563571.4285714286
Bağcılar,85,2.0,2.0,1250000.0,0.0,3.0,8,Doğalgaz,Emlakjet,1.0,5,40.476190476190474,0,4.454347296253507,1.0986122886681098,170.0,170.0,1562371.4285714286,0,0.0,0.3703703703703704,Bağcılar_2,1405294.1176470588
Bağcılar,80,2.0,30.0,265000.0,0.0,3.0,8,Doğalgaz,Emlakjet,1.0,5,38.095238095238095,3,4.394449154672439,1.0986122886681098,160.0,2400.0,1562371.4285714286,0,0.0,0.3703703703703704,Bağcılar_2,1405294.1176470588
Bağcılar,82,3.0,7.5,1500000.0,0.0,3.0,8,Doğalgaz,Emlakjet,1.0,5,26.451612903225804,1,4.418840607796598,1.3862943611198906,246.0,615.0,1562371.4285714286,0,0.0,0.3703703703703704,Bağcılar_3,1368423.6641221375
Bağcılar,65,2.0,10.0,1850000.0,0.0,3.0,8,Doğalgaz,Emlakjet,1.0,5,30.952380952380953,1,4.189654742026425,1.0986122886681098,130.0,650.0,1562371.4285714286,0,0.0,0.3703703703703704,Bağcılar_2,1405294.1176470588
Bağcılar,130,4.0,7.5,1650000.0,0.0,3.0,8,Doğalgaz,Emlakjet,1.0,5,31.707317073170735,1,4.875197323201151,1.6094379124341003,520.0,975.0,1562371.4285714286,0,0.0,0.3703703703703704,Bağcılar_4,1425844.8717948718
Bağcılar,70,2.0,13.0,300000.0,0.0,3.0,8,Doğalgaz,Emlakjet,1.0,5,33.33333333333333,2,4.2626798770413155,1.0986122886681098,140.0,910.0,1562371.4285714286,0,0.0,0.3703703703703704,Bağcılar_2,1405294.1176470588
Bağcılar,85,3.0,7.5,715000.0,0.0,3.0,8,Doğalgaz,Emlakjet,1.0,5,27.419354838709676,1,4.454347296253507,1.3862943611198906,255.0,637.5,1562371.4285714286,0,0.0,0.3703703703703704,Bağcılar_3,1368423.6641221375
Bağcılar,75,2.0,30.0,220000.0,0.0,3.0,8,Doğalgaz,Emlakjet,1.0,5,35.714285714285715,3,4.330733340286331,1.0986122886681098,150.0,2250.0,1562371.4285714286,0,0.0,0.3703703703703704,Bağcılar_2,1405294.1176470588
Bağcılar,750,7.0,10.0,7000000.0,0.0,3.0,8,Doğalgaz,Emlakjet,1.0,5,105.63380281690141,1,6.621405651764134,2.0794415416798357,5250.0,7500.0,1562371.4285714286,0,0.0,0.3703703703703704,Bağcılar_7,6229333.333333333
Bağcılar,169,4.0,7.5,4500000.0,0.0,3.0,8,Doğalgaz,Emlakjet,1.0,5,41.21951219512196,1,5.135798437050262,1.6094379124341003,676.0,1267.5,1562371.4285714286,0,0.0,0.3703703703703704,Bağcılar_4,1425844.8717948718
Bağcılar,195,5.0,4.0,4350000.0,0.0,3.0,8,Doğalgaz,Emlakjet,1.0,5,38.23529411764706,0,5.278114659230517,1.791759469228055,975.0,780.0,1562371.4285714286,0,0.0,0.3703703703703704,Bağcılar_5,1432500.0
Bağcılar,100,3.0,7.5,1150000.0,0.0,3.0,8,Doğalgaz,Emlakjet,1.0,5,32.25806451612903,1,4.61512051684126,1.3862943611198906,300.0,750.0,1562371.4285714286,0,0.0,0.3703703703703704,Bağcılar_3,1368423.6641221375
Bağcılar,135,3.0,4.0,2500000.0,0.0,3.0,8,Doğalgaz,Emlakjet,1.0,5,43.54838709677419,0,4.912654885736052,1.3862943611198906,405.0,540.0,1562371.4285714286,0,0.0,0.3703703703703704,Bağcılar_3,1368423.6641221375
Bağcılar,1400,3.0,30.0,2800000.0,0.0,3.0,8,Doğalgaz,Emlakjet,1.0,5,451.61290322580646,3,7.244941546337007,1.3862943611198906,4200.0,42000.0,1562371.4285714286,0,0.0,0.3703703703703704,Bağcılar_3,1368423.6641221375
Bağcılar,185,4.0,4.0,1987000.0,0.0,3.0,8,Doğalgaz,Emlakjet,1.0,5,45.1219512195122,0,5.225746673713202,1.6094379124341003,740.0,740.0,1562371.4285714286,0,0.0,0.3703703703703704,Bağcılar_4,1425844.8717948718
Bağcılar,150,3.0,4.0,749000.0,0.0,3.0,8,Doğalgaz,Emlakjet,1.0,5,48.387096774193544,0,5.017279836814924,1.3862943611198906,450.0,600.0,1562371.4285714286,0,0.0,0.3703703703703704,Bağcılar_3,1368423.6641221375
Bağcılar,160,4.0,13.0,1170000.0,0.0,3.0,8,Doğalgaz,Emlakjet,1.0,5,39.024390243902445,2,5.081404364984463,1.6094379124341003,640.0,2080.0,1562371.4285714286,0,0.0,0.3703703703703704,Bağcılar_4,1425844.8717948718
Bağcılar,150,5.0,10.0,480000.0,0.0,3.0,8,Doğalgaz,Emlakjet,1.0,5,29.411764705882355,1,5.017279836814924,1.791759469228055,750.0,1500.0,1562371.4285714286,0,0.0,0.3703703703703704,Bağcılar_5,1432500.0
Bağcılar,100,4.0,30.0,1199000.0,0.0,3.0,8,Doğalgaz,Emlakjet,1.0,5,24.390243902439025,3,4.61512051684126,1.6094379124341003,400.0,3000.0,1562371.4285714286,0,0.0,0.3703703703703704,Bağcılar_4,1425844.8717948718
Bağcılar,125,4.0,10.0,685000.0,0.0,3.0,8,Doğalgaz,Emlakjet,1.0,5,30.487804878048784,1,4.836281906951478,1.6094379124341003,500.0,1250.0,1562371.4285714286,0,0.0,0.3703703703703704,Bağcılar_4,1425844.8717948718
Bağcılar,90,3.0,13.0,670000.0,0.0,3.0,8,Doğalgaz,Emlakjet,1.0,5,29.032258064516128,2,4.51085950651685,1.3862943611198906,270.0,1170.0,1562371.4285714286,0,0.0,0.3703703703703704,Bağcılar_3,1368423.6641221375
Bağcılar,145,4.0,2.0,680000.0,0.0,3.0,8,Doğalgaz,Emlakjet,1.0,5,35.36585365853659,0,4.983606621708336,1.6094379124341003,580.0,290.0,1562371.4285714286,0,0.0,0.3703703703703704,Bağcılar_4,1425844.8717948718
Bağcılar,90,2.0,10.0,600000.0,0.0,3.0,8,Doğalgaz,Emlakjet,1.0,5,42.857142857142854,1,4.51085950651685,1.0986122886681098,180.0,900.0,1562371.4285714286,0,0.0,0.3703703703703704,Bağcılar_2,1405294.1176470588
Bağcılar,90,3.0,30.0,645000.0,0.0,3.0,8,Doğalgaz,Emlakjet,1.0,5,29.032258064516128,3,4.51085950651685,1.3862943611198906,270.0,2700.0,1562371.4285714286,0,0.0,0.3703703703703704,Bağcılar_3,1368423.6641221375
Bağcılar,82,3.0,7.5,420000.0,0.0,3.0,8,Doğalgaz,Emlakjet,1.0,5,26.451612903225804,1,4.418840607796598,1.3862943611198906,246.0,615.0,1562371.4285714286,0,0.0,0.3703703703703704,Bağcılar_3,1368423.6641221375
Bağcılar,65,2.0,7.5,1300000.0,0.0,3.0,8,Doğalgaz,Emlakjet,1.0,5,30.952380952380953,1,4.189654742026425,1.0986122886681098,130.0,487.5,1562371.4285714286,0,0.0,0.3703703703703704,Bağcılar_2,1405294.1176470588
Bağcılar,100,3.0,2.0,1300000.0,0.0,3.0,8,Doğalgaz,Emlakjet,1.0,5,32.25806451612903,0,4.61512051684126,1.3862943611198906,300.0,200.0,1562371.4285714286,0,0.0,0.3703703703703704,Bağcılar_3,1368423.6641221375
Bağcılar,125,4.0,13.0,900000.0,0.0,3.0,8,Doğalgaz,Emlakjet,1.0,5,30.487804878048784,2,4.836281906951478,1.6094379124341003,500.0,1625.0,1562371.4285714286,0,0.0,0.3703703703703704,Bağcılar_4,1425844.8717948718
Bağcılar,95,3.0,7.5,750000.0,0.0,3.0,8,Doğalgaz,Emlakjet,1.0,5,30.64516129032258,1,4.564348191467836,1.3862943611198906,285.0,712.5,1562371.4285714286,0,0.0,0.3703703703703704,Bağcılar_3,1368423.6641221375
Bağcılar,60,3.0,10.0,710000.0,0.0,3.0,8,Doğalgaz,Emlakjet,1.0,5,19.35483870967742,1,4.110873864173311,1.3862943611198906,180.0,600.0,1562371.4285714286,0,0.0,0.3703703703703704,Bağcılar_3,1368423.6641221375
Bağcılar,85,3.0,7.5,3650000.0,0.0,3.0,8,Doğalgaz,Emlakjet,1.0,5,27.419354838709676,1,4.454347296253507,1.3862943611198906,255.0,637.5,1562371.4285714286,0,0.0,0.3703703703703704,Bağcılar_3,1368423.6641221375
Bağcılar,180,5.5,7.5,1070000.0,0.0,3.0,8,Doğalgaz,Emlakjet,1.0,5,32.142857142857146,1,5.198497031265826,1.8718021769015913,990.0,1350.0,1562371.4285714286,0,0.0,0.3703703703703704,Bağcılar_5,1432500.0
Bağcılar,120,3.0,7.5,2650000.0,0.0,3.0,8,Doğalgaz,Emlakjet,1.0,5,38.70967741935484,1,4.795790545596741,1.3862943611198906,360.0,900.0,1562371.4285714286,0,0.0,0.3703703703703704,Bağcılar_3,1368423.6641221375
Bağcılar,109,3.0,2.0,1400000.0,0.0,3.0,8,Doğalgaz,Emlakjet,1.0,5,35.16129032258065,0,4.700480365792417,1.3862943611198906,327.0,218.0,1562371.4285714286,0,0.0,0.3703703703703704,Bağcılar_3,1368423.6641221375
Bağcılar,128,4.0,10.0,390000.0,0.0,3.0,8,Doğalgaz,Emlakjet,1.0,5,31.219512195121954,1,4.859812404361672,1.6094379124341003,512.0,1280.0,1562371.4285714286,0,0.0,0.3703703703703704,Bağcılar_4,1425844.8717948718
Bağcılar,90,3.0,30.0,3600000.0,0.0,3.0,8,Doğalgaz,Emlakjet,1.0,5,29.032258064516128,3,4.51085950651685,1.3862943611198906,270.0,2700.0,1562371.4285714286,0,0.0,0.3703703703703704,Bağcılar_3,1368423.6641221375
Bağcılar,152,4.0,7.5,1270000.0,0.0,3.0,8,Doğalgaz,Emlakjet,1.0,5,37.07317073170732,1,5.030437921392435,1.6094379124341003,608.0,1140.0,1562371.4285714286,0,0.0,0.3703703703703704,Bağcılar_4,1425844.8717948718
Bağcılar,160,5.0,10.0,975000.0,0.0,3.0,8,Doğalgaz,Emlakjet,1.0,5,31.372549019607845,1,5.081404364984463,1.791759469228055,800.0,1600.0,1562371.4285714286,0,0.0,0.3703703703703704,Bağcılar_5,1432500.0
Bağcılar,130,4.0,13.0,599000.0,0.0,3.0,8,Doğalgaz,Emlakjet,1.0,5,31.707317073170735,2,4.875197323201151,1.6094379124341003,520.0,1690.0,1562371.4285714286,0,0.0,0.3703703703703704,Bağcılar_4,1425844.8717948718
Bağcılar,115,4.0,4.0,1260000.0,0.0,3.0,8,Doğalgaz,Emlakjet,1.0,5,28.04878048780488,0,4.7535901911063645,1.6094379124341003,460.0,460.0,1562371.4285714286,0,0.0,0.3703703703703704,Bağcılar_4,1425844.8717948718
Bağcılar,125,4.0,13.0,1850000.0,0.0,3.0,8,Doğalgaz,Emlakjet,1.0,5,30.487804878048784,2,4.836281906951478,1.6094379124341003,500.0,1625.0,1562371.4285714286,0,0.0,0.3703703703703704,Bağcılar_4,1425844.8717948718
Bağcılar,200,6.0,3.0,495000.0,0.0,3.0,8,Doğalgaz,Emlakjet,1.0,5,32.786885245901644,0,5.303304908059076,1.9459101490553132,1200.0,600.0,1562371.4285714286,0,0.0,0.3703703703703704,Bağcılar_6,3563571.4285714286
Bağcılar,150,4.0,13.0,1650000.0,0.0,3.0,8,Doğalgaz,Emlakjet,1.0,5,36.58536585365854,2,5.017279836814924,1.6094379124341003,600.0,1950.0,1562371.4285714286,0,0.0,0.3703703703703704,Bağcılar_4,1425844.8717948718
Bağcılar,93,2.0,2.0,1400000.0,0.0,3.0,8,Doğalgaz,Emlakjet,1.0,5,44.285714285714285,0,4.543294782270004,1.0986122886681098,186.0,186.0,1562371.4285714286,0,0.0,0.3703703703703704,Bağcılar_2,1405294.1176470588
Bağcılar,110,3.0,10.0,465000.0,0.0,3.0,8,Doğalgaz,Emlakjet,1.0,5,35.483870967741936,1,4.709530201312334,1.3862943611198906,330.0,1100.0,1562371.4285714286,0,0.0,0.3703703703703704,Bağcılar_3,1368423.6641221375
Bağcılar,185,5.5,2.0,715000.0,0.0,3.0,8,Doğalgaz,Emlakjet,1.0,5,33.035714285714285,0,5.225746673713202,1.8718021769015913,1017.5,370.0,1562371.4285714286,0,0.0,0.3703703703703704,Bağcılar_5,1432500.0
Bağcılar,180,6.0,7.5,3300000.0,0.0,3.0,8,Doğalgaz,Emlakjet,1.0,5,29.508196721311478,1,5.198497031265826,1.9459101490553132,1080.0,1350.0,1562371.4285714286,0,0.0,0.3703703703703704,Bağcılar_6,3563571.4285714286
Bağcılar,170,4.5,7.5,320000.0,0.0,3.0,8,Doğalgaz,Emlakjet,1.0,5,36.95652173913044,1,5.14166355650266,1.7047480922384253,765.0,1275.0,1562371.4285714286,0,0.0,0.3703703703703704,Bağcılar_4,1425844.8717948718
Bağcılar,90,3.0,7.5,850000.0,0.0,3.0,8,Doğalgaz,Emlakjet,1.0,5,29.032258064516128,1,4.51085950651685,1.3862943611198906,270.0,675.0,1562371.4285714286,0,0.0,0.3703703703703704,Bağcılar_3,1368423.6641221375
Bağcılar,42,3.0,7.5,1150000.0,0.0,3.0,8,Doğalgaz,Emlakjet,1.0,5,13.548387096774194,1,3.7612001156935624,1.3862943611198906,126.0,315.0,1562371.4285714286,0,0.0,0.3703703703703704,Bağcılar_3,1368423.6641221375
Bağcılar,95,3.0,4.0,1915000.0,0.0,3.0,8,Doğalgaz,Emlakjet,1.0,5,30.64516129032258,0,4.564348191467836,1.3862943611198906,285.0,380.0,1562371.4285714286,0,0.0,0.3703703703703704,Bağcılar_3,1368423.6641221375
Bağcılar,146,3.0,4.0,400000.0,0.0,3.0,8,Doğalgaz,Emlakjet,1.0,5,47.096774193548384,0,4.990432586778736,1.3862943611198906,438.0,584.0,1562371.4285714286,0,0.0,0.3703703703703704,Bağcılar_3,1368423.6641221375
Bağcılar,165,4.0,13.0,1150000.0,0.0,3.0,8,Doğalgaz,Emlakjet,1.0,5,40.243902439024396,2,5.111987788356544,1.6094379124341003,660.0,2145.0,1562371.4285714286,0,0.0,0.3703703703703704,Bağcılar_4,1425844.8717948718
Bağcılar,95,3.0,4.0,1150000.0,0.0,3.0,8,Doğalgaz,Emlakjet,1.0,5,30.64516129032258,0,4.564348191467836,1.3862943611198906,285.0,380.0,1562371.4285714286,0,0.0,0.3703703703703704,Bağcılar_3,1368423.6641221375
Bağcılar,150,5.0,10.0,1200000.0,0.0,3.0,8,Doğalgaz,Emlakjet,1.0,5,29.411764705882355,1,5.017279836814924,1.791759469228055,750.0,1500.0,1562371.4285714286,0,0.0,0.3703703703703704,Bağcılar_5,1432500.0
Bağcılar,121,3.0,7.5,1995000.0,0.0,3.0,8,Doğalgaz,Emlakjet,1.0,5,39.03225806451613,1,4.804021044733257,1.3862943611198906,363.0,907.5,1562371.4285714286,0,0.0,0.3703703703703704,Bağcılar_3,1368423.6641221375
Bağcılar,135,3.0,10.0,2000000.0,0.0,3.0,8,Doğalgaz,Emlakjet,1.0,5,43.54838709677419,1,4.912654885736052,1.3862943611198906,405.0,1350.0,1562371.4285714286,0,0.0,0.3703703703703704,Bağcılar_3,1368423.6641221375
Bağcılar,135,3.0,7.5,3000000.0,0.0,3.0,8,Doğalgaz,Emlakjet,1.0,5,43.54838709677419,1,4.912654885736052,1.3862943611198906,405.0,1012.5,1562371.4285714286,0,0.0,0.3703703703703704,Bağcılar_3,1368423.6641221375
Bağcılar,180,4.0,7.5,850000.0,0.0,3.0,8,Doğalgaz,Emlakjet,1.0,5,43.90243902439025,1,5.198497031265826,1.6094379124341003,720.0,1350.0,1562371.4285714286,0,0.0,0.3703703703703704,Bağcılar_4,1425844.8717948718
Bağcılar,115,3.0,7.5,900000.0,0.0,3.0,8,Doğalgaz,Emlakjet,1.0,5,37.096774193548384,1,4.7535901911063645,1.3862943611198906,345.0,862.5,1562371.4285714286,0,0.0,0.3703703703703704,Bağcılar_3,1368423.6641221375
Bağcılar,85,3.0,10.0,1780000.0,0.0,3.0,8,Doğalgaz,Emlakjet,1.0,5,27.419354838709676,1,4.454347296253507,1.3862943611198906,255.0,850.0,1562371.4285714286,0,0.0,0.3703703703703704,Bağcılar_3,1368423.6641221375
Bağcılar,80,3.0,30.0,2500000.0,0.0,3.0,8,Doğalgaz,Emlakjet,1.0,5,25.806451612903224,3,4.394449154672439,1.3862943611198906,240.0,2400.0,1562371.4285714286,0,0.0,0.3703703703703704,Bağcılar_3,1368423.6641221375
Bağcılar,165,4.0,7.5,800000.0,0.0,3.0,8,Doğalgaz,Emlakjet,1.0,5,40.243902439024396,1,5.111987788356544,1.6094379124341003,660.0,1237.5,1562371.4285714286,0,0.0,0.3703703703703704,Bağcılar_4,1425844.8717948718
Bağcılar,160,4.0,30.0,700000.0,0.0,3.0,8,Doğalgaz,Emlakjet,1.0,5,39.024390243902445,3,5.081404364984463,1.6094379124341003,640.0,4800.0,1562371.4285714286,0,0.0,0.3703703703703704,Bağcılar_4,1425844.8717948718
Bağcılar,135,4.0,3.0,2225000.0,0.0,3.0,8,Doğalgaz,Emlakjet,1.0,5,32.926829268292686,0,4.912654885736052,1.6094379124341003,540.0,405.0,1562371.4285714286,0,0.0,0.3703703703703704,Bağcılar_4,1425844.8717948718
Bağcılar,120,4.0,10.0,1375000.0,0.0,3.0,8,Doğalgaz,Emlakjet,1.0,5,29.26829268292683,1,4.795790545596741,1.6094379124341003,480.0,1200.0,1562371.4285714286,0,0.0,0.3703703703703704,Bağcılar_4,1425844.8717948718
Bağcılar,55,3.0,2.0,990000.0,0.0,3.0,8,Doğalgaz,Emlakjet,1.0,5,17.741935483870968,0,4.02535169073515,1.3862943611198906,165.0,110.0,1562371.4285714286,0,0.0,0.3703703703703704,Bağcılar_3,1368423.6641221375
Bağcılar,100,3.0,3.0,2070000.0,0.0,3.0,8,Doğalgaz,Emlakjet,1.0,5,32.25806451612903,0,4.61512051684126,1.3862943611198906,300.0,300.0,1562371.4285714286,0,0.0,0.3703703703703704,Bağcılar_3,1368423.6641221375
Bağcılar,130,4.0,2.0,775000.0,0.0,3.0,8,Doğalgaz,Emlakjet,1.0,5,31.707317073170735,0,4.875197323201151,1.6094379124341003,520.0,260.0,1562371.4285714286,0,0.0,0.3703703703703704,Bağcılar_4,1425844.8717948718
Bağcılar,110,3.5,2.0,1950000.0,0.0,3.0,8,Doğalgaz,Emlakjet,1.0,5,30.555555555555554,0,4.709530201312334,1.5040773967762742,385.0,220.0,1562371.4285714286,0,0.0,0.3703703703703704,Bağcılar_3,1368423.6641221375
Bağcılar,200,6.0,7.5,675000.0,0.0,3.0,8,Doğalgaz,Emlakjet,1.0,5,32.786885245901644,1,5.303304908059076,1.9459101490553132,1200.0,1500.0,1562371.4285714286,0,0.0,0.3703703703703704,Bağcılar_6,3563571.4285714286
Bağcılar,100,3.0,10.0,169000.0,0.0,3.0,8,Doğalgaz,Emlakjet,1.0,5,32.25806451612903,1,4.61512051684126,1.3862943611198906,300.0,1000.0,1562371.4285714286,0,0.0,0.3703703703703704,Bağcılar_3,1368423.6641221375
Bağcılar,85,3.0,30.0,2150000.0,0.0,3.0,8,Doğalgaz,Emlakjet,1.0,5,27.419354838709676,3,4.454347296253507,1.3862943611198906,255.0,2550.0,1562371.4285714286,0,0.0,0.3703703703703704,Bağcılar_3,1368423.6641221375
Bağcılar,110,3.0,7.5,705000.0,0.0,3.0,8,Doğalgaz,Emlakjet,1.0,5,35.483870967741936,1,4.709530201312334,1.3862943611198906,330.0,825.0,1562371.4285714286,0,0.0,0.3703703703703704,Bağcılar_3,1368423.6641221375
Bağcılar,105,3.0,30.0,850000.0,0.0,3.0,8,Doğalgaz,Emlakjet,1.0,5,33.87096774193548,3,4.663439094112067,1.3862943611198906,315.0,3150.0,1562371.4285714286,0,0.0,0.3703703703703704,Bağcılar_3,1368423.6641221375
Bağcılar,90,3.0,7.5,515000.0,0.0,3.0,8,Doğalgaz,Emlakjet,1.0,5,29.032258064516128,1,4.51085950651685,1.3862943611198906,270.0,675.0,1562371.4285714286,0,0.0,0.3703703703703704,Bağcılar_3,1368423.6641221375
Bağcılar,120,4.0,7.5,2650000.0,0.0,3.0,8,Doğalgaz,Emlakjet,1.0,5,29.26829268292683,1,4.795790545596741,1.6094379124341003,480.0,900.0,1562371.4285714286,0,0.0,0.3703703703703704,Bağcılar_4,1425844.8717948718
Bağcılar,500,3.0,30.0,278000.0,0.0,3.0,8,Doğalgaz,Emlakjet,1.0,5,161.29032258064515,3,6.2166061010848646,1.3862943611198906,1500.0,15000.0,1562371.4285714286,0,0.0,0.3703703703703704,Bağcılar_3,1368423.6641221375
Bağcılar,115,3.5,7.5,1265000.0,0.0,3.0,8,Doğalgaz,Emlakjet,1.0,5,31.944444444444443,1,4.7535901911063645,1.5040773967762742,402.5,862.5,1562371.4285714286,0,0.0,0.3703703703703704,Bağcılar_3,1368423.6641221375
Bağcılar,100,3.0,2.0,850000.0,0.0,3.0,8,Doğalgaz,Emlakjet,1.0,5,32.25806451612903,0,4.61512051684126,1.3862943611198906,300.0,200.0,1562371.4285714286,0,0.0,0.3703703703703704,Bağcılar_3,1368423.6641221375
Bağcılar,100,3.0,4.0,945000.0,0.0,3.0,8,Doğalgaz,Emlakjet,1.0,5,32.25806451612903,0,4.61512051684126,1.3862943611198906,300.0,400.0,1562371.4285714286,0,0.0,0.3703703703703704,Bağcılar_3,1368423.6641221375
Bağcılar,51,2.0,7.5,2900000.0,0.0,3.0,8,Doğalgaz,Emlakjet,1.0,5,24.285714285714285,1,3.9512437185814275,1.0986122886681098,102.0,382.5,1562371.4285714286,0,0.0,0.3703703703703704,Bağcılar_2,1405294.1176470588
Bağcılar,105,3.0,7.5,1595000.0,0.0,3.0,8,Doğalgaz,Emlakjet,1.0,5,33.87096774193548,1,4.663439094112067,1.3862943611198906,315.0,787.5,1562371.4285714286,0,0.0,0.3703703703703704,Bağcılar_3,1368423.6641221375
Bağcılar,160,4.0,10.0,450000.0,0.0,3.0,8,Doğalgaz,Emlakjet,1.0,5,39.024390243902445,1,5.081404364984463,1.6094379124341003,640.0,1600.0,1562371.4285714286,0,0.0,0.3703703703703704,Bağcılar_4,1425844.8717948718
Bağcılar,120,4.0,7.5,815000.0,0.0,3.0,8,Doğalgaz,Emlakjet,1.0,5,29.26829268292683,1,4.795790545596741,1.6094379124341003,480.0,900.0,1562371.4285714286,0,0.0,0.3703703703703704,Bağcılar_4,1425844.8717948718
Bağcılar,180,6.0,7.5,1400000.0,0.0,3.0,8,Doğalgaz,Emlakjet,1.0,5,29.508196721311478,1,5.198497031265826,1.9459101490553132,1080.0,1350.0,1562371.4285714286,0,0.0,0.3703703703703704,Bağcılar_6,3563571.4285714286
Bağcılar,100,3.0,10.0,810000.0,0.0,3.0,8,Doğalgaz,Emlakjet,1.0,5,32.25806451612903,1,4.61512051684126,1.3862943611198906,300.0,1000.0,1562371.4285714286,0,0.0,0.3703703703703704,Bağcılar_3,1368423.6641221375
Bağcılar,118,3.0,30.0,1350000.0,0.0,3.0,8,Doğalgaz,Emlakjet,1.0,5,38.064516129032256,3,4.77912349311153,1.3862943611198906,354.0,3540.0,1562371.4285714286,0,0.0,0.3703703703703704,Bağcılar_3,1368423.6641221375
Bağcılar,120,3.0,3.0,820000.0,0.0,3.0,8,Doğalgaz,Emlakjet,1.0,5,38.70967741935484,0,4.795790545596741,1.3862943611198906,360.0,360.0,1562371.4285714286,0,0.0,0.3703703703703704,Bağcılar_3,1368423.6641221375
Bağcılar,170,6.0,13.0,450000.0,0.0,3.0,8,Doğalgaz,Emlakjet,1.0,5,27.868852459016395,2,5.14166355650266,1.9459101490553132,1020.0,2210.0,1562371.4285714286,0,0.0,0.3703703703703704,Bağcılar_6,3563571.4285714286
Bağcılar,110,4.0,2.0,859000.0,0.0,3.0,8,Doğalgaz,Emlakjet,1.0,5,26.82926829268293,0,4.709530201312334,1.6094379124341003,440.0,220.0,1562371.4285714286,0,0.0,0.3703703703703704,Bağcılar_4,1425844.8717948718
Bağcılar,165,4.0,7.5,710000.0,0.0,3.0,8,Doğalgaz,Emlakjet,1.0,5,40.243902439024396,1,5.111987788356544,1.6094379124341003,660.0,1237.5,1562371.4285714286,0,0.0,0.3703703703703704,Bağcılar_4,1425844.8717948718
Bağcılar,95,4.0,10.0,568000.0,0.0,3.0,8,Doğalgaz,Emlakjet,1.0,5,23.170731707317074,1,4.564348191467836,1.6094379124341003,380.0,950.0,1562371.4285714286,0,0.0,0.3703703703703704,Bağcılar_4,1425844.8717948718
Bağcılar,130,4.0,30.0,1520000.0,0.0,3.0,8,Doğalgaz,Emlakjet,1.0,5,31.707317073170735,3,4.875197323201151,1.6094379124341003,520.0,3900.0,1562371.4285714286,0,0.0,0.3703703703703704,Bağcılar_4,1425844.8717948718
Bağcılar,345,6.0,13.0,2200000.0,0.0,3.0,8,Doğalgaz,Emlakjet,1.0,5,56.55737704918033,2,5.846438775057725,1.9459101490553132,2070.0,4485.0,1562371.4285714286,0,0.0,0.3703703703703704,Bağcılar_6,3563571.4285714286
Bağcılar,170,4.0,7.5,925000.0,0.0,3.0,8,Doğalgaz,Emlakjet,1.0,5,41.463414634146346,1,5.14166355650266,1.6094379124341003,680.0,1275.0,1562371.4285714286,0,0.0,0.3703703703703704,Bağcılar_4,1425844.8717948718
Bağcılar,85,3.0,4.0,850000.0,0.0,3.0,8,Doğalgaz,Emlakjet,1.0,5,27.419354838709676,0,4.454347296253507,1.3862943611198906,255.0,340.0,1562371.4285714286,0,0.0,0.3703703703703704,Bağcılar_3,1368423.6641221375
Bağcılar,130,4.0,13.0,350000.0,0.0,3.0,8,Doğalgaz,Emlakjet,1.0,5,31.707317073170735,2,4.875197323201151,1.6094379124341003,520.0,1690.0,1562371.4285714286,0,0.0,0.3703703703703704,Bağcılar_4,1425844.8717948718
Bağcılar,160,4.0,10.0,840000.0,0.0,3.0,8,Doğalgaz,Emlakjet,1.0,5,39.024390243902445,1,5.081404364984463,1.6094379124341003,640.0,1600.0,1562371.4285714286,0,0.0,0.3703703703703704,Bağcılar_4,1425844.8717948718
Bağcılar,90,3.0,2.0,425000.0,0.0,3.0,8,Doğalgaz,Emlakjet,1.0,5,29.032258064516128,0,4.51085950651685,1.3862943611198906,270.0,180.0,1562371.4285714286,0,0.0,0.3703703703703704,Bağcılar_3,1368423.6641221375
Bağcılar,190,4.0,4.0,425000.0,0.0,3.0,8,Doğalgaz,Emlakjet,1.0,5,46.34146341463415,0,5.25227342804663,1.6094379124341003,760.0,760.0,1562371.4285714286,0,0.0,0.3703703703703704,Bağcılar_4,1425844.8717948718
Bağcılar,180,6.0,7.5,1400000.0,0.0,3.0,8,Doğalgaz,Emlakjet,1.0,5,29.508196721311478,1,5.198497031265826,1.9459101490553132,1080.0,1350.0,1562371.4285714286,0,0.0,0.3703703703703704,Bağcılar_6,3563571.4285714286
Bağcılar,120,3.0,10.0,720000.0,0.0,3.0,8,Doğalgaz,Emlakjet,1.0,5,38.70967741935484,1,4.795790545596741,1.3862943611198906,360.0,1200.0,1562371.4285714286,0,0.0,0.3703703703703704,Bağcılar_3,1368423.6641221375
Bağcılar,103,3.0,7.5,1780000.0,0.0,3.0,8,Doğalgaz,Emlakjet,1.0,5,33.225806451612904,1,4.6443908991413725,1.3862943611198906,309.0,772.5,1562371.4285714286,0,0.0,0.3703703703703704,Bağcılar_3,1368423.6641221375
Bağcılar,155,4.0,4.0,635000.0,0.0,3.0,8,Doğalgaz,Emlakjet,1.0,5,37.80487804878049,0,5.049856007249537,1.6094379124341003,620.0,620.0,1562371.4285714286,0,0.0,0.3703703703703704,Bağcılar_4,1425844.8717948718
Bağcılar,1896,7.0,13.0,7849000.0,0.0,3.0,8,Doğalgaz,Emlakjet,1.0,5,267.0422535211268,2,7.5480289699350145,2.0794415416798357,13272.0,24648.0,1562371.4285714286,0,0.0,0.3703703703703704,Bağcılar_7,6229333.333333333
Bağcılar,180,4.0,7.5,460000.0,0.0,3.0,8,Doğalgaz,Emlakjet,1.0,5,43.90243902439025,1,5.198497031265826,1.6094379124341003,720.0,1350.0,1562371.4285714286,0,0.0,0.3703703703703704,Bağcılar_4,1425844.8717948718
Bağcılar,130,3.0,13.0,530000.0,0.0,3.0,8,Doğalgaz,Emlakjet,1.0,5,41.935483870967744,2,4.875197323201151,1.3862943611198906,390.0,1690.0,1562371.4285714286,0,0.0,0.3703703703703704,Bağcılar_3,1368423.6641221375
Bağcılar,85,3.0,13.0,1675000.0,0.0,3.0,8,Doğalgaz,Emlakjet,1.0,5,27.419354838709676,2,4.454347296253507,1.3862943611198906,255.0,1105.0,1562371.4285714286,0,0.0,0.3703703703703704,Bağcılar_3,1368423.6641221375
Bağcılar,81,3.0,7.5,2500000.0,0.0,3.0,8,Doğalgaz,Emlakjet,1.0,5,26.129032258064516,1,4.406719247264253,1.3862943611198906,243.0,607.5,1562371.4285714286,0,0.0,0.3703703703703704,Bağcılar_3,1368423.6641221375
Bağcılar,13500,3.0,30.0,640000.0,0.0,3.0,8,Doğalgaz,Emlakjet,1.0,5,4354.8387096774195,3,9.510519035757246,1.3862943611198906,40500.0,405000.0,1562371.4285714286,0,0.0,0.3703703703703704,Bağcılar_3,1368423.6641221375
Bağcılar,85,3.0,7.5,525000.0,0.0,3.0,8,Doğalgaz,Emlakjet,1.0,5,27.419354838709676,1,4.454347296253507,1.3862943611198906,255.0,637.5,1562371.4285714286,0,0.0,0.3703703703703704,Bağcılar_3,1368423.6641221375
Bağcılar,120,6.0,3.0,1270000.0,0.0,3.0,8,Doğalgaz,Emlakjet,1.0,5,19.672131147540984,0,4.795790545596741,1.9459101490553132,720.0,360.0,1562371.4285714286,0,0.0,0.3703703703703704,Bağcılar_6,3563571.4285714286
Bağcılar,83,2.0,7.5,1550000.0,0.0,3.0,8,Doğalgaz,Emlakjet,1.0,5,39.523809523809526,1,4.430816798843313,1.0986122886681098,166.0,622.5,1562371.4285714286,0,0.0,0.3703703703703704,Bağcılar_2,1405294.1176470588
Bağcılar,120,4.0,10.0,400000.0,0.0,3.0,8,Doğalgaz,Emlakjet,1.0,5,29.26829268292683,1,4.795790545596741,1.6094379124341003,480.0,1200.0,1562371.4285714286,0,0.0,0.3703703703703704,Bağcılar_4,1425844.8717948718
Bağcılar,135,3.0,7.5,2490000.0,0.0,3.0,8,Doğalgaz,Emlakjet,1.0,5,43.54838709677419,1,4.912654885736052,1.3862943611198906,405.0,1012.5,1562371.4285714286,0,0.0,0.3703703703703704,Bağcılar_3,1368423.6641221375
Bağcılar,180,4.0,7.5,1150000.0,0.0,3.0,8,Doğalgaz,Emlakjet,1.0,5,43.90243902439025,1,5.198497031265826,1.6094379124341003,720.0,1350.0,1562371.4285714286,0,0.0,0.3703703703703704,Bağcılar_4,1425844.8717948718
Bağcılar,180,6.0,7.5,2050000.0,0.0,3.0,8,Doğalgaz,Emlakjet,1.0,5,29.508196721311478,1,5.198497031265826,1.9459101490553132,1080.0,1350.0,1562371.4285714286,0,0.0,0.3703703703703704,Bağcılar_6,3563571.4285714286
Bağcılar,140,4.0,10.0,1735000.0,0.0,3.0,8,Doğalgaz,Emlakjet,1.0,5,34.146341463414636,1,4.948759890378168,1.6094379124341003,560.0,1400.0,1562371.4285714286,0,0.0,0.3703703703703704,Bağcılar_4,1425844.8717948718
Bağcılar,110,3.0,10.0,16500000.0,0.0,3.0,8,Doğalgaz,Emlakjet,1.0,5,35.483870967741936,1,4.709530201312334,1.3862943611198906,330.0,1100.0,1562371.4285714286,0,0.0,0.3703703703703704,Bağcılar_3,1368423.6641221375
Bağcılar,1896,8.0,13.0,2500000.0,0.0,3.0,8,Doğalgaz,Emlakjet,1.0,5,234.07407407407408,2,7.5480289699350145,2.1972245773362196,15168.0,24648.0,1562371.4285714286,0,0.0,0.3703703703703704,Bağcılar_8,2500000.0
Bağcılar,125,3.0,1.0,650000.0,0.0,3.0,8,Doğalgaz,Emlakjet,1.0,5,40.32258064516129,0,4.836281906951478,1.3862943611198906,375.0,125.0,1562371.4285714286,0,0.0,0.3703703703703704,Bağcılar_3,1368423.6641221375
Bağcılar,110,3.0,30.0,920000.0,0.0,3.0,8,Doğalgaz,Emlakjet,1.0,5,35.483870967741936,3,4.709530201312334,1.3862943611198906,330.0,3300.0,1562371.4285714286,0,0.0,0.3703703703703704,Bağcılar_3,1368423.6641221375
Bağcılar,120,4.0,1.0,1440000.0,0.0,3.0,8,Doğalgaz,Emlakjet,1.0,5,29.26829268292683,0,4.795790545596741,1.6094379124341003,480.0,120.0,1562371.4285714286,0,0.0,0.3703703703703704,Bağcılar_4,1425844.8717948718
Bağcılar,160,4.0,10.0,2700000.0,0.0,3.0,8,Doğalgaz,Emlakjet,1.0,5,39.024390243902445,1,5.081404364984463,1.6094379124341003,640.0,1600.0,1562371.4285714286,0,0.0,0.3703703703703704,Bağcılar_4,1425844.8717948718
Bağcılar,155,4.0,3.0,650000.0,0.0,3.0,8,Doğalgaz,Emlakjet,1.0,5,37.80487804878049,0,5.049856007249537,1.6094379124341003,620.0,465.0,1562371.4285714286,0,0.0,0.3703703703703704,Bağcılar_4,1425844.8717948718
Bağcılar,110,3.0,10.0,785000.0,0.0,3.0,8,Doğalgaz,Emlakjet,1.0,5,35.483870967741936,1,4.709530201312334,1.3862943611198906,330.0,1100.0,1562371.4285714286,0,0.0,0.3703703703703704,Bağcılar_3,1368423.6641221375
Bağcılar,90,3.0,10.0,1950000.0,0.0,3.0,8,Doğalgaz,Emlakjet,1.0,5,29.032258064516128,1,4.51085950651685,1.3862943611198906,270.0,900.0,1562371.4285714286,0,0.0,0.3703703703703704,Bağcılar_3,1368423.6641221375
Bağcılar,150,4.0,3.0,950000.0,0.0,3.0,8,Doğalgaz,Emlakjet,1.0,5,36.58536585365854,0,5.017279836814924,1.6094379124341003,600.0,450.0,1562371.4285714286,0,0.0,0.3703703703703704,Bağcılar_4,1425844.8717948718
Bağcılar,95,3.0,10.0,1500000.0,0.0,3.0,8,Doğalgaz,Emlakjet,1.0,5,30.64516129032258,1,4.564348191467836,1.3862943611198906,285.0,950.0,1562371.4285714286,0,0.0,0.3703703703703704,Bağcılar_3,1368423.6641221375
Bağcılar,160,4.0,10.0,850000.0,0.0,3.0,8,Doğalgaz,Emlakjet,1.0,5,39.024390243902445,1,5.081404364984463,1.6094379124341003,640.0,1600.0,1562371.4285714286,0,0.0,0.3703703703703704,Bağcılar_4,1425844.8717948718
Bağcılar,90,3.0,10.0,695000.0,0.0,3.0,8,Doğalgaz,Emlakjet,1.0,5,29.032258064516128,1,4.51085950651685,1.3862943611198906,270.0,900.0,1562371.4285714286,0,0.0,0.3703703703703704,Bağcılar_3,1368423.6641221375
Bağcılar,90,3.0,10.0,1045000.0,0.0,3.0,8,Doğalgaz,Emlakjet,1.0,5,29.032258064516128,1,4.51085950651685,1.3862943611198906,270.0,900.0,1562371.4285714286,0,0.0,0.3703703703703704,Bağcılar_3,1368423.6641221375
Bağcılar,110,4.0,2.0,1500000.0,0.0,3.0,8,Doğalgaz,Emlakjet,1.0,5,26.82926829268293,0,4.709530201312334,1.6094379124341003,440.0,220.0,1562371.4285714286,0,0.0,0.3703703703703704,Bağcılar_4,1425844.8717948718
Bağcılar,135,3.0,7.5,905000.0,0.0,3.0,8,Doğalgaz,Emlakjet,1.0,5,43.54838709677419,1,4.912654885736052,1.3862943611198906,405.0,1012.5,1562371.4285714286,0,0.0,0.3703703703703704,Bağcılar_3,1368423.6641221375
Bağcılar,110,3.0,2.0,1200000.0,0.0,3.0,8,Doğalgaz,Emlakjet,1.0,5,35.483870967741936,0,4.709530201312334,1.3862943611198906,330.0,220.0,1562371.4285714286,0,0.0,0.3703703703703704,Bağcılar_3,1368423.6641221375
Bağcılar,100,4.0,10.0,2800000.0,0.0,3.0,8,Doğalgaz,Emlakjet,1.0,5,24.390243902439025,1,4.61512051684126,1.6094379124341003,400.0,1000.0,1562371.4285714286,0,0.0,0.3703703703703704,Bağcılar_4,1425844.8717948718
Bağcılar,63,2.0,10.0,1350000.0,0.0,3.0,8,Doğalgaz,Emlakjet,1.0,5,30.0,1,4.1588830833596715,1.0986122886681098,126.0,630.0,1562371.4285714286,0,0.0,0.3703703703703704,Bağcılar_2,1405294.1176470588
Bağcılar,129,3.0,13.0,1200000.0,0.0,3.0,8,Doğalgaz,Emlakjet,1.0,5,41.61290322580645,2,4.867534450455582,1.3862943611198906,387.0,1677.0,1562371.4285714286,0,0.0,0.3703703703703704,Bağcılar_3,1368423.6641221375
Bağcılar,210,7.0,7.5,3839000.0,0.0,3.0,8,Doğalgaz,Emlakjet,1.0,5,29.577464788732396,1,5.351858133476067,2.0794415416798357,1470.0,1575.0,1562371.4285714286,0,0.0,0.3703703703703704,Bağcılar_7,6229333.333333333
Bağcılar,90,2.0,10.0,395000.0,0.0,3.0,8,Doğalgaz,Emlakjet,1.0,5,42.857142857142854,1,4.51085950651685,1.0986122886681098,180.0,900.0,1562371.4285714286,0,0.0,0.3703703703703704,Bağcılar_2,1405294.1176470588
Bağcılar,172,4.0,4.0,10100000.0,0.0,3.0,8,Doğalgaz,Emlakjet,1.0,5,41.951219512195124,0,5.153291594497779,1.6094379124341003,688.0,688.0,1562371.4285714286,0,0.0,0.3703703703703704,Bağcılar_4,1425844.8717948718
Bağcılar,1400,3.0,30.0,795000.0,0.0,3.0,8,Doğalgaz,Emlakjet,1.0,5,451.61290322580646,3,7.244941546337007,1.3862943611198906,4200.0,42000.0,1562371.4285714286,0,0.0,0.3703703703703704,Bağcılar_3,1368423.6641221375
Bağcılar,72,2.0,4.0,450000.0,0.0,3.0,8,Doğalgaz,Emlakjet,1.0,5,34.285714285714285,0,4.290459441148391,1.0986122886681098,144.0,288.0,1562371.4285714286,0,0.0,0.3703703703703704,Bağcılar_2,1405294.1176470588
Bağcılar,78,3.0,30.0,2000000.0,0.0,3.0,8,Doğalgaz,Emlakjet,1.0,5,25.161290322580644,3,4.3694478524670215,1.3862943611198906,234.0,2340.0,1562371.4285714286,0,0.0,0.3703703703703704,Bağcılar_3,1368423.6641221375
Bağcılar,75,2.0,1.0,980000.0,0.0,3.0,8,Doğalgaz,Emlakjet,1.0,5,35.714285714285715,0,4.330733340286331,1.0986122886681098,150.0,75.0,1562371.4285714286,0,0.0,0.3703703703703704,Bağcılar_2,1405294.1176470588
Bağcılar,120,4.0,13.0,670000.0,0.0,3.0,8,Doğalgaz,Emlakjet,1.0,5,29.26829268292683,2,4.795790545596741,1.6094379124341003,480.0,1560.0,1562371.4285714286,0,0.0,0.3703703703703704,Bağcılar_4,1425844.8717948718
Bağcılar,80,3.0,3.0,1200000.0,0.0,3.0,8,Doğalgaz,Emlakjet,1.0,5,25.806451612903224,0,4.394449154672439,1.3862943611198906,240.0,240.0,1562371.4285714286,0,0.0,0.3703703703703704,Bağcılar_3,1368423.6641221375
Bağcılar,79,2.0,10.0,1750000.0,0.0,3.0,8,Doğalgaz,Emlakjet,1.0,5,37.61904761904762,1,4.382026634673881,1.0986122886681098,158.0,790.0,1562371.4285714286,0,0.0,0.3703703703703704,Bağcılar_2,1405294.1176470588
Bağcılar,79,2.0,10.0,2800000.0,0.0,3.0,8,Doğalgaz,Emlakjet,1.0,5,37.61904761904762,1,4.382026634673881,1.0986122886681098,158.0,790.0,1562371.4285714286,0,0.0,0.3703703703703704,Bağcılar_2,1405294.1176470588
Bağcılar,116,3.0,10.0,2570000.0,0.0,3.0,8,Doğalgaz,Emlakjet,1.0,5,37.41935483870968,1,4.762173934797756,1.3862943611198906,348.0,1160.0,1562371.4285714286,0,0.0,0.3703703703703704,Bağcılar_3,1368423.6641221375
Bağcılar,127,3.0,1.0,2550000.0,0.0,3.0,8,Doğalgaz,Emlakjet,1.0,5,40.96774193548387,0,4.852030263919617,1.3862943611198906,381.0,127.0,1562371.4285714286,0,0.0,0.3703703703703704,Bağcılar_3,1368423.6641221375
Bağcılar,109,3.0,3.0,1100000.0,0.0,3.0,8,Doğalgaz,Emlakjet,1.0,5,35.16129032258065,0,4.700480365792417,1.3862943611198906,327.0,327.0,1562371.4285714286,0,0.0,0.3703703703703704,Bağcılar_3,1368423.6641221375
Bağcılar,79,2.0,10.0,2750000.0,0.0,3.0,8,Doğalgaz,Emlakjet,1.0,5,37.61904761904762,1,4.382026634673881,1.0986122886681098,158.0,790.0,1562371.4285714286,0,0.0,0.3703703703703704,Bağcılar_2,1405294.1176470588
Bağcılar,116,3.0,10.0,1200000.0,0.0,3.0,8,Doğalgaz,Emlakjet,1.0,5,37.41935483870968,1,4.762173934797756,1.3862943611198906,348.0,1160.0,1562371.4285714286,0,0.0,0.3703703703703704,Bağcılar_3,1368423.6641221375
Bağcılar,99,2.0,1.0,2000000.0,0.0,3.0,8,Doğalgaz,Emlakjet,1.0,5,47.14285714285714,0,4.605170185988092,1.0986122886681098,198.0,99.0,1562371.4285714286,0,0.0,0.3703703703703704,Bağcılar_2,1405294.1176470588
Bağcılar,145,3.0,7.5,4500000.0,0.0,3.0,8,Doğalgaz,Emlakjet,1.0,5,46.774193548387096,1,4.983606621708336,1.3862943611198906,435.0,1087.5,1562371.4285714286,0,0.0,0.3703703703703704,Bağcılar_3,1368423.6641221375
Bağcılar,310,5.0,7.5,2000000.0,0.0,3.0,8,Doğalgaz,Emlakjet,1.0,5,60.7843137254902,1,5.739792912179234,1.791759469228055,1550.0,2325.0,1562371.4285714286,0,0.0,0.3703703703703704,Bağcılar_5,1432500.0
Bağcılar,130,4.0,7.5,1500000.0,0.0,3.0,8,Doğalgaz,Emlakjet,1.0,5,31.707317073170735,1,4.875197323201151,1.6094379124341003,520.0,975.0,1562371.4285714286,0,0.0,0.3703703703703704,Bağcılar_4,1425844.8717948718
Bağcılar,198,5.0,10.0,1950000.0,0.0,3.0,8,Doğalgaz,Emlakjet,1.0,5,38.82352941176471,1,5.293304824724492,1.791759469228055,990.0,1980.0,1562371.4285714286,0,0.0,0.3703703703703704,Bağcılar_5,1432500.0
Bağcılar,135,4.0,4.0,350000.0,0.0,3.0,8,Doğalgaz,Emlakjet,1.0,5,32.926829268292686,0,4.912654885736052,1.6094379124341003,540.0,540.0,1562371.4285714286,0,0.0,0.3703703703703704,Bağcılar_4,1425844.8717948718
Bağcılar,170,4.0,4.0,2600000.0,0.0,3.0,8,Doğalgaz,Emlakjet,1.0,5,41.463414634146346,0,5.14166355650266,1.6094379124341003,680.0,680.0,1562371.4285714286,0,0.0,0.3703703703703704,Bağcılar_4,1425844.8717948718
Bağcılar,163,4.0,4.0,1300000.0,0.0,3.0,8,Doğalgaz,Emlakjet,1.0,5,39.75609756097561,0,5.099866427824199,1.6094379124341003,652.0,652.0,1562371.4285714286,0,0.0,0.3703703703703704,Bağcılar_4,1425844.8717948718
Bağcılar,124,3.0,3.0,750000.0,0.0,3.0,8,Doğalgaz,Emlakjet,1.0,5,40.0,0,4.8283137373023015,1.3862943611198906,372.0,372.0,1562371.4285714286,0,0.0,0.3703703703703704,Bağcılar_3,1368423.6641221375
Bağcılar,62,2.0,3.0,820000.0,0.0,3.0,8,Doğalgaz,Emlakjet,1.0,5,29.523809523809522,0,4.143134726391533,1.0986122886681098,124.0,186.0,1562371.4285714286,0,0.0,0.3703703703703704,Bağcılar_2,1405294.1176470588
Bağcılar,72,2.0,3.0,3000000.0,0.0,3.0,8,Doğalgaz,Emlakjet,1.0,5,34.285714285714285,0,4.290459441148391,1.0986122886681098,144.0,216.0,1562371.4285714286,0,0.0,0.3703703703703704,Bağcılar_2,1405294.1176470588
Bağcılar,172,4.0,7.5,999000.0,0.0,3.0,8,Doğalgaz,Emlakjet,1.0,5,41.951219512195124,1,5.153291594497779,1.6094379124341003,688.0,1290.0,1562371.4285714286,0,0.0,0.3703703703703704,Bağcılar_4,1425844.8717948718
Bağcılar,155,4.0,3.0,1850000.0,0.0,3.0,8,Doğalgaz,Emlakjet,1.0,5,37.80487804878049,0,5.049856007249537,1.6094379124341003,620.0,465.0,1562371.4285714286,0,0.0,0.3703703703703704,Bağcılar_4,1425844.8717948718
Bağcılar,170,4.0,7.5,1500000.0,0.0,3.0,8,Doğalgaz,Emlakjet,1.0,5,41.463414634146346,1,5.14166355650266,1.6094379124341003,680.0,1275.0,1562371.4285714286,0,0.0,0.3703703703703704,Bağcılar_4,1425844.8717948718
Bağcılar,125,3.0,3.0,650000.0,0.0,3.0,8,Doğalgaz,Emlakjet,1.0,5,40.32258064516129,0,4.836281906951478,1.3862943611198906,375.0,375.0,1562371.4285714286,0,0.0,0.3703703703703704,Bağcılar_3,1368423.6641221375
Bağcılar,90,3.0,4.0,610000.0,0.0,3.0,8,Doğalgaz,Emlakjet,1.0,5,29.032258064516128,0,4.51085950651685,1.3862943611198906,270.0,360.0,1562371.4285714286,0,0.0,0.3703703703703704,Bağcılar_3,1368423.6641221375
Bağcılar,60,2.0,4.0,890000.0,0.0,3.0,8,Doğalgaz,Emlakjet,1.0,5,28.57142857142857,0,4.110873864173311,1.0986122886681098,120.0,240.0,1562371.4285714286,0,0.0,0.3703703703703704,Bağcılar_2,1405294.1176470588
Bağcılar,110,3.0,10.0,2050000.0,0.0,3.0,8,Doğalgaz,Emlakjet,1.0,5,35.483870967741936,1,4.709530201312334,1.3862943611198906,330.0,1100.0,1562371.4285714286,0,0.0,0.3703703703703704,Bağcılar_3,1368423.6641221375
Bağcılar,135,4.0,3.0,1100000.0,0.0,3.0,8,Doğalgaz,Emlakjet,1.0,5,32.926829268292686,0,4.912654885736052,1.6094379124341003,540.0,405.0,1562371.4285714286,0,0.0,0.3703703703703704,Bağcılar_4,1425844.8717948718
Bağcılar,100,3.0,2.0,1100000.0,0.0,3.0,8,Doğalgaz,Emlakjet,1.0,5,32.25806451612903,0,4.61512051684126,1.3862943611198906,300.0,200.0,1562371.4285714286,0,0.0,0.3703703703703704,Bağcılar_3,1368423.6641221375
Bağcılar,123,4.0,30.0,4350000.0,0.0,3.0,8,Doğalgaz,Emlakjet,1.0,5,30.000000000000004,3,4.820281565605037,1.6094379124341003,492.0,3690.0,1562371.4285714286,0,0.0,0.3703703703703704,Bağcılar_4,1425844.8717948718
Bağcılar,300,6.0,7.5,700000.0,0.0,3.0,8,Doğalgaz,Emlakjet,1.0,5,49.18032786885246,1,5.707110264748875,1.9459101490553132,1800.0,2250.0,1562371.4285714286,0,0.0,0.3703703703703704,Bağcılar_6,3563571.4285714286
Bağcılar,110,3.0,13.0,1050000.0,0.0,3.0,8,Doğalgaz,Emlakjet,1.0,5,35.483870967741936,2,4.709530201312334,1.3862943611198906,330.0,1430.0,1562371.4285714286,0,0.0,0.3703703703703704,Bağcılar_3,1368423.6641221375
Bağcılar,130,4.0,1.0,620000.0,0.0,3.0,8,Doğalgaz,Emlakjet,1.0,5,31.707317073170735,0,4.875197323201151,1.6094379124341003,520.0,130.0,1562371.4285714286,0,0.0,0.3703703703703704,Bağcılar_4,1425844.8717948718
Sarıyer,330,5.0,7.5,35000000.0,0.0,3.0,8,Doğalgaz,Emlakjet,1.0,15,64.70588235294117,1,5.802118375377063,1.791759469228055,1650.0,2475.0,17196453.112033196,0,0.0,0.3703703703703704,Sarıyer_5,19499586.111111112
Sarıyer,117,4.0,7.5,2250000.0,0.0,3.0,8,Doğalgaz,Emlakjet,1.0,15,28.53658536585366,1,4.770684624465665,1.6094379124341003,468.0,877.5,17196453.112033196,0,0.0,0.3703703703703704,Sarıyer_4,27259729.72972973
Sarıyer,65,3.0,7.5,5850000.0,0.0,3.0,8,Doğalgaz,Emlakjet,1.0,15,20.967741935483872,1,4.189654742026425,1.3862943611198906,195.0,487.5,17196453.112033196,0,0.0,0.3703703703703704,Sarıyer_3,11066987.671232877
Sarıyer,460,4.5,10.0,5500000.0,0.0,3.0,8,Doğalgaz,Emlakjet,1.0,15,100.00000000000001,1,6.133398042996649,1.7047480922384253,2070.0,4600.0,17196453.112033196,0,0.0,0.3703703703703704,Sarıyer_4,27259729.72972973
Sarıyer,55,2.0,1.0,5600000.0,0.0,3.0,8,Doğalgaz,Emlakjet,1.0,15,26.19047619047619,0,4.02535169073515,1.0986122886681098,110.0,55.0,17196453.112033196,0,0.0,0.3703703703703704,Sarıyer_2,5727200.0
Sarıyer,170,3.0,1.0,650000.0,0.0,3.0,8,Doğalgaz,Emlakjet,1.0,15,54.83870967741935,0,5.14166355650266,1.3862943611198906,510.0,170.0,17196453.112033196,0,0.0,0.3703703703703704,Sarıyer_3,11066987.671232877
Sarıyer,210,3.0,3.0,12500000.0,0.0,3.0,8,Doğalgaz,Emlakjet,1.0,15,67.74193548387096,0,5.351858133476067,1.3862943611198906,630.0,630.0,17196453.112033196,0,0.0,0.3703703703703704,Sarıyer_3,11066987.671232877
Sarıyer,280,4.0,7.5,1800000.0,0.0,3.0,8,Doğalgaz,Emlakjet,1.0,15,68.29268292682927,1,5.638354669333745,1.6094379124341003,1120.0,2100.0,17196453.112033196,0,0.0,0.3703703703703704,Sarıyer_4,27259729.72972973
Sarıyer,45,3.0,10.0,3250000.0,0.0,3.0,8,Doğalgaz,Emlakjet,1.0,15,14.516129032258064,1,3.828641396489095,1.3862943611198906,135.0,450.0,17196453.112033196,0,0.0,0.3703703703703704,Sarıyer_3,11066987.671232877
Sarıyer,260,5.0,3.0,4350000.0,0.0,3.0,8,Doğalgaz,Emlakjet,1.0,15,50.98039215686275,0,5.564520407322694,1.791759469228055,1300.0,780.0,17196453.112033196,0,0.0,0.3703703703703704,Sarıyer_5,19499586.111111112
Sarıyer,1500,8.0,7.5,2600000.0,0.0,3.0,8,Doğalgaz,Emlakjet,1.0,15,185.1851851851852,1,7.313886831633462,2.1972245773362196,12000.0,11250.0,17196453.112033196,0,0.0,0.3703703703703704,Sarıyer_8,4168125.0
Sarıyer,45,3.0,10.0,2600000.0,0.0,3.0,8,Doğalgaz,Emlakjet,1.0,15,14.516129032258064,1,3.828641396489095,1.3862943611198906,135.0,450.0,17196453.112033196,0,0.0,0.3703703703703704,Sarıyer_3,11066987.671232877
Sarıyer,80,3.0,30.0,4800000.0,0.0,3.0,8,Doğalgaz,Emlakjet,1.0,15,25.806451612903224,3,4.394449154672439,1.3862943611198906,240.0,2400.0,17196453.112033196,0,0.0,0.3703703703703704,Sarıyer_3,11066987.671232877
Sarıyer,843,8.0,13.0,4675000.0,0.0,3.0,8,Doğalgaz,Emlakjet,1.0,15,104.07407407407408,2,6.738152494595957,2.1972245773362196,6744.0,10959.0,17196453.112033196,0,0.0,0.3703703703703704,Sarıyer_8,4168125.0
Sarıyer,135,3.0,7.5,5000000.0,0.0,3.0,8,Doğalgaz,Emlakjet,1.0,15,43.54838709677419,1,4.912654885736052,1.3862943611198906,405.0,1012.5,17196453.112033196,0,0.0,0.3703703703703704,Sarıyer_3,11066987.671232877
Sarıyer,610,3.0,30.0,3250000.0,0.0,3.0,8,Doğalgaz,Emlakjet,1.0,15,196.7741935483871,3,6.415096959171596,1.3862943611198906,1830.0,18300.0,17196453.112033196,0,0.0,0.3703703703703704,Sarıyer_3,11066987.671232877
Sarıyer,117,4.0,7.5,6500000.0,0.0,3.0,8,Doğalgaz,Emlakjet,1.0,15,28.53658536585366,1,4.770684624465665,1.6094379124341003,468.0,877.5,17196453.112033196,0,0.0,0.3703703703703704,Sarıyer_4,27259729.72972973
Sarıyer,88,2.0,7.5,2000000.0,0.0,3.0,8,Doğalgaz,Emlakjet,1.0,15,41.904761904761905,1,4.48863636973214,1.0986122886681098,176.0,660.0,17196453.112033196,0,0.0,0.3703703703703704,Sarıyer_2,5727200.0
Sarıyer,170,4.0,7.5,5000000.0,0.0,3.0,8,Doğalgaz,Emlakjet,1.0,15,41.463414634146346,1,5.14166355650266,1.6094379124341003,680.0,1275.0,17196453.112033196,0,0.0,0.3703703703703704,Sarıyer_4,27259729.72972973
Sarıyer,136,4.0,30.0,650000.0,0.0,3.0,8,Doğalgaz,Emlakjet,1.0,15,33.170731707317074,3,4.919980925828125,1.6094379124341003,544.0,4080.0,17196453.112033196,0,0.0,0.3703703703703704,Sarıyer_4,27259729.72972973
Sarıyer,185,4.0,30.0,5750000.0,0.0,3.0,8,Doğalgaz,Emlakjet,1.0,15,45.1219512195122,3,5.225746673713202,1.6094379124341003,740.0,5550.0,17196453.112033196,0,0.0,0.3703703703703704,Sarıyer_4,27259729.72972973
Sarıyer,700,8.0,30.0,2300000.0,0.0,3.0,8,Doğalgaz,Emlakjet,1.0,15,86.41975308641976,3,6.55250788703459,2.1972245773362196,5600.0,21000.0,17196453.112033196,0,0.0,0.3703703703703704,Sarıyer_8,4168125.0
Sarıyer,790,8.0,3.0,9800000.0,0.0,3.0,8,Doğalgaz,Emlakjet,1.0,15,97.53086419753087,0,6.673297967767654,2.1972245773362196,6320.0,2370.0,17196453.112033196,0,0.0,0.3703703703703704,Sarıyer_8,4168125.0
Sarıyer,430,7.0,7.5,4600000.0,0.0,3.0,8,Doğalgaz,Emlakjet,1.0,15,60.563380281690144,1,6.066108090103747,2.0794415416798357,3010.0,3225.0,17196453.112033196,0,0.0,0.3703703703703704,Sarıyer_7,5848846.153846154
Sarıyer,424,6.0,30.0,7500000.0,0.0,3.0,8,Doğalgaz,Emlakjet,1.0,15,69.50819672131148,3,6.052089168924417,1.9459101490553132,2544.0,12720.0,17196453.112033196,0,0.0,0.3703703703703704,Sarıyer_6,32780909.09090909
Sarıyer,180,6.0,30.0,13750000.0,0.0,3.0,8,Doğalgaz,Emlakjet,1.0,15,29.508196721311478,3,5.198497031265826,1.9459101490553132,1080.0,5400.0,17196453.112033196,0,0.0,0.3703703703703704,Sarıyer_6,32780909.09090909
Sarıyer,65,2.0,7.5,8600000.0,0.0,3.0,8,Doğalgaz,Emlakjet,1.0,15,30.952380952380953,1,4.189654742026425,1.0986122886681098,130.0,487.5,17196453.112033196,0,0.0,0.3703703703703704,Sarıyer_2,5727200.0
Sarıyer,400,3.0,30.0,990000.0,0.0,3.0,8,Doğalgaz,Emlakjet,1.0,15,129.03225806451613,3,5.993961427306569,1.3862943611198906,1200.0,12000.0,17196453.112033196,0,0.0,0.3703703703703704,Sarıyer_3,11066987.671232877
Sarıyer,170,4.0,30.0,6500000.0,0.0,3.0,8,Doğalgaz,Emlakjet,1.0,15,41.463414634146346,3,5.14166355650266,1.6094379124341003,680.0,5100.0,17196453.112033196,0,0.0,0.3703703703703704,Sarıyer_4,27259729.72972973
Sarıyer,370,5.0,30.0,4000000.0,0.0,3.0,8,Doğalgaz,Emlakjet,1.0,15,72.54901960784314,3,5.916202062607435,1.791759469228055,1850.0,11100.0,17196453.112033196,0,0.0,0.3703703703703704,Sarıyer_5,19499586.111111112
Sarıyer,13201,3.0,30.0,15900000.0,0.0,3.0,8,Doğalgaz,Emlakjet,1.0,15,4258.387096774193,3,9.488123612248716,1.3862943611198906,39603.0,396030.0,17196453.112033196,0,0.0,0.3703703703703704,Sarıyer_3,11066987.671232877
Sarıyer,215,4.5,10.0,14940000.0,0.0,3.0,8,Doğalgaz,Emlakjet,1.0,15,46.73913043478261,1,5.375278407684165,1.7047480922384253,967.5,2150.0,17196453.112033196,0,0.0,0.3703703703703704,Sarıyer_4,27259729.72972973
Sarıyer,204,4.0,10.0,7000000.0,0.0,3.0,8,Doğalgaz,Emlakjet,1.0,15,49.75609756097561,1,5.3230099791384085,1.6094379124341003,816.0,2040.0,17196453.112033196,0,0.0,0.3703703703703704,Sarıyer_4,27259729.72972973
Sarıyer,220,6.0,30.0,1825000.0,0.0,3.0,8,Doğalgaz,Emlakjet,1.0,15,36.0655737704918,3,5.3981627015177525,1.9459101490553132,1320.0,6600.0,17196453.112033196,0,0.0,0.3703703703703704,Sarıyer_6,32780909.09090909
Sarıyer,102,3.0,10.0,6500000.0,0.0,3.0,8,Doğalgaz,Emlakjet,1.0,15,32.90322580645161,1,4.634728988229636,1.3862943611198906,306.0,1020.0,17196453.112033196,0,0.0,0.3703703703703704,Sarıyer_3,11066987.671232877
Sarıyer,230,5.0,3.0,5000000.0,0.0,3.0,8,Doğalgaz,Emlakjet,1.0,15,45.09803921568628,0,5.442417710521793,1.791759469228055,1150.0,690.0,17196453.112033196,0,0.0,0.3703703703703704,Sarıyer_5,19499586.111111112
Sarıyer,369,5.0,30.0,7200000.0,0.0,3.0,8,Doğalgaz,Emlakjet,1.0,15,72.3529411764706,3,5.91350300563827,1.791759469228055,1845.0,11070.0,17196453.112033196,0,0.0,0.3703703703703704,Sarıyer_5,19499586.111111112
Sarıyer,321,7.0,30.0,17000000.0,0.0,3.0,8,Doğalgaz,Emlakjet,1.0,15,45.21126760563381,3,5.7745515455444085,2.0794415416798357,2247.0,9630.0,17196453.112033196,0,0.0,0.3703703703703704,Sarıyer_7,5848846.153846154
Sarıyer,95,3.0,3.0,6400000.0,0.0,3.0,8,Doğalgaz,Emlakjet,1.0,15,30.64516129032258,0,4.564348191467836,1.3862943611198906,285.0,285.0,17196453.112033196,0,0.0,0.3703703703703704,Sarıyer_3,11066987.671232877
Sarıyer,170,3.0,2.0,6750000.0,0.0,3.0,8,Doğalgaz,Emlakjet,1.0,15,54.83870967741935,0,5.14166355650266,1.3862943611198906,510.0,340.0,17196453.112033196,0,0.0,0.3703703703703704,Sarıyer_3,11066987.671232877
Sarıyer,142,3.0,7.5,3500000.0,0.0,3.0,8,Doğalgaz,Emlakjet,1.0,15,45.806451612903224,1,4.962844630259907,1.3862943611198906,426.0,1065.0,17196453.112033196,0,0.0,0.3703703703703704,Sarıyer_3,11066987.671232877
Sarıyer,120,4.0,30.0,650000.0,0.0,3.0,8,Doğalgaz,Emlakjet,1.0,15,29.26829268292683,3,4.795790545596741,1.6094379124341003,480.0,3600.0,17196453.112033196,0,0.0,0.3703703703703704,Sarıyer_4,27259729.72972973
Sarıyer,101,3.0,10.0,1100000.0,0.0,3.0,8,Doğalgaz,Emlakjet,1.0,15,32.58064516129032,1,4.624972813284271,1.3862943611198906,303.0,1010.0,17196453.112033196,0,0.0,0.3703703703703704,Sarıyer_3,11066987.671232877
Sarıyer,95,3.0,30.0,10850000.0,0.0,3.0,8,Doğalgaz,Emlakjet,1.0,15,30.64516129032258,3,4.564348191467836,1.3862943611198906,285.0,2850.0,17196453.112033196,0,0.0,0.3703703703703704,Sarıyer_3,11066987.671232877
Sarıyer,330,5.0,10.0,25900000.0,0.0,3.0,8,Doğalgaz,Emlakjet,1.0,15,64.70588235294117,1,5.802118375377063,1.791759469228055,1650.0,3300.0,17196453.112033196,0,0.0,0.3703703703703704,Sarıyer_5,19499586.111111112
Sarıyer,378,5.0,10.0,26200000.0,0.0,3.0,8,Doğalgaz,Emlakjet,1.0,15,74.11764705882354,1,5.937536205082426,1.791759469228055,1890.0,3780.0,17196453.112033196,0,0.0,0.3703703703703704,Sarıyer_5,19499586.111111112
Sarıyer,378,5.0,10.0,19000000.0,0.0,3.0,8,Doğalgaz,Emlakjet,1.0,15,74.11764705882354,1,5.937536205082426,1.791759469228055,1890.0,3780.0,17196453.112033196,0,0.0,0.3703703703703704,Sarıyer_5,19499586.111111112
Sarıyer,225,4.0,10.0,4900000.0,0.0,3.0,8,Doğalgaz,Emlakjet,1.0,15,54.87804878048781,1,5.420534999272286,1.6094379124341003,900.0,2250.0,17196453.112033196,0,0.0,0.3703703703703704,Sarıyer_4,27259729.72972973
Sarıyer,65,3.0,7.5,2000000.0,0.0,3.0,8,Doğalgaz,Emlakjet,1.0,15,20.967741935483872,1,4.189654742026425,1.3862943611198906,195.0,487.5,17196453.112033196,0,0.0,0.3703703703703704,Sarıyer_3,11066987.671232877
Sarıyer,60,3.0,2.0,6500000.0,0.0,3.0,8,Doğalgaz,Emlakjet,1.0,15,19.35483870967742,0,4.110873864173311,1.3862943611198906,180.0,120.0,17196453.112033196,0,0.0,0.3703703703703704,Sarıyer_3,11066987.671232877
Sarıyer,81,2.0,2.0,1300000.0,0.0,3.0,8,Doğalgaz,Emlakjet,1.0,15,38.57142857142857,0,4.406719247264253,1.0986122886681098,162.0,162.0,17196453.112033196,0,0.0,0.3703703703703704,Sarıyer_2,5727200.0
Sarıyer,225,4.5,10.0,23800000.0,0.0,3.0,8,Doğalgaz,Emlakjet,1.0,15,48.913043478260875,1,5.420534999272286,1.7047480922384253,1012.5,2250.0,17196453.112033196,0,0.0,0.3703703703703704,Sarıyer_4,27259729.72972973
Sarıyer,314,4.0,10.0,22700000.0,0.0,3.0,8,Doğalgaz,Emlakjet,1.0,15,76.58536585365854,1,5.752572638825633,1.6094379124341003,1256.0,3140.0,17196453.112033196,0,0.0,0.3703703703703704,Sarıyer_4,27259729.72972973
Sarıyer,244,4.5,10.0,28000000.0,0.0,3.0,8,Doğalgaz,Emlakjet,1.0,15,53.04347826086957,1,5.501258210544727,1.7047480922384253,1098.0,2440.0,17196453.112033196,0,0.0,0.3703703703703704,Sarıyer_4,27259729.72972973
Sarıyer,378,5.0,10.0,1000100.0,0.0,3.0,8,Doğalgaz,Emlakjet,1.0,15,74.11764705882354,1,5.937536205082426,1.791759469228055,1890.0,3780.0,17196453.112033196,0,0.0,0.3703703703703704,Sarıyer_5,19499586.111111112
Sarıyer,75,3.0,30.0,1000100.0,0.0,3.0,8,Doğalgaz,Emlakjet,1.0,15,24.193548387096772,3,4.330733340286331,1.3862943611198906,225.0,2250.0,17196453.112033196,0,0.0,0.3703703703703704,Sarıyer_3,11066987.671232877
Sarıyer,225,5.0,7.5,25900000.0,0.0,3.0,8,Doğalgaz,Emlakjet,1.0,15,44.11764705882353,1,5.420534999272286,1.791759469228055,1125.0,1687.5,17196453.112033196,0,0.0,0.3703703703703704,Sarıyer_5,19499586.111111112
Sarıyer,180,4.0,18.0,19000000.0,0.0,3.0,8,Doğalgaz,Emlakjet,1.0,15,43.90243902439025,2,5.198497031265826,1.6094379124341003,720.0,3240.0,17196453.112033196,0,0.0,0.3703703703703704,Sarıyer_4,27259729.72972973
Sarıyer,170,3.0,2.0,10500000.0,0.0,3.0,8,Doğalgaz,Emlakjet,1.0,15,54.83870967741935,0,5.14166355650266,1.3862943611198906,510.0,340.0,17196453.112033196,0,0.0,0.3703703703703704,Sarıyer_3,11066987.671232877
Sarıyer,198,4.0,4.0,3850000.0,0.0,3.0,8,Doğalgaz,Emlakjet,1.0,15,48.29268292682927,0,5.293304824724492,1.6094379124341003,792.0,792.0,17196453.112033196,0,0.0,0.3703703703703704,Sarıyer_4,27259729.72972973
Sarıyer,98,2.0,7.5,5500000.0,0.0,3.0,8,Doğalgaz,Emlakjet,1.0,15,46.666666666666664,1,4.59511985013459,1.0986122886681098,196.0,735.0,17196453.112033196,0,0.0,0.3703703703703704,Sarıyer_2,5727200.0
Sarıyer,123,3.0,1.0,21300000.0,0.0,3.0,8,Doğalgaz,Emlakjet,1.0,15,39.67741935483871,0,4.820281565605037,1.3862943611198906,369.0,123.0,17196453.112033196,0,0.0,0.3703703703703704,Sarıyer_3,11066987.671232877
Sarıyer,222,5.0,4.0,23800000.0,0.0,3.0,8,Doğalgaz,Emlakjet,1.0,15,43.529411764705884,0,5.407171771460119,1.791759469228055,1110.0,888.0,17196453.112033196,0,0.0,0.3703703703703704,Sarıyer_5,19499586.111111112
Sarıyer,400,7.0,18.0,4600000.0,0.0,3.0,8,Doğalgaz,Emlakjet,1.0,15,56.33802816901409,2,5.993961427306569,2.0794415416798357,2800.0,7200.0,17196453.112033196,0,0.0,0.3703703703703704,Sarıyer_7,5848846.153846154
Sarıyer,185,4.5,7.5,6950000.0,0.0,3.0,8,Doğalgaz,Emlakjet,1.0,15,40.21739130434783,1,5.225746673713202,1.7047480922384253,832.5,1387.5,17196453.112033196,0,0.0,0.3703703703703704,Sarıyer_4,27259729.72972973
Sarıyer,140,3.0,13.0,6700000.0,0.0,3.0,8,Doğalgaz,Emlakjet,1.0,15,45.16129032258064,2,4.948759890378168,1.3862943611198906,420.0,1820.0,17196453.112033196,0,0.0,0.3703703703703704,Sarıyer_3,11066987.671232877
Sarıyer,88,3.0,4.0,18000000.0,0.0,3.0,8,Doğalgaz,Emlakjet,1.0,15,28.387096774193548,0,4.48863636973214,1.3862943611198906,264.0,352.0,17196453.112033196,0,0.0,0.3703703703703704,Sarıyer_3,11066987.671232877
Sarıyer,64,2.0,7.5,760000.0,0.0,3.0,8,Doğalgaz,Emlakjet,1.0,15,30.476190476190474,1,4.174387269895637,1.0986122886681098,128.0,480.0,17196453.112033196,0,0.0,0.3703703703703704,Sarıyer_2,5727200.0
Sarıyer,308,4.0,4.0,4720000.0,0.0,3.0,8,Doğalgaz,Emlakjet,1.0,15,75.1219512195122,0,5.733341276897746,1.6094379124341003,1232.0,1232.0,17196453.112033196,0,0.0,0.3703703703703704,Sarıyer_4,27259729.72972973
Sarıyer,135,3.0,7.5,1500000.0,0.0,3.0,8,Doğalgaz,Emlakjet,1.0,15,43.54838709677419,1,4.912654885736052,1.3862943611198906,405.0,1012.5,17196453.112033196,0,0.0,0.3703703703703704,Sarıyer_3,11066987.671232877
Sarıyer,178,4.0,4.0,7000000.0,0.0,3.0,8,Doğalgaz,Emlakjet,1.0,15,43.41463414634147,0,5.187385805840755,1.6094379124341003,712.0,712.0,17196453.112033196,0,0.0,0.3703703703703704,Sarıyer_4,27259729.72972973
Sarıyer,146,3.0,4.0,5800000.0,0.0,3.0,8,Doğalgaz,Emlakjet,1.0,15,47.096774193548384,0,4.990432586778736,1.3862943611198906,438.0,584.0,17196453.112033196,0,0.0,0.3703703703703704,Sarıyer_3,11066987.671232877
Sarıyer,125,3.0,4.0,7000000.0,0.0,3.0,8,Doğalgaz,Emlakjet,1.0,15,40.32258064516129,0,4.836281906951478,1.3862943611198906,375.0,500.0,17196453.112033196,0,0.0,0.3703703703703704,Sarıyer_3,11066987.671232877
Sarıyer,250,5.5,4.0,11000000.0,0.0,3.0,8,Doğalgaz,Emlakjet,1.0,15,44.642857142857146,0,5.5254529391317835,1.8718021769015913,1375.0,1000.0,17196453.112033196,0,0.0,0.3703703703703704,Sarıyer_5,19499586.111111112
Sarıyer,250,5.0,4.0,2900000.0,0.0,3.0,8,Doğalgaz,Emlakjet,1.0,15,49.01960784313726,0,5.5254529391317835,1.791759469228055,1250.0,1000.0,17196453.112033196,0,0.0,0.3703703703703704,Sarıyer_5,19499586.111111112
Sarıyer,85,2.0,10.0,3250000.0,0.0,3.0,8,Doğalgaz,Emlakjet,1.0,15,40.476190476190474,1,4.454347296253507,1.0986122886681098,170.0,850.0,17196453.112033196,0,0.0,0.3703703703703704,Sarıyer_2,5727200.0
Sarıyer,85,2.0,4.0,12000000.0,0.0,3.0,8,Doğalgaz,Emlakjet,1.0,15,40.476190476190474,0,4.454347296253507,1.0986122886681098,170.0,340.0,17196453.112033196,0,0.0,0.3703703703703704,Sarıyer_2,5727200.0
Sarıyer,220,5.5,7.5,2150000.0,0.0,3.0,8,Doğalgaz,Emlakjet,1.0,15,39.285714285714285,1,5.3981627015177525,1.8718021769015913,1210.0,1650.0,17196453.112033196,0,0.0,0.3703703703703704,Sarıyer_5,19499586.111111112
Sarıyer,60,3.0,2.0,5650000.0,0.0,3.0,8,Doğalgaz,Emlakjet,1.0,15,19.35483870967742,0,4.110873864173311,1.3862943611198906,180.0,120.0,17196453.112033196,0,0.0,0.3703703703703704,Sarıyer_3,11066987.671232877
Sarıyer,115,3.0,3.0,3800000.0,0.0,3.0,8,Doğalgaz,Emlakjet,1.0,15,37.096774193548384,0,4.7535901911063645,1.3862943611198906,345.0,345.0,17196453.112033196,0,0.0,0.3703703703703704,Sarıyer_3,11066987.671232877
Sarıyer,85,2.0,4.0,3150000.0,0.0,3.0,8,Doğalgaz,Emlakjet,1.0,15,40.476190476190474,0,4.454347296253507,1.0986122886681098,170.0,340.0,17196453.112033196,0,0.0,0.3703703703703704,Sarıyer_2,5727200.0
Sarıyer,85,2.0,7.5,6000000.0,0.0,3.0,8,Doğalgaz,Emlakjet,1.0,15,40.476190476190474,1,4.454347296253507,1.0986122886681098,170.0,637.5,17196453.112033196,0,0.0,0.3703703703703704,Sarıyer_2,5727200.0
Sarıyer,165,3.0,4.0,1150000.0,0.0,3.0,8,Doğalgaz,Emlakjet,1.0,15,53.225806451612904,0,5.111987788356544,1.3862943611198906,495.0,660.0,17196453.112033196,0,0.0,0.3703703703703704,Sarıyer_3,11066987.671232877
Sarıyer,90,3.0,30.0,18000000.0,0.0,3.0,8,Doğalgaz,Emlakjet,1.0,15,29.032258064516128,3,4.51085950651685,1.3862943611198906,270.0,2700.0,17196453.112033196,0,0.0,0.3703703703703704,Sarıyer_3,11066987.671232877
Sarıyer,475,7.0,13.0,12500000.0,0.0,3.0,8,Doğalgaz,Emlakjet,1.0,15,66.90140845070422,2,6.16541785423142,2.0794415416798357,3325.0,6175.0,17196453.112033196,0,0.0,0.3703703703703704,Sarıyer_7,5848846.153846154
Sarıyer,140,4.0,30.0,16500000.0,0.0,3.0,8,Doğalgaz,Emlakjet,1.0,15,34.146341463414636,3,4.948759890378168,1.6094379124341003,560.0,4200.0,17196453.112033196,0,0.0,0.3703703703703704,Sarıyer_4,27259729.72972973
Sarıyer,140,4.0,30.0,690000.0,0.0,3.0,8,Doğalgaz,Emlakjet,1.0,15,34.146341463414636,3,4.948759890378168,1.6094379124341003,560.0,4200.0,17196453.112033196,0,0.0,0.3703703703703704,Sarıyer_4,27259729.72972973
Sarıyer,70,2.0,30.0,6500000.0,0.0,3.0,8,Doğalgaz,Emlakjet,1.0,15,33.33333333333333,3,4.2626798770413155,1.0986122886681098,140.0,2100.0,17196453.112033196,0,0.0,0.3703703703703704,Sarıyer_2,5727200.0
Sarıyer,161,4.0,1.0,2300000.0,0.0,3.0,8,Doğalgaz,Emlakjet,1.0,15,39.268292682926834,0,5.087596335232384,1.6094379124341003,644.0,161.0,17196453.112033196,0,0.0,0.3703703703703704,Sarıyer_4,27259729.72972973
Sarıyer,65,3.0,7.5,2500000.0,0.0,3.0,8,Doğalgaz,Emlakjet,1.0,15,20.967741935483872,1,4.189654742026425,1.3862943611198906,195.0,487.5,17196453.112033196,0,0.0,0.3703703703703704,Sarıyer_3,11066987.671232877
Sarıyer,360,7.0,13.0,2020000.0,0.0,3.0,8,Doğalgaz,Emlakjet,1.0,15,50.70422535211268,2,5.8888779583328805,2.0794415416798357,2520.0,4680.0,17196453.112033196,0,0.0,0.3703703703703704,Sarıyer_7,5848846.153846154
Sarıyer,45,3.0,10.0,3200000.0,0.0,3.0,8,Doğalgaz,Emlakjet,1.0,15,14.516129032258064,1,3.828641396489095,1.3862943611198906,135.0,450.0,17196453.112033196,0,0.0,0.3703703703703704,Sarıyer_3,11066987.671232877
Sarıyer,270,5.0,10.0,5700000.0,0.0,3.0,8,Doğalgaz,Emlakjet,1.0,15,52.94117647058824,1,5.602118820879701,1.791759469228055,1350.0,2700.0,17196453.112033196,0,0.0,0.3703703703703704,Sarıyer_5,19499586.111111112
Sarıyer,420,7.0,1.0,7000000.0,0.0,3.0,8,Doğalgaz,Emlakjet,1.0,15,59.15492957746479,0,6.042632833682381,2.0794415416798357,2940.0,420.0,17196453.112033196,0,0.0,0.3703703703703704,Sarıyer_7,5848846.153846154
Sarıyer,290,5.0,30.0,30000000.0,0.0,3.0,8,Doğalgaz,Emlakjet,1.0,15,56.86274509803922,3,5.673323267171493,1.791759469228055,1450.0,8700.0,17196453.112033196,0,0.0,0.3703703703703704,Sarıyer_5,19499586.111111112
Sarıyer,187,5.0,30.0,6900000.0,0.0,3.0,8,Doğalgaz,Emlakjet,1.0,15,36.66666666666667,3,5.236441962829949,1.791759469228055,935.0,5610.0,17196453.112033196,0,0.0,0.3703703703703704,Sarıyer_5,19499586.111111112
Sarıyer,320,7.0,18.0,6160000.0,0.0,3.0,8,Doğalgaz,Emlakjet,1.0,15,45.07042253521127,2,5.771441123130016,2.0794415416798357,2240.0,5760.0,17196453.112033196,0,0.0,0.3703703703703704,Sarıyer_7,5848846.153846154
Sarıyer,200,4.0,7.5,11000000.0,0.0,3.0,8,Doğalgaz,Emlakjet,1.0,15,48.78048780487805,1,5.303304908059076,1.6094379124341003,800.0,1500.0,17196453.112033196,0,0.0,0.3703703703703704,Sarıyer_4,27259729.72972973
Sarıyer,360,8.0,18.0,1600000.0,0.0,3.0,8,Doğalgaz,Emlakjet,1.0,15,44.44444444444444,2,5.8888779583328805,2.1972245773362196,2880.0,6480.0,17196453.112033196,0,0.0,0.3703703703703704,Sarıyer_8,4168125.0
Sarıyer,303,7.0,2.0,1980000.0,0.0,3.0,8,Doğalgaz,Emlakjet,1.0,15,42.67605633802817,0,5.717027701406222,2.0794415416798357,2121.0,606.0,17196453.112033196,0,0.0,0.3703703703703704,Sarıyer_7,5848846.153846154
Sarıyer,113,3.0,30.0,2950000.0,0.0,3.0,8,Doğalgaz,Emlakjet,1.0,15,36.45161290322581,3,4.736198448394496,1.3862943611198906,339.0,3390.0,17196453.112033196,0,0.0,0.3703703703703704,Sarıyer_3,11066987.671232877
Sarıyer,200,5.0,30.0,1250000.0,0.0,3.0,8,Doğalgaz,Emlakjet,1.0,15,39.21568627450981,3,5.303304908059076,1.791759469228055,1000.0,6000.0,17196453.112033196,0,0.0,0.3703703703703704,Sarıyer_5,19499586.111111112
Sarıyer,85,3.0,30.0,8500000.0,0.0,3.0,8,Doğalgaz,Emlakjet,1.0,15,27.419354838709676,3,4.454347296253507,1.3862943611198906,255.0,2550.0,17196453.112033196,0,0.0,0.3703703703703704,Sarıyer_3,11066987.671232877
Sarıyer,300,7.0,18.0,4275000.0,0.0,3.0,8,Doğalgaz,Emlakjet,1.0,15,42.25352112676057,2,5.707110264748875,2.0794415416798357,2100.0,5400.0,17196453.112033196,0,0.0,0.3703703703703704,Sarıyer_7,5848846.153846154
Sarıyer,250,7.0,13.0,7200000.0,0.0,3.0,8,Doğalgaz,Emlakjet,1.0,15,35.21126760563381,2,5.5254529391317835,2.0794415416798357,1750.0,3250.0,17196453.112033196,0,0.0,0.3703703703703704,Sarıyer_7,5848846.153846154
Sarıyer,200,4.0,4.0,11500000.0,0.0,3.0,8,Doğalgaz,Emlakjet,1.0,15,48.78048780487805,0,5.303304908059076,1.6094379124341003,800.0,800.0,17196453.112033196,0,0.0,0.3703703703703704,Sarıyer_4,27259729.72972973
Sarıyer,215,5.0,7.5,3650000.0,0.0,3.0,8,Doğalgaz,Emlakjet,1.0,15,42.15686274509804,1,5.375278407684165,1.791759469228055,1075.0,1612.5,17196453.112033196,0,0.0,0.3703703703703704,Sarıyer_5,19499586.111111112
Sarıyer,430,8.0,2.0,2020000.0,0.0,3.0,8,Doğalgaz,Emlakjet,1.0,15,53.086419753086425,0,6.066108090103747,2.1972245773362196,3440.0,860.0,17196453.112033196,0,0.0,0.3703703703703704,Sarıyer_8,4168125.0
Sarıyer,45,3.0,10.0,3500000.0,0.0,3.0,8,Doğalgaz,Emlakjet,1.0,15,14.516129032258064,1,3.828641396489095,1.3862943611198906,135.0,450.0,17196453.112033196,0,0.0,0.3703703703703704,Sarıyer_3,11066987.671232877
Sarıyer,81,2.0,2.0,3450000.0,0.0,3.0,8,Doğalgaz,Emlakjet,1.0,15,38.57142857142857,0,4.406719247264253,1.0986122886681098,162.0,162.0,17196453.112033196,0,0.0,0.3703703703703704,Sarıyer_2,5727200.0
Sarıyer,81,2.0,2.0,6300000.0,0.0,3.0,8,Doğalgaz,Emlakjet,1.0,15,38.57142857142857,0,4.406719247264253,1.0986122886681098,162.0,162.0,17196453.112033196,0,0.0,0.3703703703703704,Sarıyer_2,5727200.0
Sarıyer,170,3.0,2.0,4200000.0,0.0,3.0,8,Doğalgaz,Emlakjet,1.0,15,54.83870967741935,0,5.14166355650266,1.3862943611198906,510.0,340.0,17196453.112033196,0,0.0,0.3703703703703704,Sarıyer_3,11066987.671232877
Sarıyer,101,3.0,10.0,2500000.0,0.0,3.0,8,Doğalgaz,Emlakjet,1.0,15,32.58064516129032,1,4.624972813284271,1.3862943611198906,303.0,1010.0,17196453.112033196,0,0.0,0.3703703703703704,Sarıyer_3,11066987.671232877
Sarıyer,65,3.0,7.5,1100000.0,0.0,3.0,8,Doğalgaz,Emlakjet,1.0,15,20.967741935483872,1,4.189654742026425,1.3862943611198906,195.0,487.5,17196453.112033196,0,0.0,0.3703703703703704,Sarıyer_3,11066987.671232877
Sarıyer,100,3.0,1.0,3550000.0,0.0,3.0,8,Doğalgaz,Emlakjet,1.0,15,32.25806451612903,0,4.61512051684126,1.3862943611198906,300.0,100.0,17196453.112033196,0,0.0,0.3703703703703704,Sarıyer_3,11066987.671232877
Sarıyer,180,4.5,7.5,4400000.0,0.0,3.0,8,Doğalgaz,Emlakjet,1.0,15,39.130434782608695,1,5.198497031265826,1.7047480922384253,810.0,1350.0,17196453.112033196,0,0.0,0.3703703703703704,Sarıyer_4,27259729.72972973
Sarıyer,95,3.0,1.0,4350000.0,0.0,3.0,8,Doğalgaz,Emlakjet,1.0,15,30.64516129032258,0,4.564348191467836,1.3862943611198906,285.0,95.0,17196453.112033196,0,0.0,0.3703703703703704,Sarıyer_3,11066987.671232877
Sarıyer,95,3.0,1.0,2800000.0,0.0,3.0,8,Doğalgaz,Emlakjet,1.0,15,30.64516129032258,0,4.564348191467836,1.3862943611198906,285.0,95.0,17196453.112033196,0,0.0,0.3703703703703704,Sarıyer_3,11066987.671232877
Sarıyer,180,4.5,7.5,1500000.0,0.0,3.0,8,Doğalgaz,Emlakjet,1.0,15,39.130434782608695,1,5.198497031265826,1.7047480922384253,810.0,1350.0,17196453.112033196,0,0.0,0.3703703703703704,Sarıyer_4,27259729.72972973
Sarıyer,100,3.0,1.0,4900000.0,0.0,3.0,8,Doğalgaz,Emlakjet,1.0,15,32.25806451612903,0,4.61512051684126,1.3862943611198906,300.0,100.0,17196453.112033196,0,0.0,0.3703703703703704,Sarıyer_3,11066987.671232877
Sarıyer,164,4.0,3.0,3400000.0,0.0,3.0,8,Doğalgaz,Emlakjet,1.0,15,40.0,0,5.10594547390058,1.6094379124341003,656.0,492.0,17196453.112033196,0,0.0,0.3703703703703704,Sarıyer_4,27259729.72972973
Sarıyer,75,2.0,2.0,8000000.0,0.0,3.0,8,Doğalgaz,Emlakjet,1.0,15,35.714285714285715,0,4.330733340286331,1.0986122886681098,150.0,150.0,17196453.112033196,0,0.0,0.3703703703703704,Sarıyer_2,5727200.0
Sarıyer,155,4.0,30.0,34000000.0,0.0,3.0,8,Doğalgaz,Emlakjet,1.0,15,37.80487804878049,3,5.049856007249537,1.6094379124341003,620.0,4650.0,17196453.112033196,0,0.0,0.3703703703703704,Sarıyer_4,27259729.72972973
Sarıyer,850,8.0,10.0,4250000.0,0.0,3.0,8,Doğalgaz,Emlakjet,1.0,15,104.93827160493828,1,6.7464121285733745,2.1972245773362196,6800.0,8500.0,17196453.112033196,0,0.0,0.3703703703703704,Sarıyer_8,4168125.0
Sarıyer,100,2.0,4.0,7200000.0,0.0,3.0,8,Doğalgaz,Emlakjet,1.0,15,47.61904761904762,0,4.61512051684126,1.0986122886681098,200.0,400.0,17196453.112033196,0,0.0,0.3703703703703704,Sarıyer_2,5727200.0
Sarıyer,116,3.0,10.0,2500000.0,0.0,3.0,8,Doğalgaz,Emlakjet,1.0,15,37.41935483870968,1,4.762173934797756,1.3862943611198906,348.0,1160.0,17196453.112033196,0,0.0,0.3703703703703704,Sarıyer_3,11066987.671232877
Sarıyer,58,3.0,2.0,3300000.0,0.0,3.0,8,Doğalgaz,Emlakjet,1.0,15,18.70967741935484,0,4.07753744390572,1.3862943611198906,174.0,116.0,17196453.112033196,0,0.0,0.3703703703703704,Sarıyer_3,11066987.671232877
Sarıyer,210,4.0,3.0,29900000.0,0.0,3.0,8,Doğalgaz,Emlakjet,1.0,15,51.21951219512196,0,5.351858133476067,1.6094379124341003,840.0,630.0,17196453.112033196,0,0.0,0.3703703703703704,Sarıyer_4,27259729.72972973
Sarıyer,1483,3.0,30.0,3300000.0,0.0,3.0,8,Doğalgaz,Emlakjet,1.0,15,478.38709677419354,3,7.302496423727326,1.3862943611198906,4449.0,44490.0,17196453.112033196,0,0.0,0.3703703703703704,Sarıyer_3,11066987.671232877
Sarıyer,215,4.0,10.0,19390000.0,0.0,3.0,8,Doğalgaz,Emlakjet,1.0,15,52.43902439024391,1,5.375278407684165,1.6094379124341003,860.0,2150.0,17196453.112033196,0,0.0,0.3703703703703704,Sarıyer_4,27259729.72972973
Sarıyer,244,4.0,10.0,16700000.0,0.0,3.0,8,Doğalgaz,Emlakjet,1.0,15,59.51219512195122,1,5.501258210544727,1.6094379124341003,976.0,2440.0,17196453.112033196,0,0.0,0.3703703703703704,Sarıyer_4,27259729.72972973
Sarıyer,248,4.0,10.0,15395000.0,0.0,3.0,8,Doğalgaz,Emlakjet,1.0,15,60.487804878048784,1,5.517452896464707,1.6094379124341003,992.0,2480.0,17196453.112033196,0,0.0,0.3703703703703704,Sarıyer_4,27259729.72972973
Sarıyer,204,4.0,10.0,23400000.0,0.0,3.0,8,Doğalgaz,Emlakjet,1.0,15,49.75609756097561,1,5.3230099791384085,1.6094379124341003,816.0,2040.0,17196453.112033196,0,0.0,0.3703703703703704,Sarıyer_4,27259729.72972973
Sarıyer,378,5.0,10.0,950000.0,0.0,3.0,8,Doğalgaz,Emlakjet,1.0,15,74.11764705882354,1,5.937536205082426,1.791759469228055,1890.0,3780.0,17196453.112033196,0,0.0,0.3703703703703704,Sarıyer_5,19499586.111111112
Sarıyer,135,3.0,7.5,11000000.0,0.0,3.0,8,Doğalgaz,Emlakjet,1.0,15,43.54838709677419,1,4.912654885736052,1.3862943611198906,405.0,1012.5,17196453.112033196,0,0.0,0.3703703703703704,Sarıyer_3,11066987.671232877
Sarıyer,270,5.0,10.0,8750000.0,0.0,3.0,8,Doğalgaz,Emlakjet,1.0,15,52.94117647058824,1,5.602118820879701,1.791759469228055,1350.0,2700.0,17196453.112033196,0,0.0,0.3703703703703704,Sarıyer_5,19499586.111111112
Sarıyer,370,5.0,10.0,4000000.0,0.0,3.0,8,Doğalgaz,Emlakjet,1.0,15,72.54901960784314,1,5.916202062607435,1.791759469228055,1850.0,3700.0,17196453.112033196,0,0.0,0.3703703703703704,Sarıyer_5,19499586.111111112
Sarıyer,65,2.0,10.0,2100000.0,0.0,3.0,8,Doğalgaz,Emlakjet,1.0,15,30.952380952380953,1,4.189654742026425,1.0986122886681098,130.0,650.0,17196453.112033196,0,0.0,0.3703703703703704,Sarıyer_2,5727200.0
Sarıyer,50,3.0,10.0,5400000.0,0.0,3.0,8,Doğalgaz,Emlakjet,1.0,15,16.129032258064516,1,3.9318256327243257,1.3862943611198906,150.0,500.0,17196453.112033196,0,0.0,0.3703703703703704,Sarıyer_3,11066987.671232877
Sarıyer,245,5.0,10.0,4000000.0,0.0,3.0,8,Doğalgaz,Emlakjet,1.0,15,48.03921568627451,1,5.5053315359323625,1.791759469228055,1225.0,2450.0,17196453.112033196,0,0.0,0.3703703703703704,Sarıyer_5,19499586.111111112
Sarıyer,180,4.0,10.0,4500000.0,0.0,3.0,8,Doğalgaz,Emlakjet,1.0,15,43.90243902439025,1,5.198497031265826,1.6094379124341003,720.0,1800.0,17196453.112033196,0,0.0,0.3703703703703704,Sarıyer_4,27259729.72972973
Sarıyer,180,4.0,10.0,4200000.0,0.0,3.0,8,Doğalgaz,Emlakjet,1.0,15,43.90243902439025,1,5.198497031265826,1.6094379124341003,720.0,1800.0,17196453.112033196,0,0.0,0.3703703703703704,Sarıyer_4,27259729.72972973
Sarıyer,118,3.0,1.0,10200000.0,0.0,3.0,8,Doğalgaz,Emlakjet,1.0,15,38.064516129032256,0,4.77912349311153,1.3862943611198906,354.0,118.0,17196453.112033196,0,0.0,0.3703703703703704,Sarıyer_3,11066987.671232877
Sarıyer,255,5.0,7.5,5850000.0,0.0,3.0,8,Doğalgaz,Emlakjet,1.0,15,50.0,1,5.545177444479562,1.791759469228055,1275.0,1912.5,17196453.112033196,0,0.0,0.3703703703703704,Sarıyer_5,19499586.111111112
Sarıyer,163,3.0,10.0,7500000.0,0.0,3.0,8,Doğalgaz,Emlakjet,1.0,15,52.58064516129032,1,5.099866427824199,1.3862943611198906,489.0,1630.0,17196453.112033196,0,0.0,0.3703703703703704,Sarıyer_3,11066987.671232877
Sarıyer,310,4.0,10.0,13600000.0,0.0,3.0,8,Doğalgaz,Emlakjet,1.0,15,75.60975609756098,1,5.739792912179234,1.6094379124341003,1240.0,3100.0,17196453.112033196,0,0.0,0.3703703703703704,Sarıyer_4,27259729.72972973
Sarıyer,101,3.0,10.0,3150000.0,0.0,3.0,8,Doğalgaz,Emlakjet,1.0,15,32.58064516129032,1,4.624972813284271,1.3862943611198906,303.0,1010.0,17196453.112033196,0,0.0,0.3703703703703704,Sarıyer_3,11066987.671232877
Sarıyer,65,2.0,10.0,3500000.0,0.0,3.0,8,Doğalgaz,Emlakjet,1.0,15,30.952380952380953,1,4.189654742026425,1.0986122886681098,130.0,650.0,17196453.112033196,0,0.0,0.3703703703703704,Sarıyer_2,5727200.0
Sarıyer,101,3.0,10.0,13500000.0,0.0,3.0,8,Doğalgaz,Emlakjet,1.0,15,32.58064516129032,1,4.624972813284271,1.3862943611198906,303.0,1010.0,17196453.112033196,0,0.0,0.3703703703703704,Sarıyer_3,11066987.671232877
Sarıyer,200,5.0,10.0,3200000.0,0.0,3.0,8,Doğalgaz,Emlakjet,1.0,15,39.21568627450981,1,5.303304908059076,1.791759469228055,1000.0,2000.0,17196453.112033196,0,0.0,0.3703703703703704,Sarıyer_5,19499586.111111112
Sarıyer,81,2.0,3.0,3400000.0,0.0,3.0,8,Doğalgaz,Emlakjet,1.0,15,38.57142857142857,0,4.406719247264253,1.0986122886681098,162.0,243.0,17196453.112033196,0,0.0,0.3703703703703704,Sarıyer_2,5727200.0
Sarıyer,81,2.0,1.0,2750000.0,0.0,3.0,8,Doğalgaz,Emlakjet,1.0,15,38.57142857142857,0,4.406719247264253,1.0986122886681098,162.0,81.0,17196453.112033196,0,0.0,0.3703703703703704,Sarıyer_2,5727200.0
Sarıyer,72,2.0,7.5,3570000.0,0.0,3.0,8,Doğalgaz,Emlakjet,1.0,15,34.285714285714285,1,4.290459441148391,1.0986122886681098,144.0,540.0,17196453.112033196,0,0.0,0.3703703703703704,Sarıyer_2,5727200.0
Sarıyer,200,3.0,30.0,4100000.0,0.0,3.0,8,Doğalgaz,Emlakjet,1.0,15,64.51612903225806,3,5.303304908059076,1.3862943611198906,600.0,6000.0,17196453.112033196,0,0.0,0.3703703703703704,Sarıyer_3,11066987.671232877
Sarıyer,95,3.0,1.0,3250000.0,0.0,3.0,8,Doğalgaz,Emlakjet,1.0,15,30.64516129032258,0,4.564348191467836,1.3862943611198906,285.0,95.0,17196453.112033196,0,0.0,0.3703703703703704,Sarıyer_3,11066987.671232877
Sarıyer,360,6.0,13.0,3000000.0,0.0,3.0,8,Doğalgaz,Emlakjet,1.0,15,59.016393442622956,2,5.8888779583328805,1.9459101490553132,2160.0,4680.0,17196453.112033196,0,0.0,0.3703703703703704,Sarıyer_6,32780909.09090909
Sarıyer,280,7.0,18.0,1700000.0,0.0,3.0,8,Doğalgaz,Emlakjet,1.0,15,39.43661971830986,2,5.638354669333745,2.0794415416798357,1960.0,5040.0,17196453.112033196,0,0.0,0.3703703703703704,Sarıyer_7,5848846.153846154
Sarıyer,260,5.0,7.5,1800000.0,0.0,3.0,8,Doğalgaz,Emlakjet,1.0,15,50.98039215686275,1,5.564520407322694,1.791759469228055,1300.0,1950.0,17196453.112033196,0,0.0,0.3703703703703704,Sarıyer_5,19499586.111111112
Sarıyer,90,4.0,7.5,6500000.0,0.0,3.0,8,Doğalgaz,Emlakjet,1.0,15,21.951219512195124,1,4.51085950651685,1.6094379124341003,360.0,675.0,17196453.112033196,0,0.0,0.3703703703703704,Sarıyer_4,27259729.72972973
Sarıyer,135,3.0,7.5,400000.0,0.0,3.0,8,Doğalgaz,Emlakjet,1.0,15,43.54838709677419,1,4.912654885736052,1.3862943611198906,405.0,1012.5,17196453.112033196,0,0.0,0.3703703703703704,Sarıyer_3,11066987.671232877
Sarıyer,85,3.0,13.0,5750000.0,0.0,3.0,8,Doğalgaz,Emlakjet,1.0,15,27.419354838709676,2,4.454347296253507,1.3862943611198906,255.0,1105.0,17196453.112033196,0,0.0,0.3703703703703704,Sarıyer_3,11066987.671232877
Sarıyer,110,3.0,1.0,14000000.0,0.0,3.0,8,Doğalgaz,Emlakjet,1.0,15,35.483870967741936,0,4.709530201312334,1.3862943611198906,330.0,110.0,17196453.112033196,0,0.0,0.3703703703703704,Sarıyer_3,11066987.671232877
Sarıyer,80,2.0,4.0,6950000.0,0.0,3.0,8,Doğalgaz,Emlakjet,1.0,15,38.095238095238095,0,4.394449154672439,1.0986122886681098,160.0,320.0,17196453.112033196,0,0.0,0.3703703703703704,Sarıyer_2,5727200.0
Sarıyer,285,5.5,4.0,4500000.0,0.0,3.0,8,Doğalgaz,Emlakjet,1.0,15,50.892857142857146,0,5.655991810819852,1.8718021769015913,1567.5,1140.0,17196453.112033196,0,0.0,0.3703703703703704,Sarıyer_5,19499586.111111112
Sarıyer,140,3.0,4.0,4750000.0,0.0,3.0,8,Doğalgaz,Emlakjet,1.0,15,45.16129032258064,0,4.948759890378168,1.3862943611198906,420.0,560.0,17196453.112033196,0,0.0,0.3703703703703704,Sarıyer_3,11066987.671232877
Sarıyer,140,4.0,30.0,1800000.0,0.0,3.0,8,Doğalgaz,Emlakjet,1.0,15,34.146341463414636,3,4.948759890378168,1.6094379124341003,560.0,4200.0,17196453.112033196,0,0.0,0.3703703703703704,Sarıyer_4,27259729.72972973
Sarıyer,550,7.0,18.0,4000000.0,0.0,3.0,8,Doğalgaz,Emlakjet,1.0,15,77.46478873239437,2,6.311734809152915,2.0794415416798357,3850.0,9900.0,17196453.112033196,0,0.0,0.3703703703703704,Sarıyer_7,5848846.153846154
Sarıyer,280,4.0,7.5,570000.0,0.0,3.0,8,Doğalgaz,Emlakjet,1.0,15,68.29268292682927,1,5.638354669333745,1.6094379124341003,1120.0,2100.0,17196453.112033196,0,0.0,0.3703703703703704,Sarıyer_4,27259729.72972973
Sarıyer,90,2.0,30.0,3800000.0,0.0,3.0,8,Doğalgaz,Emlakjet,1.0,15,42.857142857142854,3,4.51085950651685,1.0986122886681098,180.0,2700.0,17196453.112033196,0,0.0,0.3703703703703704,Sarıyer_2,5727200.0
Sarıyer,165,4.0,7.5,3150000.0,0.0,3.0,8,Doğalgaz,Emlakjet,1.0,15,40.243902439024396,1,5.111987788356544,1.6094379124341003,660.0,1237.5,17196453.112033196,0,0.0,0.3703703703703704,Sarıyer_4,27259729.72972973
Sarıyer,750,9.0,7.5,4100000.0,0.0,3.0,8,Doğalgaz,Emlakjet,1.0,15,82.41758241758242,1,6.621405651764134,2.302585092994046,6750.0,5625.0,17196453.112033196,0,0.0,0.3703703703703704,Sarıyer_9,4100000.0
Sarıyer,170,3.0,2.0,12000000.0,0.0,3.0,8,Doğalgaz,Emlakjet,1.0,15,54.83870967741935,0,5.14166355650266,1.3862943611198906,510.0,340.0,17196453.112033196,0,0.0,0.3703703703703704,Sarıyer_3,11066987.671232877
Sarıyer,900,6.0,13.0,2600000.0,0.0,3.0,8,Doğalgaz,Emlakjet,1.0,15,147.54098360655738,2,6.803505257608338,1.9459101490553132,5400.0,11700.0,17196453.112033196,0,0.0,0.3703703703703704,Sarıyer_6,32780909.09090909
Sarıyer,105,3.0,7.5,3800000.0,0.0,3.0,8,Doğalgaz,Emlakjet,1.0,15,33.87096774193548,1,4.663439094112067,1.3862943611198906,315.0,787.5,17196453.112033196,0,0.0,0.3703703703703704,Sarıyer_3,11066987.671232877
Sarıyer,81,2.0,2.0,9000000.0,0.0,3.0,8,Doğalgaz,Emlakjet,1.0,15,38.57142857142857,0,4.406719247264253,1.0986122886681098,162.0,162.0,17196453.112033196,0,0.0,0.3703703703703704,Sarıyer_2,5727200.0
Sarıyer,81,2.0,1.0,6000000.0,0.0,3.0,8,Doğalgaz,Emlakjet,1.0,15,38.57142857142857,0,4.406719247264253,1.0986122886681098,162.0,81.0,17196453.112033196,0,0.0,0.3703703703703704,Sarıyer_2,5727200.0
Sarıyer,170,3.0,1.0,7400000.0,0.0,3.0,8,Doğalgaz,Emlakjet,1.0,15,54.83870967741935,0,5.14166355650266,1.3862943611198906,510.0,170.0,17196453.112033196,0,0.0,0.3703703703703704,Sarıyer_3,11066987.671232877
Sarıyer,175,4.0,7.5,4100000.0,0.0,3.0,8,Doğalgaz,Emlakjet,1.0,15,42.6829268292683,1,5.170483995038151,1.6094379124341003,700.0,1312.5,17196453.112033196,0,0.0,0.3703703703703704,Sarıyer_4,27259729.72972973
Sarıyer,600,3.0,30.0,5300000.0,0.0,3.0,8,Doğalgaz,Emlakjet,1.0,15,193.54838709677418,3,6.398594934535208,1.3862943611198906,1800.0,18000.0,17196453.112033196,0,0.0,0.3703703703703704,Sarıyer_3,11066987.671232877
Sarıyer,350,5.0,4.0,7000000.0,0.0,3.0,8,Doğalgaz,Emlakjet,1.0,15,68.62745098039215,0,5.860786223465865,1.791759469228055,1750.0,1400.0,17196453.112033196,0,0.0,0.3703703703703704,Sarıyer_5,19499586.111111112
Sarıyer,300,7.0,10.0,3000000.0,0.0,3.0,8,Doğalgaz,Emlakjet,1.0,15,42.25352112676057,1,5.707110264748875,2.0794415416798357,2100.0,3000.0,17196453.112033196,0,0.0,0.3703703703703704,Sarıyer_7,5848846.153846154
Sarıyer,110,3.0,30.0,6000000.0,0.0,3.0,8,Doğalgaz,Emlakjet,1.0,15,35.483870967741936,3,4.709530201312334,1.3862943611198906,330.0,3300.0,17196453.112033196,0,0.0,0.3703703703703704,Sarıyer_3,11066987.671232877
Sarıyer,140,3.0,1.0,3550000.0,0.0,3.0,8,Doğalgaz,Emlakjet,1.0,15,45.16129032258064,0,4.948759890378168,1.3862943611198906,420.0,140.0,17196453.112033196,0,0.0,0.3703703703703704,Sarıyer_3,11066987.671232877
Sarıyer,320,6.0,18.0,3000000.0,0.0,3.0,8,Doğalgaz,Emlakjet,1.0,15,52.459016393442624,2,5.771441123130016,1.9459101490553132,1920.0,5760.0,17196453.112033196,0,0.0,0.3703703703703704,Sarıyer_6,32780909.09090909
Sarıyer,148,3.0,3.0,3000000.0,0.0,3.0,8,Doğalgaz,Emlakjet,1.0,15,47.74193548387097,0,5.003946305945459,1.3862943611198906,444.0,444.0,17196453.112033196,0,0.0,0.3703703703703704,Sarıyer_3,11066987.671232877
Sarıyer,550,8.0,30.0,6100000.0,0.0,3.0,8,Doğalgaz,Emlakjet,1.0,15,67.90123456790124,3,6.311734809152915,2.1972245773362196,4400.0,16500.0,17196453.112033196,0,0.0,0.3703703703703704,Sarıyer_8,4168125.0
Sarıyer,160,4.0,18.0,2050000.0,0.0,3.0,8,Doğalgaz,Emlakjet,1.0,15,39.024390243902445,2,5.081404364984463,1.6094379124341003,640.0,2880.0,17196453.112033196,0,0.0,0.3703703703703704,Sarıyer_4,27259729.72972973
Sarıyer,220,5.0,18.0,7850000.0,0.0,3.0,8,Doğalgaz,Emlakjet,1.0,15,43.13725490196079,2,5.3981627015177525,1.791759469228055,1100.0,3960.0,17196453.112033196,0,0.0,0.3703703703703704,Sarıyer_5,19499586.111111112
Sarıyer,950,3.0,30.0,4900000.0,0.0,3.0,8,Doğalgaz,Emlakjet,1.0,15,306.4516129032258,3,6.85751406254539,1.3862943611198906,2850.0,28500.0,17196453.112033196,0,0.0,0.3703703703703704,Sarıyer_3,11066987.671232877
Sarıyer,250,5.0,7.5,3700000.0,0.0,3.0,8,Doğalgaz,Emlakjet,1.0,15,49.01960784313726,1,5.5254529391317835,1.791759469228055,1250.0,1875.0,17196453.112033196,0,0.0,0.3703703703703704,Sarıyer_5,19499586.111111112
Beşiktaş,100,2.0,5.0,20000000.0,1.0,3.0,10,Doğalgaz,Chatbot,1.0,8,47.61904761904762,0,4.61512051684126,1.0986122886681098,200.0,500.0,29936740.139211137,0,100.0,0.297029702970297,Beşiktaş_2,14200681.818181818
Esenyurt,80,2.0,3.0,6000000.0,1.0,2.0,8,Doğalgaz,Chatbot,1.0,9,38.095238095238095,0,4.394449154672439,1.0986122886681098,160.0,240.0,3380119.581602374,0,80.0,0.2469135802469136,Esenyurt_2,6067140.1869158875
Beşiktaş,120,3.0,6.0,25000000.0,1.0,4.0,12,Merkezi,Chatbot,0.5,8,38.70967741935484,1,4.795790545596741,1.3862943611198906,360.0,720.0,29936740.139211137,0,120.0,0.3305785123966942,Beşiktaş_3,27756909.722222224
Esenyurt,75,2.0,2.0,5500000.0,0.0,1.0,6,Doğalgaz,Chatbot,1.0,9,35.714285714285715,0,4.330733340286331,1.0986122886681098,150.0,150.0,3380119.581602374,0,0.0,0.1639344262295082,Esenyurt_2,6067140.1869158875
Beşiktaş,150,4.0,8.0,32000000.0,1.0,5.0,15,Doğalgaz,Chatbot,1.0,8,36.58536585365854,1,5.017279836814924,1.6094379124341003,600.0,1200.0,29936740.139211137,0,150.0,0.33112582781456956,Beşiktaş_4,27622500.0
Esenyurt,90,3.0,4.0,7000000.0,0.0,2.0,10,Merkezi,Chatbot,0.5,9,29.032258064516128,0,4.51085950651685,1.3862943611198906,270.0,360.0,3380119.581602374,0,0.0,0.19801980198019803,Esenyurt_3,2283923.5898876404
Beşiktaş,150,4.0,5.0,48000000.0,1.0,3.0,10,Doğalgaz,Chatbot,1.0,8,36.58536585365854,0,5.017279836814924,1.6094379124341003,600.0,750.0,29936740.139211137,0,150.0,0.297029702970297,Beşiktaş_4,27622500.0
Esenyurt,85,2.0,3.0,9000000.0,1.0,2.0,8,Doğalgaz,Chatbot,1.0,9,40.476190476190474,0,4.454347296253507,1.0986122886681098,170.0,255.0,3380119.581602374,0,85.0,0.2469135802469136,Esenyurt_2,6067140.1869158875
Beşiktaş,140,3.0,6.0,46000000.0,1.0,4.0,11,Merkezi,Chatbot,0.5,8,45.16129032258064,1,4.948759890378168,1.3862943611198906,420.0,840.0,29936740.139211137,0,140.0,0.3603603603603604,Beşiktaş_3,27756909.722222224
Esenyurt,95,3.0,2.0,8000000.0,0.0,1.0,5,Doğalgaz,Chatbot,1.0,9,30.64516129032258,0,4.564348191467836,1.3862943611198906,285.0,190.0,3380119.581602374,0,0.0,0.19607843137254904,Esenyurt_3,2283923.5898876404
Beşiktaş,130,3.0,5.0,27000000.0,1.0,2.0,10,Doğalgaz,Chatbot,1.0,8,41.935483870967744,0,4.875197323201151,1.3862943611198906,390.0,650.0,29936740.139211137,0,130.0,0.19801980198019803,Beşiktaş_3,27756909.722222224
Esenyurt,70,2.0,2.0,5000000.0,1.0,1.0,6,Merkezi,Chatbot,0.5,9,33.33333333333333,0,4.2626798770413155,1.0986122886681098,140.0,140.0,3380119.581602374,0,70.0,0.1639344262295082,Esenyurt_2,6067140.1869158875
Beşiktaş,160,4.0,7.0,30000000.0,1.0,4.0,12,Doğalgaz,Chatbot,1.0,8,39.024390243902445,1,5.081404364984463,1.6094379124341003,640.0,1120.0,29936740.139211137,0,160.0,0.3305785123966942,Beşiktaş_4,27622500.0
Esenyurt,80,2.0,1.0,6000000.0,0.0,2.0,6,Doğalgaz,Chatbot,1.0,9,38.095238095238095,0,4.394449154672439,1.0986122886681098,160.0,80.0,3380119.581602374,0,0.0,0.3278688524590164,Esenyurt_2,6067140.1869158875
Beşiktaş,180,4.0,5.0,48000000.0,1.0,3.0,10,Merkezi,Chatbot,0.5,8,43.90243902439025,0,5.198497031265826,1.6094379124341003,720.0,900.0,29936740.139211137,0,180.0,0.297029702970297,Beşiktaş_4,27622500.0
Esenyurt,90,3.0,3.0,9500000.0,1.0,2.0,7,Doğalgaz,Chatbot,1.0,9,29.032258064516128,0,4.51085950651685,1.3862943611198906,270.0,270.0,3380119.581602374,0,90.0,0.28169014084507044,Esenyurt_3,2283923.5898876404
Beşiktaş,110,3.0,4.0,22000000.0,1.0,3.0,9,Doğalgaz,Chatbot,1.0,8,35.483870967741936,0,4.709530201312334,1.3862943611198906,330.0,440.0,29936740.139211137,0,110.0,0.32967032967032966,Beşiktaş_3,27756909.722222224
Esenyurt,75,2.0,4.0,5500000.0,1.0,2.0,6,Merkezi,Chatbot,0.5,9,35.714285714285715,0,4.330733340286331,1.0986122886681098,150.0,300.0,3380119.581602374,0,75.0,0.3278688524590164,Esenyurt_2,6067140.1869158875
Beşiktaş,170,4.0,6.0,45000000.0,1.0,4.0,12,Doğalgaz,Chatbot,1.0,8,41.463414634146346,1,5.14166355650266,1.6094379124341003,680.0,1020.0,29936740.139211137,0,170.0,0.3305785123966942,Beşiktaş_4,27622500.0
Esenyurt,100,3.0,3.0,8200000.0,0.0,2.0,8,Doğalgaz,Chatbot,1.0,9,32.25806451612903,0,4.61512051684126,1.3862943611198906,300.0,300.0,3380119.581602374,0,0.0,0.2469135802469136,Esenyurt_3,2283923.5898876404
Beşiktaş,125,3.0,7.0,26000000.0,1.0,2.0,10,Doğalgaz,Chatbot,1.0,8,40.32258064516129,1,4.836281906951478,1.3862943611198906,375.0,875.0,29936740.139211137,0,125.0,0.19801980198019803,Beşiktaş_3,27756909.722222224
Esenyurt,85,2.0,4.0,5500000.0,0.0,1.0,5,Doğalgaz,Chatbot,1.0,9,40.476190476190474,0,4.454347296253507,1.0986122886681098,170.0,340.0,3380119.581602374,0,0.0,0.19607843137254904,Esenyurt_2,6067140.1869158875
Beşiktaş,200,5.0,7.0,50000000.0,1.0,5.0,15,Merkezi,Chatbot,0.5,8,39.21568627450981,1,5.303304908059076,1.791759469228055,1000.0,1400.0,29936740.139211137,0,200.0,0.33112582781456956,Beşiktaş_5,38385762.711864404
Esenyurt,95,3.0,2.0,8800000.0,1.0,3.0,12,Doğalgaz,Chatbot,1.0,9,30.64516129032258,0,4.564348191467836,1.3862943611198906,285.0,190.0,3380119.581602374,0,95.0,0.24793388429752067,Esenyurt_3,2283923.5898876404
Beşiktaş,130,4.0,6.0,29000000.0,1.0,4.0,12,Doğalgaz,Chatbot,1.0,8,31.707317073170735,1,4.875197323201151,1.6094379124341003,520.0,780.0,29936740.139211137,0,130.0,0.3305785123966942,Beşiktaş_4,27622500.0
Esenyurt,80,2.0,3.0,6000000.0,1.0,2.0,6,Merkezi,Chatbot,0.5,9,38.095238095238095,0,4.394449154672439,1.0986122886681098,160.0,240.0,3380119.581602374,0,80.0,0.3278688524590164,Esenyurt_2,6067140.1869158875
Beşiktaş,140,4.0,5.0,46000000.0,1.0,3.0,11,Doğalgaz,Chatbot,1.0,8,34.146341463414636,0,4.948759890378168,1.6094379124341003,560.0,700.0,29936740.139211137,0,140.0,0.2702702702702703,Beşiktaş_4,27622500.0
Esenyurt,85,3.0,3.0,9000000.0,0.0,2.0,7,Doğalgaz,Chatbot,1.0,9,27.419354838709676,0,4.454347296253507,1.3862943611198906,255.0,255.0,3380119.581602374,0,0.0,0.28169014084507044,Esenyurt_3,2283923.5898876404
Beşiktaş,145,3.0,8.0,27000000.0,1.0,3.0,11,Merkezi,Chatbot,0.5,8,46.774193548387096,1,4.983606621708336,1.3862943611198906,435.0,1160.0,29936740.139211137,0,145.0,0.2702702702702703,Beşiktaş_3,27756909.722222224
Esenyurt,75,2.0,3.0,6200000.0,0.0,1.0,6,Doğalgaz,Chatbot,1.0,9,35.714285714285715,0,4.330733340286331,1.0986122886681098,150.0,225.0,3380119.581602374,0,0.0,0.1639344262295082,Esenyurt_2,6067140.1869158875
Beşiktaş,170,4.0,6.0,48000000.0,1.0,5.0,12,Doğalgaz,Chatbot,1.0,8,41.463414634146346,1,5.14166355650266,1.6094379124341003,680.0,1020.0,29936740.139211137,0,170.0,0.4132231404958678,Beşiktaş_4,27622500.0
Esenyurt,95,3.0,4.0,8300000.0,1.0,2.0,8,Doğalgaz,Chatbot,1.0,9,30.64516129032258,0,4.564348191467836,1.3862943611198906,285.0,380.0,3380119.581602374,0,95.0,0.2469135802469136,Esenyurt_3,2283923.5898876404
Beşiktaş,135,4.0,7.0,30000000.0,1.0,3.0,11,Doğalgaz,Chatbot,1.0,8,32.926829268292686,1,4.912654885736052,1.6094379124341003,540.0,945.0,29936740.139211137,0,135.0,0.2702702702702703,Beşiktaş_4,27622500.0
Esenyurt,90,2.0,3.0,6000000.0,1.0,2.0,6,Merkezi,Chatbot,0.5,9,42.857142857142854,0,4.51085950651685,1.0986122886681098,180.0,270.0,3380119.581602374,0,90.0,0.3278688524590164,Esenyurt_2,6067140.1869158875
Beşiktaş,180,5.0,6.0,49000000.0,1.0,4.0,13,Merkezi,Chatbot,0.5,8,35.294117647058826,1,5.198497031265826,1.791759469228055,900.0,1080.0,29936740.139211137,0,180.0,0.3053435114503817,Beşiktaş_5,38385762.711864404
Esenyurt,100,3.0,2.0,9000000.0,0.0,2.0,7,Doğalgaz,Chatbot,1.0,9,32.25806451612903,0,4.61512051684126,1.3862943611198906,300.0,200.0,3380119.581602374,0,0.0,0.28169014084507044,Esenyurt_3,2283923.5898876404
Beşiktaş,140,3.0,5.0,23000000.0,1.0,3.0,10,Doğalgaz,Chatbot,1.0,8,45.16129032258064,0,4.948759890378168,1.3862943611198906,420.0,700.0,29936740.139211137,0,140.0,0.297029702970297,Beşiktaş_3,27756909.722222224
Esenyurt,70,2.0,2.0,5700000.0,1.0,1.0,6,Merkezi,Chatbot,0.5,9,33.33333333333333,0,4.2626798770413155,1.0986122886681098,140.0,140.0,3380119.581602374,0,70.0,0.1639344262295082,Esenyurt_2,6067140.1869158875
Beşiktaş,190,5.0,8.0,51000000.0,1.0,5.0,14,Doğalgaz,Chatbot,1.0,8,37.254901960784316,1,5.25227342804663,1.791759469228055,950.0,1520.0,29936740.139211137,0,190.0,0.3546099290780142,Beşiktaş_5,38385762.711864404
Esenyurt,110,4.0,4.0,11500000.0,1.0,3.0,9,Merkezi,Chatbot,0.5,9,26.82926829268293,0,4.709530201312334,1.6094379124341003,440.0,440.0,3380119.581602374,0,110.0,0.32967032967032966,Esenyurt_4,1465375.6756756757
Beşiktaş,125,3.0,8.0,24000000.0,1.0,2.0,11,Doğalgaz,Chatbot,1.0,8,40.32258064516129,1,4.836281906951478,1.3862943611198906,375.0,1000.0,29936740.139211137,0,125.0,0.1801801801801802,Beşiktaş_3,27756909.722222224
Esenyurt,75,2.0,3.0,6000000.0,0.0,2.0,7,Doğalgaz,Chatbot,1.0,9,35.714285714285715,0,4.330733340286331,1.0986122886681098,150.0,225.0,3380119.581602374,0,0.0,0.28169014084507044,Esenyurt_2,6067140.1869158875
Beşiktaş,150,4.0,7.0,45000000.0,1.0,3.0,12,Mercenai,Chatbot,0.0,8,36.58536585365854,1,5.017279836814924,1.6094379124341003,600.0,1050.0,29936740.139211137,0,150.0,0.24793388429752067,Beşiktaş_4,27622500.0
Esenyurt,95,3.0,2.0,9000000.0,0.0,1.0,5,Doğalgaz,Chatbot,1.0,9,30.64516129032258,0,4.564348191467836,1.3862943611198906,285.0,190.0,3380119.581602374,0,0.0,0.19607843137254904,Esenyurt_3,2283923.5898876404
Beşiktaş,100,2.0,4.0,24000000.0,1.0,3.0,9,Doğalgaz,Chatbot,1.0,8,47.61904761904762,0,4.61512051684126,1.0986122886681098,200.0,400.0,29936740.139211137,0,100.0,0.32967032967032966,Beşiktaş_2,14200681.818181818
Esenyurt,85,2.0,3.0,6200000.0,1.0,2.0,8,Merkezi,Chatbot,0.5,9,40.476190476190474,0,4.454347296253507,1.0986122886681098,170.0,255.0,3380119.581602374,0,85.0,0.2469135802469136,Esenyurt_2,6067140.1869158875
Beşiktaş,160,4.0,6.0,48000000.0,1.0,4.0,14,Doğalgaz,Chatbot,1.0,8,39.024390243902445,1,5.081404364984463,1.6094379124341003,640.0,960.0,29936740.139211137,0,160.0,0.28368794326241137,Beşiktaş_4,27622500.0
Esenyurt,100,3.0,3.0,8000000.0,0.0,1.0,5,Doğalgaz,Chatbot,1.0,9,32.25806451612903,0,4.61512051684126,1.3862943611198906,300.0,300.0,3380119.581602374,0,0.0,0.19607843137254904,Esenyurt_3,2283923.5898876404
Beşiktaş,170,4.0,5.0,35000000.0,1.0,2.0,10,Doğalgaz,Chatbot,1.0,8,41.463414634146346,0,5.14166355650266,1.6094379124341003,680.0,850.0,29936740.139211137,0,170.0,0.19801980198019803,Beşiktaş_4,27622500.0
Esenyurt,75,2.0,1.0,5000000.0,1.0,1.0,5,Merkezi,Chatbot,0.5,9,35.714285714285715,0,4.330733340286331,1.0986122886681098,150.0,75.0,3380119.581602374,0,75.0,0.19607843137254904,Esenyurt_2,6067140.1869158875
Beşiktaş,175,5.0,7.0,49000000.0,1.0,5.0,15,Merkezi,Chatbot,0.5,8,34.31372549019608,1,5.170483995038151,1.791759469228055,875.0,1225.0,29936740.139211137,0,175.0,0.33112582781456956,Beşiktaş_5,38385762.711864404
Esenyurt,90,3.0,3.0,8500000.0,1.0,2.0,7,Doğalgaz,Chatbot,1.0,9,29.032258064516128,0,4.51085950651685,1.3862943611198906,270.0,270.0,3380119.581602374,0,90.0,0.28169014084507044,Esenyurt_3,2283923.5898876404
Beşiktaş,145,4.0,7.0,27000000.0,1.0,4.0,11,Doğalgaz,Chatbot,1.0,8,35.36585365853659,1,4.983606621708336,1.6094379124341003,580.0,1015.0,29936740.139211137,0,145.0,0.3603603603603604,Beşiktaş_4,27622500.0
Esenyurt,70,2.0,2.0,6000000.0,1.0,1.0,6,Merkezi,Chatbot,0.5,9,33.33333333333333,0,4.2626798770413155,1.0986122886681098,140.0,140.0,3380119.581602374,0,70.0,0.1639344262295082,Esenyurt_2,6067140.1869158875
Beşiktaş,190,5.0,8.0,51000000.0,1.0,3.0,12,Doğalgaz,Chatbot,1.0,8,37.254901960784316,1,5.25227342804663,1.791759469228055,950.0,1520.0,29936740.139211137,0,190.0,0.24793388429752067,Beşiktaş_5,38385762.711864404
Esenyurt,110,4.0,4.0,11500000.0,0.0,2.0,8,Doğalgaz,Chatbot,1.0,9,26.82926829268293,0,4.709530201312334,1.6094379124341003,440.0,440.0,3380119.581602374,0,0.0,0.2469135802469136,Esenyurt_4,1465375.6756756757
Beşiktaş,130,3.0,6.0,22000000.0,1.0,3.0,10,Merkezi,Chatbot,0.5,8,41.935483870967744,1,4.875197323201151,1.3862943611198906,390.0,780.0,29936740.139211137,0,130.0,0.297029702970297,Beşiktaş_3,27756909.722222224
Esenyurt,75,2.0,3.0,5200000.0,1.0,2.0,6,Doğalgaz,Chatbot,1.0,9,35.714285714285715,0,4.330733340286331,1.0986122886681098,150.0,225.0,3380119.581602374,0,75.0,0.3278688524590164,Esenyurt_2,6067140.1869158875
Beşiktaş,160,4.0,7.0,45000000.0,1.0,3.0,11,Doğalgaz,Chatbot,1.0,8,39.024390243902445,1,5.081404364984463,1.6094379124341003,640.0,1120.0,29936740.139211137,0,160.0,0.2702702702702703,Beşiktaş_4,27622500.0
Esenyurt,100,3.0,3.0,8500000.0,1.0,2.0,10,Merkezi,Chatbot,0.5,9,32.25806451612903,0,4.61512051684126,1.3862943611198906,300.0,300.0,3380119.581602374,0,100.0,0.19801980198019803,Esenyurt_3,2283923.5898876404
Beşiktaş,135,4.0,6.0,29000000.0,1.0,3.0,10,Doğalgaz,Chatbot,1.0,8,32.926829268292686,1,4.912654885736052,1.6094379124341003,540.0,810.0,29936740.139211137,0,135.0,0.297029702970297,Beşiktaş_4,27622500.0
Esenyurt,80,2.0,2.0,6000000.0,0.0,1.0,6,Merkezi,Chatbot,0.5,9,38.095238095238095,0,4.394449154672439,1.0986122886681098,160.0,160.0,3380119.581602374,0,0.0,0.1639344262295082,Esenyurt_2,6067140.1869158875
Beşiktaş,140,3.0,5.0,46000000.0,1.0,3.0,9,Doğalgaz,Chatbot,1.0,8,45.16129032258064,0,4.948759890378168,1.3862943611198906,420.0,700.0,29936740.139211137,0,140.0,0.32967032967032966,Beşiktaş_3,27756909.722222224
Esenyurt,90,3.0,3.0,9200000.0,1.0,2.0,7,Doğalgaz,Chatbot,1.0,9,29.032258064516128,0,4.51085950651685,1.3862943611198906,270.0,270.0,3380119.581602374,0,90.0,0.28169014084507044,Esenyurt_3,2283923.5898876404
Beşiktaş,120,3.0,6.0,25000000.0,1.0,2.0,10,Merkezi,Chatbot,0.5,8,38.70967741935484,1,4.795790545596741,1.3862943611198906,360.0,720.0,29936740.139211137,0,120.0,0.19801980198019803,Beşiktaş_3,27756909.722222224
Esenyurt,75,2.0,2.0,5500000.0,1.0,1.0,6,Merkezi,Chatbot,0.5,9,35.714285714285715,0,4.330733340286331,1.0986122886681098,150.0,150.0,3380119.581602374,0,75.0,0.1639344262295082,Esenyurt_2,6067140.1869158875
Beşiktaş,160,4.0,5.0,49000000.0,1.0,3.0,10,Doğalgaz,Chatbot,1.0,8,39.024390243902445,0,5.081404364984463,1.6094379124341003,640.0,800.0,29936740.139211137,0,160.0,0.297029702970297,Beşiktaş_4,27622500.0
Esenyurt,80,3.0,4.0,7500000.0,0.0,2.0,8,Merkezi,Chatbot,0.5,9,25.806451612903224,0,4.394449154672439,1.3862943611198906,240.0,320.0,3380119.581602374,0,0.0,0.2469135802469136,Esenyurt_3,2283923.5898876404
Beşiktaş,155,4.0,7.0,24000000.0,1.0,3.0,11,Doğalgaz,Chatbot,1.0,8,37.80487804878049,1,5.049856007249537,1.6094379124341003,620.0,1085.0,29936740.139211137,0,155.0,0.2702702702702703,Beşiktaş_4,27622500.0
Esenyurt,80,2.0,2.0,6500000.0,0.0,1.0,6,Doğalgaz,Chatbot,1.0,9,38.095238095238095,0,4.394449154672439,1.0986122886681098,160.0,160.0,3380119.581602374,0,0.0,0.1639344262295082,Esenyurt_2,6067140.1869158875
Beşiktaş,175,5.0,6.0,48000000.0,1.0,4.0,12,Merkezi,Chatbot,0.5,8,34.31372549019608,1,5.170483995038151,1.791759469228055,875.0,1050.0,29936740.139211137,0,175.0,0.3305785123966942,Beşiktaş_5,38385762.711864404
Esenyurt,90,3.0,3.0,9100000.0,0.0,2.0,9,Doğalgaz,Chatbot,1.0,9,29.032258064516128,0,4.51085950651685,1.3862943611198906,270.0,270.0,3380119.581602374,0,0.0,0.21978021978021978,Esenyurt_3,2283923.5898876404
Beşiktaş,145,4.0,7.0,23000000.0,1.0,3.0,10,Merkezi,Chatbot,0.5,8,35.36585365853659,1,4.983606621708336,1.6094379124341003,580.0,1015.0,29936740.139211137,0,145.0,0.297029702970297,Beşiktaş_4,27622500.0
Esenyurt,65,2.0,1.0,5000000.0,1.0,1.0,5,Doğalgaz,Chatbot,1.0,9,30.952380952380953,0,4.189654742026425,1.0986122886681098,130.0,65.0,3380119.581602374,0,65.0,0.19607843137254904,Esenyurt_2,6067140.1869158875
Beşiktaş,135,3.0,6.0,42000000.0,1.0,2.0,10,Doğalgaz,Chatbot,1.0,8,43.54838709677419,1,4.912654885736052,1.3862943611198906,405.0,810.0,29936740.139211137,0,135.0,0.19801980198019803,Beşiktaş_3,27756909.722222224
Esenyurt,95,3.0,3.0,8700000.0,1.0,2.0,7,Merkezi,Chatbot,0.5,9,30.64516129032258,0,4.564348191467836,1.3862943611198906,285.0,285.0,3380119.581602374,0,95.0,0.28169014084507044,Esenyurt_3,2283923.5898876404
Beşiktaş,150,4.0,8.0,32000000.0,1.0,3.0,12,Doğalgaz,Chatbot,1.0,8,36.58536585365854,1,5.017279836814924,1.6094379124341003,600.0,1200.0,29936740.139211137,0,150.0,0.24793388429752067,Beşiktaş_4,27622500.0
Esenyurt,85,2.0,2.0,6000000.0,0.0,1.0,6,Merkezi,Chatbot,0.5,9,40.476190476190474,0,4.454347296253507,1.0986122886681098,170.0,170.0,3380119.581602374,0,0.0,0.1639344262295082,Esenyurt_2,6067140.1869158875
Beşiktaş,175,5.0,5.0,49000000.0,1.0,4.0,11,Doğalgaz,Chatbot,1.0,8,34.31372549019608,0,5.170483995038151,1.791759469228055,875.0,875.0,29936740.139211137,0,175.0,0.3603603603603604,Beşiktaş_5,38385762.711864404
Esenyurt,100,3.0,4.0,9000000.0,0.0,2.0,8,Doğalgaz,Chatbot,1.0,9,32.25806451612903,0,4.61512051684126,1.3862943611198906,300.0,400.0,3380119.581602374,0,0.0,0.2469135802469136,Esenyurt_3,2283923.5898876404
Beşiktaş,120,3.0,5.0,26000000.0,1.0,2.0,10,Merkezi,Chatbot,0.5,8,38.70967741935484,0,4.795790545596741,1.3862943611198906,360.0,600.0,29936740.139211137,0,120.0,0.19801980198019803,Beşiktaş_3,27756909.722222224
Esenyurt,70,2.0,2.0,5400000.0,0.0,1.0,5,Doğalgaz,Chatbot,1.0,9,33.33333333333333,0,4.2626798770413155,1.0986122886681098,140.0,140.0,3380119.581602374,0,0.0,0.19607843137254904,Esenyurt_2,6067140.1869158875
Beşiktaş,160,5.0,6.0,48000000.0,1.0,3.0,11,Merkezi,Chatbot,0.5,8,31.372549019607845,1,5.081404364984463,1.791759469228055,800.0,960.0,29936740.139211137,0,160.0,0.2702702702702703,Beşiktaş_5,38385762.711864404
Esenyurt,95,3.0,3.0,8500000.0,1.0,2.0,7,Doğalgaz,Chatbot,1.0,9,30.64516129032258,0,4.564348191467836,1.3862943611198906,285.0,285.0,3380119.581602374,0,95.0,0.28169014084507044,Esenyurt_3,2283923.5898876404
Beşiktaş,135,4.0,7.0,27000000.0,1.0,3.0,10,Merkezi,Chatbot,0.5,8,32.926829268292686,1,4.912654885736052,1.6094379124341003,540.0,945.0,29936740.139211137,0,135.0,0.297029702970297,Beşiktaş_4,27622500.0
Esenyurt,80,2.0,3.0,6000000.0,1.0,1.0,6,Doğalgaz,Chatbot,1.0,9,38.095238095238095,0,4.394449154672439,1.0986122886681098,160.0,240.0,3380119.581602374,0,80.0,0.1639344262295082,Esenyurt_2,6067140.1869158875
Beşiktaş,160,5.0,6.0,49000000.0,1.0,4.0,11,Doğalgaz,Chatbot,1.0,8,31.372549019607845,1,5.081404364984463,1.791759469228055,800.0,960.0,29936740.139211137,0,160.0,0.3603603603603604,Beşiktaş_5,38385762.711864404
Esenyurt,90,3.0,4.0,8300000.0,0.0,2.0,8,Merkezi,Chatbot,0.5,9,29.032258064516128,0,4.51085950651685,1.3862943611198906,270.0,360.0,3380119.581602374,0,0.0,0.2469135802469136,Esenyurt_3,2283923.5898876404
Beşiktaş,140,4.0,7.0,24000000.0,1.0,3.0,12,Doğalgaz,Chatbot,1.0,8,34.146341463414636,1,4.948759890378168,1.6094379124341003,560.0,980.0,29936740.139211137,0,140.0,0.24793388429752067,Beşiktaş_4,27622500.0
Esenyurt,75,2.0,3.0,6500000.0,1.0,2.0,7,Merkezi,Chatbot,0.5,9,35.714285714285715,0,4.330733340286331,1.0986122886681098,150.0,225.0,3380119.581602374,0,75.0,0.28169014084507044,Esenyurt_2,6067140.1869158875
Beşiktaş,175,5.0,8.0,50000000.0,1.0,5.0,15,Merkezi,Chatbot,0.5,8,34.31372549019608,1,5.170483995038151,1.791759469228055,875.0,1400.0,29936740.139211137,0,175.0,0.33112582781456956,Beşiktaş_5,38385762.711864404
Esenyurt,100,3.0,4.0,9000000.0,0.0,2.0,8,Doğalgaz,Chatbot,1.0,9,32.25806451612903,0,4.61512051684126,1.3862943611198906,300.0,400.0,3380119.581602374,0,0.0,0.2469135802469136,Esenyurt_3,2283923.5898876404
Beşiktaş,130,3.0,6.0,28000000.0,1.0,3.0,10,Doğalgaz,Chatbot,1.0,8,41.935483870967744,1,4.875197323201151,1.3862943611198906,390.0,780.0,29936740.139211137,0,130.0,0.297029702970297,Beşiktaş_3,27756909.722222224
Esenyurt,82,2.0,2.0,5800000.0,1.0,1.0,6,Merkezi,Chatbot,0.5,9,39.047619047619044,0,4.418840607796598,1.0986122886681098,164.0,164.0,3380119.581602374,0,82.0,0.1639344262295082,Esenyurt_2,6067140.1869158875
Beşiktaş,180,5.0,7.0,48000000.0,1.0,4.0,12,Merkezi,Chatbot,0.5,8,35.294117647058826,1,5.198497031265826,1.791759469228055,900.0,1260.0,29936740.139211137,0,180.0,0.3305785123966942,Beşiktaş_5,38385762.711864404
Esenyurt,105,3.0,3.0,8300000.0,1.0,2.0,7,Doğalgaz,Chatbot,1.0,9,33.87096774193548,0,4.663439094112067,1.3862943611198906,315.0,315.0,3380119.581602374,0,105.0,0.28169014084507044,Esenyurt_3,2283923.5898876404
Beşiktaş,120,3.0,5.0,23000000.0,1.0,3.0,10,Doğalgaz,Chatbot,1.0,8,38.70967741935484,0,4.795790545596741,1.3862943611198906,360.0,600.0,29936740.139211137,0,120.0,0.297029702970297,Beşiktaş_3,27756909.722222224
Esenyurt,80,2.0,3.0,6000000.0,1.0,1.0,6,Merkezi,Chatbot,0.5,9,38.095238095238095,0,4.394449154672439,1.0986122886681098,160.0,240.0,3380119.581602374,0,80.0,0.1639344262295082,Esenyurt_2,6067140.1869158875
Beşiktaş,160,4.0,6.0,49000000.0,1.0,4.0,12,Doğalgaz,Chatbot,1.0,8,39.024390243902445,1,5.081404364984463,1.6094379124341003,640.0,960.0,29936740.139211137,0,160.0,0.3305785123966942,Beşiktaş_4,27622500.0
Esenyurt,90,3.0,3.0,9200000.0,0.0,2.0,8,Doğalgaz,Chatbot,1.0,9,29.032258064516128,0,4.51085950651685,1.3862943611198906,270.0,270.0,3380119.581602374,0,0.0,0.2469135802469136,Esenyurt_3,2283923.5898876404
Beşiktaş,100,2.0,3.0,20000000.0,1.0,2.0,10,Doğalgaz,Chatbot,1.0,8,47.61904761904762,0,4.61512051684126,1.0986122886681098,200.0,300.0,29936740.139211137,0,100.0,0.19801980198019803,Beşiktaş_2,14200681.818181818
Kadıköy,120,3.0,5.0,25000000.0,1.0,3.0,12,Merkezi,Chatbot,0.5,10,38.70967741935484,0,4.795790545596741,1.3862943611198906,360.0,600.0,12712120.921305181,0,120.0,0.24793388429752067,Kadıköy_3,16696702.898550725
Bakırköy,90,2.0,4.0,22000000.0,0.0,3.0,9,Doğalgaz,Chatbot,1.0,4,42.857142857142854,0,4.51085950651685,1.0986122886681098,180.0,360.0,8473921.232876712,0,0.0,0.32967032967032966,Bakırköy_2,5132678.571428572
Sarıyer,150,4.0,2.0,30000000.0,1.0,5.0,15,Merkezi,Chatbot,0.5,15,36.58536585365854,0,5.017279836814924,1.6094379124341003,600.0,300.0,17196453.112033196,0,150.0,0.33112582781456956,Sarıyer_4,27259729.72972973
Şişli,110,3.0,6.0,26000000.0,1.0,3.0,10,Doğalgaz,Chatbot,1.0,21,35.483870967741936,1,4.709530201312334,1.3862943611198906,330.0,660.0,31775387.323943663,0,110.0,0.297029702970297,Şişli_3,26607954.545454547
Üsküdar,70,2.0,3.0,15000000.0,0.0,2.0,7,Doğalgaz,Chatbot,1.0,20,33.33333333333333,0,4.2626798770413155,1.0986122886681098,140.0,210.0,22489044.943820223,0,0.0,0.28169014084507044,Üsküdar_2,18625000.0
Ümraniye,80,2.0,5.0,13000000.0,1.0,2.0,8,Merkezi,Chatbot,0.5,19,38.095238095238095,0,4.394449154672439,1.0986122886681098,160.0,400.0,15131140.350877194,0,80.0,0.2469135802469136,Ümraniye_2,12664166.666666666
Maltepe,100,3.0,7.0,17000000.0,0.0,4.0,10,Doğalgaz,Chatbot,1.0,12,32.25806451612903,1,4.61512051684126,1.3862943611198906,300.0,700.0,4097244.968911917,0,0.0,0.39603960396039606,Maltepe_3,3813252.9011627906
Bahçelievler,95,3.0,6.0,16000000.0,1.0,3.0,10,Merkezi,Chatbot,0.5,3,30.64516129032258,1,4.564348191467836,1.3862943611198906,285.0,570.0,2039386.7348066298,0,95.0,0.297029702970297,Bahçelievler_3,1860425.5212765958
Esenyurt,75,2.0,2.0,6000000.0,1.0,1.0,6,Doğalgaz,Chatbot,1.0,9,35.714285714285715,0,4.330733340286331,1.0986122886681098,150.0,150.0,3380119.581602374,0,75.0,0.1639344262295082,Esenyurt_2,6067140.1869158875
Pendik,85,3.0,1.0,7000000.0,0.0,2.0,7,Merkezi,Chatbot,0.5,13,27.419354838709676,0,4.454347296253507,1.3862943611198906,255.0,85.0,4022337.7879858655,0,0.0,0.28169014084507044,Pendik_3,3735718.0939597315
Sancaktepe,90,3.0,4.0,8000000.0,1.0,2.0,9,Doğalgaz,Chatbot,1.0,14,29.032258064516128,0,4.51085950651685,1.3862943611198906,270.0,360.0,9960000.0,0,90.0,0.21978021978021978,Sancaktepe_3,9960000.0
Arnavutköy,80,2.0,3.0,5000000.0,1.0,1.0,6,Merkezi,Chatbot,0.5,0,38.095238095238095,0,4.394449154672439,1.0986122886681098,160.0,240.0,6318359.375,0,80.0,0.1639344262295082,Arnavutköy_2,6093750.0
Sultanbeyli,70,2.0,1.0,4500000.0,0.0,1.0,5,Doğalgaz,Chatbot,1.0,17,33.33333333333333,0,4.2626798770413155,1.0986122886681098,140.0,70.0,5235000.0,0,0.0,0.19607843137254904,Sultanbeyli_2,5235000.0
Beşiktaş,100,2.0,4.0,30000000.0,1.0,3.0,10,Doğalgaz,Chatbot,1.0,8,47.61904761904762,0,4.61512051684126,1.0986122886681098,200.0,400.0,29936740.139211137,0,100.0,0.297029702970297,Beşiktaş_2,14200681.818181818
Kadıköy,120,3.0,6.0,37500000.0,1.0,4.0,12,Merkezi,Chatbot,0.5,10,38.70967741935484,1,4.795790545596741,1.3862943611198906,360.0,720.0,12712120.921305181,0,120.0,0.3305785123966942,Kadıköy_3,16696702.898550725
Bakırköy,90,2.0,5.0,33000000.0,0.0,3.0,9,Doğalgaz,Chatbot,1.0,4,42.857142857142854,0,4.51085950651685,1.0986122886681098,180.0,450.0,8473921.232876712,0,0.0,0.32967032967032966,Bakırköy_2,5132678.571428572
Sarıyer,150,4.0,3.0,45000000.0,1.0,5.0,15,Merkezi,Chatbot,0.5,15,36.58536585365854,0,5.017279836814924,1.6094379124341003,600.0,450.0,17196453.112033196,0,150.0,0.33112582781456956,Sarıyer_4,27259729.72972973
Şişli,110,3.0,6.0,39000000.0,1.0,3.0,10,Doğalgaz,Chatbot,1.0,21,35.483870967741936,1,4.709530201312334,1.3862943611198906,330.0,660.0,31775387.323943663,0,110.0,0.297029702970297,Şişli_3,26607954.545454547
Üsküdar,70,2.0,4.0,22500000.0,0.0,2.0,8,Doğalgaz,Chatbot,1.0,20,33.33333333333333,0,4.2626798770413155,1.0986122886681098,140.0,280.0,22489044.943820223,0,0.0,0.2469135802469136,Üsküdar_2,18625000.0
Ümraniye,80,2.0,5.0,18500000.0,1.0,2.0,7,Merkezi,Chatbot,0.5,19,38.095238095238095,0,4.394449154672439,1.0986122886681098,160.0,400.0,15131140.350877194,0,80.0,0.28169014084507044,Ümraniye_2,12664166.666666666
Maltepe,100,3.0,6.0,25500000.0,0.0,4.0,10,Doğalgaz,Chatbot,1.0,12,32.25806451612903,1,4.61512051684126,1.3862943611198906,300.0,600.0,4097244.968911917,0,0.0,0.39603960396039606,Maltepe_3,3813252.9011627906
Bahçelievler,95,3.0,5.0,24500000.0,1.0,3.0,9,Merkezi,Chatbot,0.5,3,30.64516129032258,0,4.564348191467836,1.3862943611198906,285.0,475.0,2039386.7348066298,0,95.0,0.32967032967032966,Bahçelievler_3,1860425.5212765958
Esenyurt,75,2.0,2.0,9000000.0,1.0,1.0,6,Doğalgaz,Chatbot,1.0,9,35.714285714285715,0,4.330733340286331,1.0986122886681098,150.0,150.0,3380119.581602374,0,75.0,0.1639344262295082,Esenyurt_2,6067140.1869158875
Pendik,85,3.0,2.0,10500000.0,0.0,2.0,7,Merkezi,Chatbot,0.5,13,27.419354838709676,0,4.454347296253507,1.3862943611198906,255.0,170.0,4022337.7879858655,0,0.0,0.28169014084507044,Pendik_3,3735718.0939597315
Sancaktepe,90,3.0,2.0,11000000.0,1.0,2.0,8,Doğalgaz,Chatbot,1.0,14,29.032258064516128,0,4.51085950651685,1.3862943611198906,270.0,180.0,9960000.0,0,90.0,0.2469135802469136,Sancaktepe_3,9960000.0
Arnavutköy,80,2.0,3.0,6500000.0,1.0,1.0,6,Merkezi,Chatbot,0.5,0,38.095238095238095,0,4.394449154672439,1.0986122886681098,160.0,240.0,6318359.375,0,80.0,0.1639344262295082,Arnavutköy_2,6093750.0
Sultanbeyli,70,2.0,1.0,6200000.0,0.0,1.0,5,Doğalgaz,Chatbot,1.0,17,33.33333333333333,0,4.2626798770413155,1.0986122886681098,140.0,70.0,5235000.0,0,0.0,0.19607843137254904,Sultanbeyli_2,5235000.0
Beşiktaş,150,4.0,2.0,32000000.0,1.0,5.0,15,Doğalgaz,Chatbot,1.0,8,36.58536585365854,0,5.017279836814924,1.6094379124341003,600.0,300.0,29936740.139211137,0,150.0,0.33112582781456956,Beşiktaş_4,27622500.0
Kadıköy,130,3.0,4.0,31000000.0,1.0,3.0,10,Merkezi,Chatbot,0.5,10,41.935483870967744,0,4.875197323201151,1.3862943611198906,390.0,520.0,12712120.921305181,0,130.0,0.297029702970297,Kadıköy_3,16696702.898550725
Bakırköy,100,3.0,3.0,28000000.0,0.0,3.0,9,Doğalgaz,Chatbot,1.0,4,32.25806451612903,0,4.61512051684126,1.3862943611198906,300.0,300.0,8473921.232876712,0,0.0,0.32967032967032966,Bakırköy_3,7148456.790123457
Sarıyer,90,2.0,4.0,22500000.0,1.0,2.0,12,Merkezi,Chatbot,0.5,15,42.857142857142854,0,4.51085950651685,1.0986122886681098,180.0,360.0,17196453.112033196,0,90.0,0.1652892561983471,Sarıyer_2,5727200.0
Şişli,110,3.0,5.0,26500000.0,1.0,4.0,10,Doğalgaz,Chatbot,1.0,21,35.483870967741936,0,4.709530201312334,1.3862943611198906,330.0,550.0,31775387.323943663,0,110.0,0.39603960396039606,Şişli_3,26607954.545454547
Üsküdar,80,2.0,7.0,16000000.0,0.0,2.0,8,Doğalgaz,Chatbot,1.0,20,38.095238095238095,1,4.394449154672439,1.0986122886681098,160.0,560.0,22489044.943820223,0,0.0,0.2469135802469136,Üsküdar_2,18625000.0
Ümraniye,90,3.0,6.0,18000000.0,1.0,1.0,6,Merkezi,Chatbot,0.5,19,29.032258064516128,1,4.51085950651685,1.3862943611198906,270.0,540.0,15131140.350877194,0,90.0,0.1639344262295082,Ümraniye_3,17257142.85714286
Maltepe,100,3.0,4.0,17500000.0,0.0,2.0,7,Doğalgaz,Chatbot,1.0,12,32.25806451612903,0,4.61512051684126,1.3862943611198906,300.0,400.0,4097244.968911917,0,0.0,0.28169014084507044,Maltepe_3,3813252.9011627906
Bahçelievler,75,2.0,3.0,6200000.0,1.0,1.0,5,Merkezi,Chatbot,0.5,3,35.714285714285715,0,4.330733340286331,1.0986122886681098,150.0,225.0,2039386.7348066298,0,75.0,0.19607843137254904,Bahçelievler_2,4911066.666666667
Esenyurt,70,2.0,2.0,5600000.0,1.0,1.0,6,Doğalgaz,Chatbot,1.0,9,33.33333333333333,0,4.2626798770413155,1.0986122886681098,140.0,140.0,3380119.581602374,0,70.0,0.1639344262295082,Esenyurt_2,6067140.1869158875
Pendik,80,2.0,5.0,7200000.0,0.0,2.0,7,Merkezi,Chatbot,0.5,13,38.095238095238095,0,4.394449154672439,1.0986122886681098,160.0,400.0,4022337.7879858655,0,0.0,0.28169014084507044,Pendik_2,5672766.666666667
Sancaktepe,85,3.0,1.0,8500000.0,0.0,3.0,8,Doğalgaz,Chatbot,1.0,14,27.419354838709676,0,4.454347296253507,1.3862943611198906,255.0,85.0,9960000.0,0,0.0,0.3703703703703704,Sancaktepe_3,9960000.0
Arnavutköy,90,3.0,3.0,7300000.0,1.0,2.0,6,Merkezi,Chatbot,0.5,0,29.032258064516128,0,4.51085950651685,1.3862943611198906,270.0,270.0,6318359.375,0,90.0,0.3278688524590164,Arnavutköy_3,5973166.666666667
Sultanbeyli,65,2.0,1.0,4700000.0,1.0,1.0,5,Doğalgaz,Chatbot,1.0,17,30.952380952380953,0,4.189654742026425,1.0986122886681098,130.0,65.0,5235000.0,0,65.0,0.19607843137254904,Sultanbeyli_2,5235000.0
Beşiktaş,110,3.0,3.0,48000000.0,1.0,3.0,10,Doğalgaz,Chatbot,1.0,8,35.483870967741936,0,4.709530201312334,1.3862943611198906,330.0,330.0,29936740.139211137,0,110.0,0.297029702970297,Beşiktaş_3,27756909.722222224
Kadıköy,130,4.0,4.0,46500000.0,1.0,4.0,12,Merkezi,Chatbot,0.5,10,31.707317073170735,0,4.875197323201151,1.6094379124341003,520.0,520.0,12712120.921305181,0,130.0,0.3305785123966942,Kadıköy_4,10351004.016064256
Bakırköy,90,2.0,5.0,37000000.0,0.0,2.0,9,Doğalgaz,Chatbot,1.0,4,42.857142857142854,0,4.51085950651685,1.0986122886681098,180.0,450.0,8473921.232876712,0,0.0,0.21978021978021978,Bakırköy_2,5132678.571428572
Sarıyer,150,4.0,3.0,50000000.0,1.0,5.0,15,Merkezi,Chatbot,0.5,15,36.58536585365854,0,5.017279836814924,1.6094379124341003,600.0,450.0,17196453.112033196,0,150.0,0.33112582781456956,Sarıyer_4,27259729.72972973
Şişli,120,4.0,5.0,42000000.0,1.0,4.0,11,Doğalgaz,Chatbot,1.0,21,29.26829268292683,0,4.795790545596741,1.6094379124341003,480.0,600.0,31775387.323943663,0,120.0,0.3603603603603604,Şişli_4,33970073.52941176
Üsküdar,75,2.0,5.0,23500000.0,0.0,2.0,8,Merkezi,Chatbot,0.5,20,35.714285714285715,0,4.330733340286331,1.0986122886681098,150.0,375.0,22489044.943820223,0,0.0,0.2469135802469136,Üsküdar_2,18625000.0
Ümraniye,85,3.0,4.0,19500000.0,1.0,2.0,9,Doğalgaz,Chatbot,1.0,19,27.419354838709676,0,4.454347296253507,1.3862943611198906,255.0,340.0,15131140.350877194,0,85.0,0.21978021978021978,Ümraniye_3,17257142.85714286
Maltepe,100,3.0,5.0,27000000.0,0.0,4.0,10,Merkezi,Chatbot,0.5,12,32.25806451612903,0,4.61512051684126,1.3862943611198906,300.0,500.0,4097244.968911917,0,0.0,0.39603960396039606,Maltepe_3,3813252.9011627906
Bahçelievler,80,2.0,4.0,18000000.0,1.0,2.0,7,Doğalgaz,Chatbot,1.0,3,38.095238095238095,0,4.394449154672439,1.0986122886681098,160.0,320.0,2039386.7348066298,0,80.0,0.28169014084507044,Bahçelievler_2,4911066.666666667
Esenyurt,80,2.0,2.0,7500000.0,1.0,1.0,5,Merkezi,Chatbot,0.5,9,38.095238095238095,0,4.394449154672439,1.0986122886681098,160.0,160.0,3380119.581602374,0,80.0,0.19607843137254904,Esenyurt_2,6067140.1869158875
Pendik,90,3.0,2.0,14500000.0,0.0,2.0,8,Doğalgaz,Chatbot,1.0,13,29.032258064516128,0,4.51085950651685,1.3862943611198906,270.0,180.0,4022337.7879858655,0,0.0,0.2469135802469136,Pendik_3,3735718.0939597315
Sancaktepe,100,3.0,3.0,12800000.0,1.0,1.0,6,Merkezi,Chatbot,0.5,14,32.25806451612903,0,4.61512051684126,1.3862943611198906,300.0,300.0,9960000.0,0,100.0,0.1639344262295082,Sancaktepe_3,9960000.0
Arnavutköy,75,2.0,2.0,8900000.0,1.0,1.0,6,Doğalgaz,Chatbot,1.0,0,35.714285714285715,0,4.330733340286331,1.0986122886681098,150.0,150.0,6318359.375,0,75.0,0.1639344262295082,Arnavutköy_2,6093750.0
Sultanbeyli,70,2.0,1.0,6000000.0,0.0,1.0,5,Merkezi,Chatbot,0.5,17,33.33333333333333,0,4.2626798770413155,1.0986122886681098,140.0,70.0,5235000.0,0,0.0,0.19607843137254904,Sultanbeyli_2,5235000.0
Beşiktaş,100,3.0,5.0,21000000.0,1.0,3.0,10,Doğalgaz,Chatbot,1.0,8,32.25806451612903,0,4.61512051684126,1.3862943611198906,300.0,500.0,29936740.139211137,0,100.0,0.297029702970297,Beşiktaş_3,27756909.722222224
Kadıköy,110,4.0,4.0,35000000.0,1.0,4.0,12,Merkezi,Chatbot,0.5,10,26.82926829268293,0,4.709530201312334,1.6094379124341003,440.0,440.0,12712120.921305181,0,110.0,0.3305785123966942,Kadıköy_4,10351004.016064256
Bakırköy,120,3.0,3.0,24000000.0,0.0,3.0,10,Doğalgaz,Chatbot,1.0,4,38.70967741935484,0,4.795790545596741,1.3862943611198906,360.0,360.0,8473921.232876712,0,0.0,0.297029702970297,Bakırköy_3,7148456.790123457
Sarıyer,130,4.0,2.0,30000000.0,1.0,5.0,15,Merkezi,Chatbot,0.5,15,31.707317073170735,0,4.875197323201151,1.6094379124341003,520.0,260.0,17196453.112033196,0,130.0,0.33112582781456956,Sarıyer_4,27259729.72972973
Şişli,95,3.0,5.0,22000000.0,1.0,3.0,9,Doğalgaz,Chatbot,1.0,21,30.64516129032258,0,4.564348191467836,1.3862943611198906,285.0,475.0,31775387.323943663,0,95.0,0.32967032967032966,Şişli_3,26607954.545454547
Üsküdar,80,2.0,4.0,16000000.0,0.0,2.0,7,Merkezi,Chatbot,0.5,20,38.095238095238095,0,4.394449154672439,1.0986122886681098,160.0,320.0,22489044.943820223,0,0.0,0.28169014084507044,Üsküdar_2,18625000.0
Ümraniye,75,2.0,3.0,11000000.0,1.0,1.0,6,Doğalgaz,Chatbot,1.0,19,35.714285714285715,0,4.330733340286331,1.0986122886681098,150.0,225.0,15131140.350877194,0,75.0,0.1639344262295082,Ümraniye_2,12664166.666666666
Maltepe,85,3.0,4.0,18000000.0,0.0,2.0,8,Merkezi,Chatbot,0.5,12,27.419354838709676,0,4.454347296253507,1.3862943611198906,255.0,340.0,4097244.968911917,0,0.0,0.2469135802469136,Maltepe_3,3813252.9011627906
Bahçelievler,80,2.0,2.0,7000000.0,1.0,1.0,5,Doğalgaz,Chatbot,1.0,3,38.095238095238095,0,4.394449154672439,1.0986122886681098,160.0,160.0,2039386.7348066298,0,80.0,0.19607843137254904,Bahçelievler_2,4911066.666666667
Esenyurt,90,3.0,1.0,8000000.0,0.0,1.0,6,Merkezi,Chatbot,0.5,9,29.032258064516128,0,4.51085950651685,1.3862943611198906,270.0,90.0,3380119.581602374,0,0.0,0.1639344262295082,Esenyurt_3,2283923.5898876404
Pendik,85,3.0,3.0,9000000.0,1.0,2.0,9,Doğalgaz,Chatbot,1.0,13,27.419354838709676,0,4.454347296253507,1.3862943611198906,255.0,255.0,4022337.7879858655,0,85.0,0.21978021978021978,Pendik_3,3735718.0939597315
Sancaktepe,95,3.0,4.0,9500000.0,0.0,2.0,7,Merkezi,Chatbot,0.5,14,30.64516129032258,0,4.564348191467836,1.3862943611198906,285.0,380.0,9960000.0,0,0.0,0.28169014084507044,Sancaktepe_3,9960000.0
Arnavutköy,80,2.0,2.0,6700000.0,1.0,1.0,5,Doğalgaz,Chatbot,1.0,0,38.095238095238095,0,4.394449154672439,1.0986122886681098,160.0,160.0,6318359.375,0,80.0,0.19607843137254904,Arnavutköy_2,6093750.0
Sultanbeyli,70,2.0,1.0,4500000.0,0.0,1.0,5,Merkezi,Chatbot,0.5,17,33.33333333333333,0,4.2626798770413155,1.0986122886681098,140.0,70.0,5235000.0,0,0.0,0.19607843137254904,Sultanbeyli_2,5235000.0
Kadıköy,100,2.0,5.0,20000000.0,1.0,3.0,10,Doğalgaz,Chatbot,1.0,10,47.61904761904762,0,4.61512051684126,1.0986122886681098,200.0,500.0,12712120.921305181,0,100.0,0.297029702970297,Kadıköy_2,17476521.739130434
Beşiktaş,120,3.0,8.0,25000000.0,1.0,4.0,12,Merkezi,Chatbot,0.5,8,38.70967741935484,1,4.795790545596741,1.3862943611198906,360.0,960.0,29936740.139211137,0,120.0,0.3305785123966942,Beşiktaş_3,27756909.722222224
Üsküdar,80,2.0,4.0,12000000.0,0.0,2.0,7,Doğalgaz,Chatbot,1.0,20,38.095238095238095,0,4.394449154672439,1.0986122886681098,160.0,320.0,22489044.943820223,0,0.0,0.28169014084507044,Üsküdar_2,18625000.0
Şişli,90,2.0,6.0,23000000.0,1.0,3.0,9,Merkezi,Chatbot,0.5,21,42.857142857142854,1,4.51085950651685,1.0986122886681098,180.0,540.0,31775387.323943663,0,90.0,0.32967032967032966,Şişli_2,17720000.0
Ümraniye,75,2.0,3.0,9500000.0,0.0,1.0,8,Doğalgaz,Chatbot,1.0,19,35.714285714285715,0,4.330733340286331,1.0986122886681098,150.0,225.0,15131140.350877194,0,0.0,0.1234567901234568,Ümraniye_2,12664166.666666666
Maltepe,85,3.0,5.0,11500000.0,1.0,2.0,6,Doğalgaz,Chatbot,1.0,12,27.419354838709676,0,4.454347296253507,1.3862943611198906,255.0,425.0,4097244.968911917,0,85.0,0.3278688524590164,Maltepe_3,3813252.9011627906
Bahçelievler,95,3.0,4.0,14000000.0,1.0,3.0,10,Merkezi,Chatbot,0.5,3,30.64516129032258,0,4.564348191467836,1.3862943611198906,285.0,380.0,2039386.7348066298,0,95.0,0.297029702970297,Bahçelievler_3,1860425.5212765958
Esenyurt,70,2.0,2.0,6000000.0,0.0,1.0,5,Doğalgaz,Chatbot,1.0,9,33.33333333333333,0,4.2626798770413155,1.0986122886681098,140.0,140.0,3380119.581602374,0,0.0,0.19607843137254904,Esenyurt_2,6067140.1869158875
Pendik,80,2.0,1.0,8000000.0,1.0,2.0,6,Merkezi,Chatbot,0.5,13,38.095238095238095,0,4.394449154672439,1.0986122886681098,160.0,80.0,4022337.7879858655,0,80.0,0.3278688524590164,Pendik_2,5672766.666666667
Sultanbeyli,60,2.0,1.0,4500000.0,1.0,1.0,5,Doğalgaz,Chatbot,1.0,17,28.57142857142857,0,4.110873864173311,1.0986122886681098,120.0,60.0,5235000.0,0,60.0,0.19607843137254904,Sultanbeyli_2,5235000.0
Kadıköy,100,2.0,5.0,30000000.0,1.0,3.0,10,Merkezi,Chatbot,0.5,10,47.61904761904762,0,4.61512051684126,1.0986122886681098,200.0,500.0,12712120.921305181,0,100.0,0.297029702970297,Kadıköy_2,17476521.739130434
Beşiktaş,120,3.0,8.0,37500000.0,1.0,4.0,12,Doğalgaz,Chatbot,1.0,8,38.70967741935484,1,4.795790545596741,1.3862943611198906,360.0,960.0,29936740.139211137,0,120.0,0.3305785123966942,Beşiktaş_3,27756909.722222224
Üsküdar,80,2.0,4.0,18000000.0,0.0,2.0,7,Merkezi,Chatbot,0.5,20,38.095238095238095,0,4.394449154672439,1.0986122886681098,160.0,320.0,22489044.943820223,0,0.0,0.28169014084507044,Üsküdar_2,18625000.0
Şişli,90,2.0,6.0,34500000.0,1.0,3.0,9,Doğalgaz,Chatbot,1.0,21,42.857142857142854,1,4.51085950651685,1.0986122886681098,180.0,540.0,31775387.323943663,0,90.0,0.32967032967032966,Şişli_2,17720000.0
Ümraniye,75,2.0,3.0,14250000.0,0.0,1.0,8,Merkezi,Chatbot,0.5,19,35.714285714285715,0,4.330733340286331,1.0986122886681098,150.0,225.0,15131140.350877194,0,0.0,0.1234567901234568,Ümraniye_2,12664166.666666666
Maltepe,85,3.0,5.0,17250000.0,1.0,2.0,6,Doğalgaz,Chatbot,1.0,12,27.419354838709676,0,4.454347296253507,1.3862943611198906,255.0,425.0,4097244.968911917,0,85.0,0.3278688524590164,Maltepe_3,3813252.9011627906
Bahçelievler,95,3.0,4.0,21000000.0,1.0,3.0,10,Merkezi,Chatbot,0.5,3,30.64516129032258,0,4.564348191467836,1.3862943611198906,285.0,380.0,2039386.7348066298,0,95.0,0.297029702970297,Bahçelievler_3,1860425.5212765958
Esenyurt,70,2.0,2.0,9000000.0,0.0,1.0,5,Doğalgaz,Chatbot,1.0,9,33.33333333333333,0,4.2626798770413155,1.0986122886681098,140.0,140.0,3380119.581602374,0,0.0,0.19607843137254904,Esenyurt_2,6067140.1869158875
Pendik,80,3.0,1.0,12000000.0,1.0,2.0,6,Merkezi,Chatbot,0.5,13,25.806451612903224,0,4.394449154672439,1.3862943611198906,240.0,80.0,4022337.7879858655,0,80.0,0.3278688524590164,Pendik_3,3735718.0939597315
Sultanbeyli,60,2.0,1.0,6750000.0,1.0,1.0,5,Doğalgaz,Chatbot,1.0,17,28.57142857142857,0,4.110873864173311,1.0986122886681098,120.0,60.0,5235000.0,0,60.0,0.19607843137254904,Sultanbeyli_2,5235000.0
Kadıköy,110,3.0,6.0,35000000.0,1.0,3.0,11,Merkezi,Chatbot,0.5,10,35.483870967741936,1,4.709530201312334,1.3862943611198906,330.0,660.0,12712120.921305181,0,110.0,0.2702702702702703,Kadıköy_3,16696702.898550725
Beşiktaş,130,4.0,3.0,40000000.0,1.0,5.0,15,Doğalgaz,Chatbot,1.0,8,31.707317073170735,0,4.875197323201151,1.6094379124341003,520.0,390.0,29936740.139211137,0,130.0,0.33112582781456956,Beşiktaş_4,27622500.0
Üsküdar,85,3.0,5.0,13500000.0,0.0,3.0,10,Merkezi,Chatbot,0.5,20,27.419354838709676,0,4.454347296253507,1.3862943611198906,255.0,425.0,22489044.943820223,0,0.0,0.297029702970297,Üsküdar_3,21597820.512820512
Şişli,95,3.0,4.0,16000000.0,1.0,2.0,8,Doğalgaz,Chatbot,1.0,21,30.64516129032258,0,4.564348191467836,1.3862943611198906,285.0,380.0,31775387.323943663,0,95.0,0.2469135802469136,Şişli_3,26607954.545454547
Ümraniye,80,2.0,4.0,11000000.0,0.0,2.0,7,Merkezi,Chatbot,0.5,19,38.095238095238095,0,4.394449154672439,1.0986122886681098,160.0,320.0,15131140.350877194,0,0.0,0.28169014084507044,Ümraniye_2,12664166.666666666
Maltepe,90,3.0,6.0,14500000.0,1.0,1.0,9,Doğalgaz,Chatbot,1.0,12,29.032258064516128,1,4.51085950651685,1.3862943611198906,270.0,540.0,4097244.968911917,0,90.0,0.10989010989010989,Maltepe_3,3813252.9011627906
Bahçelievler,100,2.0,5.0,15000000.0,1.0,3.0,10,Merkezi,Chatbot,0.5,3,47.61904761904762,0,4.61512051684126,1.0986122886681098,200.0,500.0,2039386.7348066298,0,100.0,0.297029702970297,Bahçelievler_2,4911066.666666667
Esenyurt,80,2.0,2.0,7500000.0,0.0,1.0,6,Doğalgaz,Chatbot,1.0,9,38.095238095238095,0,4.394449154672439,1.0986122886681098,160.0,160.0,3380119.581602374,0,0.0,0.1639344262295082,Esenyurt_2,6067140.1869158875
Pendik,70,2.0,1.0,5000000.0,1.0,1.0,5,Merkezi,Chatbot,0.5,13,33.33333333333333,0,4.2626798770413155,1.0986122886681098,140.0,70.0,4022337.7879858655,0,70.0,0.19607843137254904,Pendik_2,5672766.666666667
Sultanbeyli,65,2.0,1.0,4200000.0,1.0,1.0,5,Doğalgaz,Chatbot,1.0,17,30.952380952380953,0,4.189654742026425,1.0986122886681098,130.0,65.0,5235000.0,0,65.0,0.19607843137254904,Sultanbeyli_2,5235000.0
Kadıköy,110,3.0,6.0,52500000.0,1.0,3.0,11,Merkezi,Chatbot,0.5,10,35.483870967741936,1,4.709530201312334,1.3862943611198906,330.0,660.0,12712120.921305181,0,110.0,0.2702702702702703,Kadıköy_3,16696702.898550725
Beşiktaş,130,4.0,3.0,60000000.0,1.0,5.0,15,Doğalgaz,Chatbot,1.0,8,31.707317073170735,0,4.875197323201151,1.6094379124341003,520.0,390.0,29936740.139211137,0,130.0,0.33112582781456956,Beşiktaş_4,27622500.0
Üsküdar,85,3.0,5.0,20250000.0,0.0,3.0,10,Merkezi,Chatbot,0.5,20,27.419354838709676,0,4.454347296253507,1.3862943611198906,255.0,425.0,22489044.943820223,0,0.0,0.297029702970297,Üsküdar_3,21597820.512820512
Şişli,95,3.0,4.0,24000000.0,1.0,2.0,8,Doğalgaz,Chatbot,1.0,21,30.64516129032258,0,4.564348191467836,1.3862943611198906,285.0,380.0,31775387.323943663,0,95.0,0.2469135802469136,Şişli_3,26607954.545454547
Ümraniye,80,2.0,4.0,16500000.0,0.0,2.0,7,Merkezi,Chatbot,0.5,19,38.095238095238095,0,4.394449154672439,1.0986122886681098,160.0,320.0,15131140.350877194,0,0.0,0.28169014084507044,Ümraniye_2,12664166.666666666
Maltepe,90,3.0,6.0,18500000.0,1.0,1.0,9,Doğalgaz,Chatbot,1.0,12,29.032258064516128,1,4.51085950651685,1.3862943611198906,270.0,540.0,4097244.968911917,0,90.0,0.10989010989010989,Maltepe_3,3813252.9011627906
Bahçelievler,100,2.0,5.0,22500000.0,1.0,3.0,10,Merkezi,Chatbot,0.5,3,47.61904761904762,0,4.61512051684126,1.0986122886681098,200.0,500.0,2039386.7348066298,0,100.0,0.297029702970297,Bahçelievler_2,4911066.666666667
Esenyurt,80,2.0,2.0,13500000.0,0.0,1.0,6,Doğalgaz,Chatbot,1.0,9,38.095238095238095,0,4.394449154672439,1.0986122886681098,160.0,160.0,3380119.581602374,0,0.0,0.1639344262295082,Esenyurt_2,6067140.1869158875
Pendik,70,2.0,1.0,8500000.0,1.0,1.0,5,Merkezi,Chatbot,0.5,13,33.33333333333333,0,4.2626798770413155,1.0986122886681098,140.0,70.0,4022337.7879858655,0,70.0,0.19607843137254904,Pendik_2,5672766.666666667
Sultanbeyli,65,2.0,1.0,6200000.0,1.0,1.0,5,Doğalgaz,Chatbot,1.0,17,30.952380952380953,0,4.189654742026425,1.0986122886681098,130.0,65.0,5235000.0,0,65.0,0.19607843137254904,Sultanbeyli_2,5235000.0
Kadıköy,105,3.0,5.0,39000000.0,1.0,3.0,12,Merkezi,Chatbot,0.5,10,33.87096774193548,0,4.663439094112067,1.3862943611198906,315.0,525.0,12712120.921305181,0,105.0,0.24793388429752067,Kadıköy_3,16696702.898550725
Beşiktaş,125,4.0,4.0,45000000.0,1.0,5.0,15,Doğalgaz,Chatbot,1.0,8,30.487804878048784,0,4.836281906951478,1.6094379124341003,500.0,500.0,29936740.139211137,0,125.0,0.33112582781456956,Beşiktaş_4,27622500.0
Üsküdar,88,3.0,3.0,15500000.0,0.0,2.0,8,Merkezi,Chatbot,0.5,20,28.387096774193548,0,4.48863636973214,1.3862943611198906,264.0,264.0,22489044.943820223,0,0.0,0.2469135802469136,Üsküdar_3,21597820.512820512
Şişli,102,3.0,6.0,25000000.0,1.0,4.0,10,Doğalgaz,Chatbot,1.0,21,32.90322580645161,1,4.634728988229636,1.3862943611198906,306.0,612.0,31775387.323943663,0,102.0,0.39603960396039606,Şişli_3,26607954.545454547
Ümraniye,82,2.0,4.0,11500000.0,0.0,1.0,8,Doğalgaz,Chatbot,1.0,19,39.047619047619044,0,4.418840607796598,1.0986122886681098,164.0,328.0,15131140.350877194,0,0.0,0.1234567901234568,Ümraniye_2,12664166.666666666
Maltepe,75,2.0,3.0,10250000.0,1.0,1.0,6,Merkezi,Chatbot,0.5,12,35.714285714285715,0,4.330733340286331,1.0986122886681098,150.0,225.0,4097244.968911917,0,75.0,0.1639344262295082,Maltepe_2,2357289.13559322
Bahçelievler,82,3.0,5.0,13500000.0,0.0,3.0,9,Doğalgaz,Chatbot,1.0,3,26.451612903225804,0,4.418840607796598,1.3862943611198906,246.0,410.0,2039386.7348066298,0,0.0,0.32967032967032966,Bahçelievler_3,1860425.5212765958
Esenyurt,78,2.0,1.0,7500000.0,1.0,1.0,5,Merkezi,Chatbot,0.5,9,37.14285714285714,0,4.3694478524670215,1.0986122886681098,156.0,78.0,3380119.581602374,0,78.0,0.19607843137254904,Esenyurt_2,6067140.1869158875
Pendik,83,3.0,2.0,8000000.0,0.0,2.0,6,Doğalgaz,Chatbot,1.0,13,26.774193548387096,0,4.430816798843313,1.3862943611198906,249.0,166.0,4022337.7879858655,0,0.0,0.3278688524590164,Pendik_3,3735718.0939597315
Sultanbeyli,70,2.0,1.0,4800000.0,1.0,1.0,5,Merkezi,Chatbot,0.5,17,33.33333333333333,0,4.2626798770413155,1.0986122886681098,140.0,70.0,5235000.0,0,70.0,0.19607843137254904,Sultanbeyli_2,5235000.0
Kadıköy,90,2.0,5.0,16800000.0,1.0,3.0,10,Doğalgaz,Chatbot,1.0,10,42.857142857142854,0,4.51085950651685,1.0986122886681098,180.0,450.0,12712120.921305181,0,90.0,0.297029702970297,Kadıköy_2,17476521.739130434
Ümraniye,85,3.0,8.0,12800000.0,1.0,3.0,12,Merkezi,Chatbot,0.5,19,27.419354838709676,1,4.454347296253507,1.3862943611198906,255.0,680.0,15131140.350877194,0,85.0,0.24793388429752067,Ümraniye_3,17257142.85714286
Maltepe,100,3.0,6.0,13500000.0,0.0,4.0,10,Doğalgaz,Chatbot,1.0,12,32.25806451612903,1,4.61512051684126,1.3862943611198906,300.0,600.0,4097244.968911917,0,0.0,0.39603960396039606,Maltepe_3,3813252.9011627906
Kartal,110,3.0,4.0,14000000.0,1.0,3.0,9,Merkezi,Chatbot,0.5,11,35.483870967741936,0,4.709530201312334,1.3862943611198906,330.0,440.0,14139868.421052631,0,110.0,0.32967032967032966,Kartal_3,11513181.818181818
Şişli,95,3.0,7.0,17500000.0,1.0,3.0,10,Doğalgaz,Chatbot,1.0,21,30.64516129032258,1,4.564348191467836,1.3862943611198906,285.0,665.0,31775387.323943663,0,95.0,0.297029702970297,Şişli_3,26607954.545454547
Sarıyer,120,4.0,3.0,35000000.0,1.0,5.0,15,Merkezi,Chatbot,0.5,15,29.26829268292683,0,4.795790545596741,1.6094379124341003,480.0,360.0,17196453.112033196,0,120.0,0.33112582781456956,Sarıyer_4,27259729.72972973
Beşiktaş,100,3.0,2.0,45000000.0,1.0,3.0,11,Doğalgaz,Chatbot,1.0,8,32.25806451612903,0,4.61512051684126,1.3862943611198906,300.0,200.0,29936740.139211137,0,100.0,0.2702702702702703,Beşiktaş_3,27756909.722222224
Pendik,70,2.0,1.0,8000000.0,1.0,2.0,7,Merkezi,Chatbot,0.5,13,33.33333333333333,0,4.2626798770413155,1.0986122886681098,140.0,70.0,4022337.7879858655,0,70.0,0.28169014084507044,Pendik_2,5672766.666666667
Silivri,65,2.0,10.0,5200000.0,0.0,1.0,5,Doğalgaz,Chatbot,1.0,16,30.952380952380953,1,4.189654742026425,1.0986122886681098,130.0,650.0,6126118.421052632,0,0.0,0.19607843137254904,Silivri_2,5700000.0
Kadıköy,100,3.0,4.0,18000000.0,1.0,3.0,10,Merkezi,Chatbot,0.5,10,32.25806451612903,0,4.61512051684126,1.3862943611198906,300.0,400.0,12712120.921305181,0,100.0,0.297029702970297,Kadıköy_3,16696702.898550725
Ümraniye,90,3.0,6.0,11800000.0,0.0,2.0,8,Doğalgaz,Chatbot,1.0,19,29.032258064516128,1,4.51085950651685,1.3862943611198906,270.0,540.0,15131140.350877194,0,0.0,0.2469135802469136,Ümraniye_3,17257142.85714286
Maltepe,115,4.0,5.0,14500000.0,0.0,4.0,9,Merkezi,Chatbot,0.5,12,28.04878048780488,0,4.7535901911063645,1.6094379124341003,460.0,575.0,4097244.968911917,0,0.0,0.43956043956043955,Maltepe_4,5687843.023255814
Kartal,80,2.0,3.0,10000000.0,1.0,1.0,7,Doğalgaz,Chatbot,1.0,11,38.095238095238095,0,4.394449154672439,1.0986122886681098,160.0,240.0,14139868.421052631,0,80.0,0.14084507042253522,Kartal_2,10100000.0
Şişli,75,2.0,4.0,16500000.0,1.0,2.0,6,Merkezi,Chatbot,0.5,21,35.714285714285715,0,4.330733340286331,1.0986122886681098,150.0,300.0,31775387.323943663,0,75.0,0.3278688524590164,Şişli_2,17720000.0
Sarıyer,130,4.0,2.0,40000000.0,1.0,5.0,15,Doğalgaz,Chatbot,1.0,15,31.707317073170735,0,4.875197323201151,1.6094379124341003,520.0,260.0,17196453.112033196,0,130.0,0.33112582781456956,Sarıyer_4,27259729.72972973
Beşiktaş,110,3.0,5.0,48000000.0,1.0,4.0,14,Merkezi,Chatbot,0.5,8,35.483870967741936,0,4.709530201312334,1.3862943611198906,330.0,550.0,29936740.139211137,0,110.0,0.28368794326241137,Beşiktaş_3,27756909.722222224
Pendik,75,2.0,1.0,6200000.0,0.0,1.0,5,Doğalgaz,Chatbot,1.0,13,35.714285714285715,0,4.330733340286331,1.0986122886681098,150.0,75.0,4022337.7879858655,0,0.0,0.19607843137254904,Pendik_2,5672766.666666667
Silivri,70,2.0,12.0,5300000.0,1.0,1.0,4,Merkezi,Chatbot,0.5,16,33.33333333333333,2,4.2626798770413155,1.0986122886681098,140.0,840.0,6126118.421052632,0,70.0,0.24390243902439027,Silivri_2,5700000.0
Kadıköy,95,3.0,5.0,27000000.0,1.0,3.0,10,Doğalgaz,Chatbot,1.0,10,30.64516129032258,0,4.564348191467836,1.3862943611198906,285.0,475.0,12712120.921305181,0,95.0,0.297029702970297,Kadıköy_3,16696702.898550725
Ümraniye,85,3.0,7.0,18000000.0,1.0,2.0,8,Merkezi,Chatbot,0.5,19,27.419354838709676,1,4.454347296253507,1.3862943611198906,255.0,595.0,15131140.350877194,0,85.0,0.2469135802469136,Ümraniye_3,17257142.85714286
Maltepe,110,4.0,4.0,21500000.0,0.0,3.0,10,Doğalgaz,Chatbot,1.0,12,26.82926829268293,0,4.709530201312334,1.6094379124341003,440.0,440.0,4097244.968911917,0,0.0,0.297029702970297,Maltepe_4,5687843.023255814
Kartal,120,4.0,3.0,21000000.0,1.0,2.0,9,Merkezi,Chatbot,0.5,11,29.26829268292683,0,4.795790545596741,1.6094379124341003,480.0,360.0,14139868.421052631,0,120.0,0.21978021978021978,Kartal_4,20472142.85714286
Şişli,100,3.0,6.0,26250000.0,1.0,3.0,11,Doğalgaz,Chatbot,1.0,21,32.25806451612903,1,4.61512051684126,1.3862943611198906,300.0,600.0,31775387.323943663,0,100.0,0.2702702702702703,Şişli_3,26607954.545454547
Sarıyer,140,4.0,2.0,52500000.0,1.0,5.0,15,Merkezi,Chatbot,0.5,15,34.146341463414636,0,4.948759890378168,1.6094379124341003,560.0,280.0,17196453.112033196,0,140.0,0.33112582781456956,Sarıyer_4,27259729.72972973
Beşiktaş,120,4.0,3.0,72000000.0,1.0,4.0,14,Doğalgaz,Chatbot,1.0,8,29.26829268292683,0,4.795790545596741,1.6094379124341003,480.0,360.0,29936740.139211137,0,120.0,0.28368794326241137,Beşiktaş_4,27622500.0
Pendik,85,3.0,1.0,9000000.0,0.0,2.0,6,Merkezi,Chatbot,0.5,13,27.419354838709676,0,4.454347296253507,1.3862943611198906,255.0,85.0,4022337.7879858655,0,0.0,0.3278688524590164,Pendik_3,3735718.0939597315
Silivri,75,2.0,11.0,6000000.0,0.0,1.0,5,Doğalgaz,Chatbot,1.0,16,35.714285714285715,2,4.330733340286331,1.0986122886681098,150.0,825.0,6126118.421052632,0,0.0,0.19607843137254904,Silivri_2,5700000.0
Kadıköy,110,4.0,4.0,29000000.0,1.0,3.0,10,Merkezi,Chatbot,0.5,10,26.82926829268293,0,4.709530201312334,1.6094379124341003,440.0,440.0,12712120.921305181,0,110.0,0.297029702970297,Kadıköy_4,10351004.016064256
Ümraniye,95,3.0,6.0,14500000.0,1.0,2.0,9,Doğalgaz,Chatbot,1.0,19,30.64516129032258,1,4.564348191467836,1.3862943611198906,285.0,570.0,15131140.350877194,0,95.0,0.21978021978021978,Ümraniye_3,17257142.85714286
Maltepe,120,4.0,5.0,19500000.0,0.0,2.0,8,Merkezi,Chatbot,0.5,12,29.26829268292683,0,4.795790545596741,1.6094379124341003,480.0,600.0,4097244.968911917,0,0.0,0.2469135802469136,Maltepe_4,5687843.023255814
Kartal,100,3.0,3.0,15000000.0,1.0,1.0,7,Doğalgaz,Chatbot,1.0,11,32.25806451612903,0,4.61512051684126,1.3862943611198906,300.0,300.0,14139868.421052631,0,100.0,0.14084507042253522,Kartal_3,11513181.818181818
Şişli,90,2.0,6.0,18500000.0,1.0,3.0,8,Merkezi,Chatbot,0.5,21,42.857142857142854,1,4.51085950651685,1.0986122886681098,180.0,540.0,31775387.323943663,0,90.0,0.3703703703703704,Şişli_2,17720000.0
Sarıyer,130,4.0,2.0,42000000.0,1.0,6.0,15,Doğalgaz,Chatbot,1.0,15,31.707317073170735,0,4.875197323201151,1.6094379124341003,520.0,260.0,17196453.112033196,0,130.0,0.3973509933774835,Sarıyer_4,27259729.72972973
Beşiktaş,115,3.0,5.0,57500000.0,1.0,4.0,13,Merkezi,Chatbot,0.5,8,37.096774193548384,0,4.7535901911063645,1.3862943611198906,345.0,575.0,29936740.139211137,0,115.0,0.3053435114503817,Beşiktaş_3,27756909.722222224
Pendik,80,2.0,2.0,4000000.0,0.0,1.0,5,Doğalgaz,Chatbot,1.0,13,38.095238095238095,0,4.394449154672439,1.0986122886681098,160.0,160.0,4022337.7879858655,0,0.0,0.19607843137254904,Pendik_2,5672766.666666667
Silivri,68,2.0,10.0,5300000.0,1.0,1.0,4,Merkezi,Chatbot,0.5,16,32.38095238095238,1,4.23410650459726,1.0986122886681098,136.0,680.0,6126118.421052632,0,68.0,0.24390243902439027,Silivri_2,5700000.0
Kadıköy,125,4.0,5.0,43500000.0,1.0,3.0,11,Doğalgaz,Chatbot,1.0,10,30.487804878048784,0,4.836281906951478,1.6094379124341003,500.0,625.0,12712120.921305181,0,125.0,0.2702702702702703,Kadıköy_4,10351004.016064256
Ümraniye,95,3.0,7.0,20000000.0,0.0,2.0,9,Merkezi,Chatbot,0.5,19,30.64516129032258,1,4.564348191467836,1.3862943611198906,285.0,665.0,15131140.350877194,0,0.0,0.21978021978021978,Ümraniye_3,17257142.85714286
Maltepe,130,4.0,4.0,26000000.0,1.0,3.0,10,Doğalgaz,Chatbot,1.0,12,31.707317073170735,0,4.875197323201151,1.6094379124341003,520.0,520.0,4097244.968911917,0,130.0,0.297029702970297,Maltepe_4,5687843.023255814
Kartal,140,4.0,3.0,26500000.0,1.0,2.0,9,Merkezi,Chatbot,0.5,11,34.146341463414636,0,4.948759890378168,1.6094379124341003,560.0,420.0,14139868.421052631,0,140.0,0.21978021978021978,Kartal_4,20472142.85714286
Şişli,100,3.0,6.0,39000000.0,1.0,3.0,11,Doğalgaz,Chatbot,1.0,21,32.25806451612903,1,4.61512051684126,1.3862943611198906,300.0,600.0,31775387.323943663,0,100.0,0.2702702702702703,Şişli_3,26607954.545454547
Sarıyer,150,5.0,2.0,75000000.0,1.0,5.0,15,Merkezi,Chatbot,0.5,15,29.411764705882355,0,5.017279836814924,1.791759469228055,750.0,300.0,17196453.112033196,0,150.0,0.33112582781456956,Sarıyer_5,19499586.111111112
Pendik,85,3.0,1.0,6700000.0,0.0,1.0,5,Merkezi,Chatbot,0.5,13,27.419354838709676,0,4.454347296253507,1.3862943611198906,255.0,85.0,4022337.7879858655,0,0.0,0.19607843137254904,Pendik_3,3735718.0939597315
Silivri,80,2.0,12.0,6000000.0,0.0,1.0,4,Doğalgaz,Chatbot,1.0,16,38.095238095238095,2,4.394449154672439,1.0986122886681098,160.0,960.0,6126118.421052632,0,0.0,0.24390243902439027,Silivri_2,5700000.0
Kadıköy,95,2.0,5.0,17250000.0,1.0,3.0,10,Merkezi,Chatbot,0.5,10,45.238095238095234,0,4.564348191467836,1.0986122886681098,190.0,475.0,12712120.921305181,0,95.0,0.297029702970297,Kadıköy_2,17476521.739130434
Ümraniye,90,3.0,8.0,12800000.0,1.0,3.0,12,Doğalgaz,Chatbot,1.0,19,29.032258064516128,1,4.51085950651685,1.3862943611198906,270.0,720.0,15131140.350877194,0,90.0,0.24793388429752067,Ümraniye_3,17257142.85714286
Maltepe,110,3.0,6.0,14600000.0,1.0,4.0,10,Merkezi,Chatbot,0.5,12,35.483870967741936,1,4.709530201312334,1.3862943611198906,330.0,660.0,4097244.968911917,0,110.0,0.39603960396039606,Maltepe_3,3813252.9011627906
Kartal,100,3.0,4.0,14500000.0,1.0,3.0,9,Doğalgaz,Chatbot,1.0,11,32.25806451612903,0,4.61512051684126,1.3862943611198906,300.0,400.0,14139868.421052631,0,100.0,0.32967032967032966,Kartal_3,11513181.818181818
Şişli,75,2.0,6.0,18500000.0,0.0,2.0,9,Doğalgaz,Chatbot,1.0,21,35.714285714285715,1,4.330733340286331,1.0986122886681098,150.0,450.0,31775387.323943663,0,0.0,0.21978021978021978,Şişli_2,17720000.0
Sarıyer,130,4.0,3.0,42000000.0,1.0,5.0,15,Merkezi,Chatbot,0.5,15,31.707317073170735,0,4.875197323201151,1.6094379124341003,520.0,390.0,17196453.112033196,0,130.0,0.33112582781456956,Sarıyer_4,27259729.72972973
Beşiktaş,125,4.0,4.0,55000000.0,1.0,4.0,13,Doğalgaz,Chatbot,1.0,8,30.487804878048784,0,4.836281906951478,1.6094379124341003,500.0,500.0,29936740.139211137,0,125.0,0.3053435114503817,Beşiktaş_4,27622500.0
Pendik,78,2.0,1.0,5500000.0,0.0,2.0,7,Merkezi,Chatbot,0.5,13,37.14285714285714,0,4.3694478524670215,1.0986122886681098,156.0,78.0,4022337.7879858655,0,0.0,0.28169014084507044,Pendik_2,5672766.666666667
Silivri,72,2.0,9.0,5400000.0,1.0,1.0,5,Doğalgaz,Chatbot,1.0,16,34.285714285714285,1,4.290459441148391,1.0986122886681098,144.0,648.0,6126118.421052632,0,72.0,0.19607843137254904,Silivri_2,5700000.0
Kadıköy,100,3.0,5.0,27000000.0,1.0,3.0,10,Merkezi,Chatbot,0.5,10,32.25806451612903,0,4.61512051684126,1.3862943611198906,300.0,500.0,12712120.921305181,0,100.0,0.297029702970297,Kadıköy_3,16696702.898550725
Ümraniye,85,3.0,6.0,18000000.0,1.0,1.0,8,Doğalgaz,Chatbot,1.0,19,27.419354838709676,1,4.454347296253507,1.3862943611198906,255.0,510.0,15131140.350877194,0,85.0,0.1234567901234568,Ümraniye_3,17257142.85714286
Maltepe,120,4.0,4.0,22500000.0,0.0,2.0,10,Merkezi,Chatbot,0.5,12,29.26829268292683,0,4.795790545596741,1.6094379124341003,480.0,480.0,4097244.968911917,0,0.0,0.19801980198019803,Maltepe_4,5687843.023255814
Kartal,140,4.0,3.0,27300000.0,1.0,3.0,9,Doğalgaz,Chatbot,1.0,11,34.146341463414636,0,4.948759890378168,1.6094379124341003,560.0,420.0,14139868.421052631,0,140.0,0.32967032967032966,Kartal_4,20472142.85714286
Şişli,90,3.0,7.0,25500000.0,1.0,3.0,10,Merkezi,Chatbot,0.5,21,29.032258064516128,1,4.51085950651685,1.3862943611198906,270.0,630.0,31775387.323943663,0,90.0,0.297029702970297,Şişli_3,26607954.545454547
Sarıyer,150,5.0,2.0,69000000.0,1.0,5.0,15,Doğalgaz,Chatbot,1.0,15,29.411764705882355,0,5.017279836814924,1.791759469228055,750.0,300.0,17196453.112033196,0,150.0,0.33112582781456956,Sarıyer_5,19499586.111111112
Beşiktaş,140,4.0,3.0,86000000.0,1.0,4.0,14,Merkezi,Chatbot,0.5,8,34.146341463414636,0,4.948759890378168,1.6094379124341003,560.0,420.0,29936740.139211137,0,140.0,0.28368794326241137,Beşiktaş_4,27622500.0
Pendik,80,2.0,2.0,7500000.0,0.0,1.0,5,Doğalgaz,Chatbot,1.0,13,38.095238095238095,0,4.394449154672439,1.0986122886681098,160.0,160.0,4022337.7879858655,0,0.0,0.19607843137254904,Pendik_2,5672766.666666667
Silivri,70,2.0,10.0,5300000.0,1.0,1.0,4,Merkezi,Chatbot,0.5,16,33.33333333333333,1,4.2626798770413155,1.0986122886681098,140.0,700.0,6126118.421052632,0,70.0,0.24390243902439027,Silivri_2,5700000.0
Kadıköy,105,3.0,4.0,19000000.0,1.0,3.0,10,Doğalgaz,Chatbot,1.0,10,33.87096774193548,0,4.663439094112067,1.3862943611198906,315.0,420.0,12712120.921305181,0,105.0,0.297029702970297,Kadıköy_3,16696702.898550725
Ümraniye,95,3.0,7.0,13000000.0,1.0,2.0,9,Merkezi,Chatbot,0.5,19,30.64516129032258,1,4.564348191467836,1.3862943611198906,285.0,665.0,15131140.350877194,0,95.0,0.21978021978021978,Ümraniye_3,17257142.85714286
Maltepe,130,4.0,5.0,17500000.0,0.0,3.0,9,Doğalgaz,Chatbot,1.0,12,31.707317073170735,0,4.875197323201151,1.6094379124341003,520.0,650.0,4097244.968911917,0,0.0,0.32967032967032966,Maltepe_4,5687843.023255814
Kartal,110,3.0,2.0,14500000.0,1.0,1.0,8,Doğalgaz,Chatbot,1.0,11,35.483870967741936,0,4.709530201312334,1.3862943611198906,330.0,220.0,14139868.421052631,0,110.0,0.1234567901234568,Kartal_3,11513181.818181818
Şişli,90,3.0,6.0,18800000.0,1.0,3.0,9,Merkezi,Chatbot,0.5,21,29.032258064516128,1,4.51085950651685,1.3862943611198906,270.0,540.0,31775387.323943663,0,90.0,0.32967032967032966,Şişli_3,26607954.545454547
Sarıyer,140,4.0,3.0,65000000.0,1.0,5.0,15,Doğalgaz,Chatbot,1.0,15,34.146341463414636,0,4.948759890378168,1.6094379124341003,560.0,420.0,17196453.112033196,0,140.0,0.33112582781456956,Sarıyer_4,27259729.72972973
Beşiktaş,145,4.0,2.0,90000000.0,1.0,6.0,14,Merkezi,Chatbot,0.5,8,35.36585365853659,0,4.983606621708336,1.6094379124341003,580.0,290.0,29936740.139211137,0,145.0,0.425531914893617,Beşiktaş_4,27622500.0
Pendik,85,3.0,1.0,6800000.0,0.0,1.0,5,Doğalgaz,Chatbot,1.0,13,27.419354838709676,0,4.454347296253507,1.3862943611198906,255.0,85.0,4022337.7879858655,0,0.0,0.19607843137254904,Pendik_3,3735718.0939597315
Silivri,75,2.0,11.0,6000000.0,1.0,1.0,5,Merkezi,Chatbot,0.5,16,35.714285714285715,2,4.330733340286331,1.0986122886681098,150.0,825.0,6126118.421052632,0,75.0,0.19607843137254904,Silivri_2,5700000.0
Kadıköy,110,4.0,5.0,38500000.0,1.0,3.0,11,Doğalgaz,Chatbot,1.0,10,26.82926829268293,0,4.709530201312334,1.6094379124341003,440.0,550.0,12712120.921305181,0,110.0,0.2702702702702703,Kadıköy_4,10351004.016064256
Ümraniye,95,3.0,6.0,19800000.0,1.0,2.0,9,Merkezi,Chatbot,0.5,19,30.64516129032258,1,4.564348191467836,1.3862943611198906,285.0,570.0,15131140.350877194,0,95.0,0.21978021978021978,Ümraniye_3,17257142.85714286
Maltepe,140,4.0,4.0,25900000.0,1.0,3.0,10,Doğalgaz,Chatbot,1.0,12,34.146341463414636,0,4.948759890378168,1.6094379124341003,560.0,560.0,4097244.968911917,0,140.0,0.297029702970297,Maltepe_4,5687843.023255814
Kartal,130,4.0,3.0,24300000.0,1.0,2.0,9,Merkezi,Chatbot,0.5,11,31.707317073170735,0,4.875197323201151,1.6094379124341003,520.0,390.0,14139868.421052631,0,130.0,0.21978021978021978,Kartal_4,20472142.85714286
Şişli,85,3.0,7.0,27600000.0,1.0,3.0,10,Doğalgaz,Chatbot,1.0,21,27.419354838709676,1,4.454347296253507,1.3862943611198906,255.0,595.0,31775387.323943663,0,85.0,0.297029702970297,Şişli_3,26607954.545454547
Sarıyer,160,5.0,2.0,78000000.0,1.0,5.0,15,Doğalgaz,Chatbot,1.0,15,31.372549019607845,0,5.081404364984463,1.791759469228055,800.0,320.0,17196453.112033196,0,160.0,0.33112582781456956,Sarıyer_5,19499586.111111112
Beşiktaş,150,5.0,2.0,95000000.0,1.0,4.0,14,Merkezi,Chatbot,0.5,8,29.411764705882355,0,5.017279836814924,1.791759469228055,750.0,300.0,29936740.139211137,0,150.0,0.28368794326241137,Beşiktaş_5,38385762.711864404
Pendik,90,3.0,1.0,9800000.0,0.0,1.0,6,Doğalgaz,Chatbot,1.0,13,29.032258064516128,0,4.51085950651685,1.3862943611198906,270.0,90.0,4022337.7879858655,0,0.0,0.1639344262295082,Pendik_3,3735718.0939597315
Silivri,70,2.0,10.0,6800000.0,1.0,1.0,4,Merkezi,Chatbot,0.5,16,33.33333333333333,1,4.2626798770413155,1.0986122886681098,140.0,700.0,6126118.421052632,0,70.0,0.24390243902439027,Silivri_2,5700000.0
Kadıköy,100,2.0,4.0,18000000.0,1.0,3.0,8,Doğalgaz,Chatbot,1.0,10,47.61904761904762,0,4.61512051684126,1.0986122886681098,200.0,400.0,12712120.921305181,0,100.0,0.3703703703703704,Kadıköy_2,17476521.739130434
Üsküdar,80,2.0,2.0,12000000.0,1.0,2.0,6,Merkezi,Chatbot,0.5,20,38.095238095238095,0,4.394449154672439,1.0986122886681098,160.0,160.0,22489044.943820223,0,80.0,0.3278688524590164,Üsküdar_2,18625000.0
Maltepe,120,3.0,3.0,14500000.0,0.0,3.0,8,Doğalgaz,Chatbot,1.0,12,38.70967741935484,0,4.795790545596741,1.3862943611198906,360.0,360.0,4097244.968911917,0,0.0,0.3703703703703704,Maltepe_3,3813252.9011627906
Ataşehir,90,2.0,5.0,15000000.0,1.0,2.0,9,Doğalgaz,Chatbot,1.0,1,42.857142857142854,0,4.51085950651685,1.0986122886681098,180.0,450.0,20692056.074766356,0,90.0,0.21978021978021978,Ataşehir_2,18061111.111111112
Şişli,110,3.0,1.0,22000000.0,1.0,4.0,11,Merkezi,Chatbot,0.5,21,35.483870967741936,0,4.709530201312334,1.3862943611198906,330.0,110.0,31775387.323943663,0,110.0,0.3603603603603604,Şişli_3,26607954.545454547
Kadıköy,140,3.0,2.0,28000000.0,1.0,5.0,12,Doğalgaz,Chatbot,1.0,10,45.16129032258064,0,4.948759890378168,1.3862943611198906,420.0,280.0,12712120.921305181,0,140.0,0.4132231404958678,Kadıköy_3,16696702.898550725
Üsküdar,100,2.0,8.0,18500000.0,1.0,5.0,10,Merkezi,Chatbot,0.5,20,47.61904761904762,1,4.61512051684126,1.0986122886681098,200.0,800.0,22489044.943820223,0,100.0,0.49504950495049505,Üsküdar_2,18625000.0
Maltepe,130,4.0,1.0,23000000.0,0.0,4.0,10,Doğalgaz,Chatbot,1.0,12,31.707317073170735,0,4.875197323201151,1.6094379124341003,520.0,130.0,4097244.968911917,0,0.0,0.39603960396039606,Maltepe_4,5687843.023255814
Ataşehir,160,4.0,0.0,40000000.0,1.0,6.0,15,Doğalgaz,Chatbot,1.0,1,39.024390243902445,0,5.081404364984463,1.6094379124341003,640.0,0.0,20692056.074766356,0,160.0,0.3973509933774835,Ataşehir_4,29893125.0
Şişli,90,2.0,7.0,15000000.0,1.0,3.0,7,Merkezi,Chatbot,0.5,21,42.857142857142854,1,4.51085950651685,1.0986122886681098,180.0,630.0,31775387.323943663,0,90.0,0.4225352112676057,Şişli_2,17720000.0
Kadıköy,110,3.0,4.0,21000000.0,1.0,4.0,9,Doğalgaz,Chatbot,1.0,10,35.483870967741936,0,4.709530201312334,1.3862943611198906,330.0,440.0,12712120.921305181,0,110.0,0.43956043956043955,Kadıköy_3,16696702.898550725
Üsküdar,120,3.0,5.0,20000000.0,1.0,3.0,8,Merkezi,Chatbot,0.5,20,38.70967741935484,0,4.795790545596741,1.3862943611198906,360.0,600.0,22489044.943820223,0,120.0,0.3703703703703704,Üsküdar_3,21597820.512820512
Maltepe,140,4.0,2.0,24500000.0,0.0,4.0,10,Doğalgaz,Chatbot,1.0,12,34.146341463414636,0,4.948759890378168,1.6094379124341003,560.0,280.0,4097244.968911917,0,0.0,0.39603960396039606,Maltepe_4,5687843.023255814
Ataşehir,100,2.0,6.0,17500000.0,1.0,2.0,9,Doğalgaz,Chatbot,1.0,1,47.61904761904762,1,4.61512051684126,1.0986122886681098,200.0,600.0,20692056.074766356,0,100.0,0.21978021978021978,Ataşehir_2,18061111.111111112
Şişli,130,4.0,3.0,27500000.0,1.0,4.0,9,Merkezi,Chatbot,0.5,21,31.707317073170735,0,4.875197323201151,1.6094379124341003,520.0,390.0,31775387.323943663,0,130.0,0.43956043956043955,Şişli_4,33970073.52941176
Kadıköy,90,2.0,1.0,14500000.0,1.0,3.0,8,Doğalgaz,Chatbot,1.0,10,42.857142857142854,0,4.51085950651685,1.0986122886681098,180.0,90.0,12712120.921305181,0,90.0,0.3703703703703704,Kadıköy_2,17476521.739130434
Üsküdar,140,3.0,0.0,31000000.0,1.0,5.0,12,Merkezi,Chatbot,0.5,20,45.16129032258064,0,4.948759890378168,1.3862943611198906,420.0,0.0,22489044.943820223,0,140.0,0.4132231404958678,Üsküdar_3,21597820.512820512
Maltepe,120,3.0,9.0,20000000.0,0.0,4.0,11,Doğalgaz,Chatbot,1.0,12,38.70967741935484,1,4.795790545596741,1.3862943611198906,360.0,1080.0,4097244.968911917,0,0.0,0.3603603603603604,Maltepe_3,3813252.9011627906
Ataşehir,110,3.0,4.0,22000000.0,1.0,3.0,9,Doğalgaz,Chatbot,1.0,1,35.483870967741936,0,4.709530201312334,1.3862943611198906,330.0,440.0,20692056.074766356,0,110.0,0.32967032967032966,Ataşehir_3,18804561.40350877
Şişli,150,4.0,2.0,32000000.0,1.0,2.0,10,Merkezi,Chatbot,0.5,21,36.58536585365854,0,5.017279836814924,1.6094379124341003,600.0,300.0,31775387.323943663,0,150.0,0.19801980198019803,Şişli_4,33970073.52941176
Kadıköy,100,2.0,3.0,18000000.0,1.0,3.0,10,Doğalgaz,Chatbot,1.0,10,47.61904761904762,0,4.61512051684126,1.0986122886681098,200.0,300.0,12712120.921305181,0,100.0,0.297029702970297,Kadıköy_2,17476521.739130434
Üsküdar,80,2.0,5.0,13000000.0,1.0,1.0,7,Merkezi,Chatbot,0.5,20,38.095238095238095,0,4.394449154672439,1.0986122886681098,160.0,400.0,22489044.943820223,0,80.0,0.14084507042253522,Üsküdar_2,18625000.0
Maltepe,90,2.0,7.0,14000000.0,1.0,1.0,6,Doğalgaz,Chatbot,1.0,12,42.857142857142854,1,4.51085950651685,1.0986122886681098,180.0,630.0,4097244.968911917,0,90.0,0.1639344262295082,Maltepe_2,2357289.13559322
Ataşehir,130,4.0,3.0,26000000.0,1.0,4.0,11,Merkezi,Chatbot,0.5,1,31.707317073170735,0,4.875197323201151,1.6094379124341003,520.0,390.0,20692056.074766356,0,130.0,0.3603603603603604,Ataşehir_4,29893125.0
Şişli,120,3.0,2.0,19500000.0,1.0,3.0,10,Doğalgaz,Chatbot,1.0,21,38.70967741935484,0,4.795790545596741,1.3862943611198906,360.0,240.0,31775387.323943663,0,120.0,0.297029702970297,Şişli_3,26607954.545454547
Kadıköy,140,4.0,0.0,31000000.0,1.0,5.0,12,Doğalgaz,Chatbot,1.0,10,34.146341463414636,0,4.948759890378168,1.6094379124341003,560.0,0.0,12712120.921305181,0,140.0,0.4132231404958678,Kadıköy_4,10351004.016064256
Üsküdar,150,4.0,1.0,29000000.0,1.0,3.0,10,Merkezi,Chatbot,0.5,20,36.58536585365854,0,5.017279836814924,1.6094379124341003,600.0,150.0,22489044.943820223,0,150.0,0.297029702970297,Üsküdar_4,26995000.0
Maltepe,110,3.0,5.0,18500000.0,0.0,4.0,9,Doğalgaz,Chatbot,1.0,12,35.483870967741936,0,4.709530201312334,1.3862943611198906,330.0,550.0,4097244.968911917,0,0.0,0.43956043956043955,Maltepe_3,3813252.9011627906
Ataşehir,90,2.0,6.0,16000000.0,1.0,2.0,8,Doğalgaz,Chatbot,1.0,1,42.857142857142854,1,4.51085950651685,1.0986122886681098,180.0,540.0,20692056.074766356,0,90.0,0.2469135802469136,Ataşehir_2,18061111.111111112
Şişli,100,3.0,4.0,20000000.0,1.0,3.0,10,Merkezi,Chatbot,0.5,21,32.25806451612903,0,4.61512051684126,1.3862943611198906,300.0,400.0,31775387.323943663,0,100.0,0.297029702970297,Şişli_3,26607954.545454547
Kadıköy,120,3.0,3.0,25000000.0,1.0,5.0,12,Doğalgaz,Chatbot,1.0,10,38.70967741935484,0,4.795790545596741,1.3862943611198906,360.0,360.0,12712120.921305181,0,120.0,0.4132231404958678,Kadıköy_3,16696702.898550725
Üsküdar,130,4.0,2.0,23000000.0,1.0,4.0,11,Merkezi,Chatbot,0.5,20,31.707317073170735,0,4.875197323201151,1.6094379124341003,520.0,260.0,22489044.943820223,0,130.0,0.3603603603603604,Üsküdar_4,26995000.0
Maltepe,140,4.0,0.0,37000000.0,0.0,6.0,15,Doğalgaz,Chatbot,1.0,12,34.146341463414636,0,4.948759890378168,1.6094379124341003,560.0,0.0,4097244.968911917,0,0.0,0.3973509933774835,Maltepe_4,5687843.023255814
Ataşehir,110,3.0,1.0,18000000.0,1.0,2.0,9,Doğalgaz,Chatbot,1.0,1,35.483870967741936,0,4.709530201312334,1.3862943611198906,330.0,110.0,20692056.074766356,0,110.0,0.21978021978021978,Ataşehir_3,18804561.40350877
Şişli,80,2.0,5.0,13000000.0,1.0,2.0,7,Merkezi,Chatbot,0.5,21,38.095238095238095,0,4.394449154672439,1.0986122886681098,160.0,400.0,31775387.323943663,0,80.0,0.28169014084507044,Şişli_2,17720000.0
Kadıköy,95,2.0,6.0,16000000.0,1.0,2.0,8,Doğalgaz,Chatbot,1.0,10,45.238095238095234,1,4.564348191467836,1.0986122886681098,190.0,570.0,12712120.921305181,0,95.0,0.2469135802469136,Kadıköy_2,17476521.739130434
Üsküdar,85,2.0,3.0,12500000.0,1.0,2.0,7,Merkezi,Chatbot,0.5,20,40.476190476190474,0,4.454347296253507,1.0986122886681098,170.0,255.0,22489044.943820223,0,85.0,0.28169014084507044,Üsküdar_2,18625000.0
Maltepe,140,4.0,0.0,31000000.0,1.0,5.0,13,Doğalgaz,Chatbot,1.0,12,34.146341463414636,0,4.948759890378168,1.6094379124341003,560.0,0.0,4097244.968911917,0,140.0,0.3816793893129771,Maltepe_4,5687843.023255814
Ataşehir,90,2.0,8.0,14500000.0,1.0,3.0,9,Doğalgaz,Chatbot,1.0,1,42.857142857142854,1,4.51085950651685,1.0986122886681098,180.0,720.0,20692056.074766356,0,90.0,0.32967032967032966,Ataşehir_2,18061111.111111112
Şişli,100,2.0,4.0,20000000.0,1.0,4.0,10,Merkezi,Chatbot,0.5,21,47.61904761904762,0,4.61512051684126,1.0986122886681098,200.0,400.0,31775387.323943663,0,100.0,0.39603960396039606,Şişli_2,17720000.0
Kadıköy,120,4.0,2.0,28000000.0,1.0,3.0,11,Doğalgaz,Chatbot,1.0,10,29.26829268292683,0,4.795790545596741,1.6094379124341003,480.0,240.0,12712120.921305181,0,120.0,0.2702702702702703,Kadıköy_4,10351004.016064256
Üsküdar,100,3.0,1.0,17000000.0,1.0,3.0,10,Merkezi,Chatbot,0.5,20,32.25806451612903,0,4.61512051684126,1.3862943611198906,300.0,100.0,22489044.943820223,0,100.0,0.297029702970297,Üsküdar_3,21597820.512820512
Maltepe,90,3.0,5.0,13500000.0,0.0,1.0,7,Doğalgaz,Chatbot,1.0,12,29.032258064516128,0,4.51085950651685,1.3862943611198906,270.0,450.0,4097244.968911917,0,0.0,0.14084507042253522,Maltepe_3,3813252.9011627906
Ataşehir,110,3.0,4.0,20500000.0,1.0,3.0,8,Merkezi,Chatbot,0.5,1,35.483870967741936,0,4.709530201312334,1.3862943611198906,330.0,440.0,20692056.074766356,0,110.0,0.3703703703703704,Ataşehir_3,18804561.40350877
Şişli,150,4.0,2.0,37000000.0,1.0,5.0,14,Doğalgaz,Chatbot,1.0,21,36.58536585365854,0,5.017279836814924,1.6094379124341003,600.0,300.0,31775387.323943663,0,150.0,0.3546099290780142,Şişli_4,33970073.52941176
Kadıköy,140,3.0,3.0,28000000.0,1.0,3.0,11,Doğalgaz,Chatbot,1.0,10,45.16129032258064,0,4.948759890378168,1.3862943611198906,420.0,420.0,12712120.921305181,0,140.0,0.2702702702702703,Kadıköy_3,16696702.898550725
Üsküdar,120,3.0,2.0,22500000.0,1.0,4.0,10,Merkezi,Chatbot,0.5,20,38.70967741935484,0,4.795790545596741,1.3862943611198906,360.0,240.0,22489044.943820223,0,120.0,0.39603960396039606,Üsküdar_3,21597820.512820512
Maltepe,110,3.0,1.0,19000000.0,1.0,2.0,9,Doğalgaz,Chatbot,1.0,12,35.483870967741936,0,4.709530201312334,1.3862943611198906,330.0,110.0,4097244.968911917,0,110.0,0.21978021978021978,Maltepe_3,3813252.9011627906
Ataşehir,90,2.0,7.0,14500000.0,1.0,1.0,8,Merkezi,Chatbot,0.5,1,42.857142857142854,1,4.51085950651685,1.0986122886681098,180.0,630.0,20692056.074766356,0,90.0,0.1234567901234568,Ataşehir_2,18061111.111111112
Şişli,130,4.0,5.0,31000000.0,1.0,3.0,11,Doğalgaz,Chatbot,1.0,21,31.707317073170735,0,4.875197323201151,1.6094379124341003,520.0,650.0,31775387.323943663,0,130.0,0.2702702702702703,Şişli_4,33970073.52941176
Kadıköy,100,3.0,2.0,17500000.0,1.0,4.0,10,Doğalgaz,Chatbot,1.0,10,32.25806451612903,0,4.61512051684126,1.3862943611198906,300.0,200.0,12712120.921305181,0,100.0,0.39603960396039606,Kadıköy_3,16696702.898550725
Üsküdar,140,4.0,0.0,37000000.0,1.0,6.0,15,Merkezi,Chatbot,0.5,20,34.146341463414636,0,4.948759890378168,1.6094379124341003,560.0,0.0,22489044.943820223,0,140.0,0.3973509933774835,Üsküdar_4,26995000.0
Maltepe,120,3.0,9.0,21000000.0,1.0,4.0,10,Doğalgaz,Chatbot,1.0,12,38.70967741935484,1,4.795790545596741,1.3862943611198906,360.0,1080.0,4097244.968911917,0,120.0,0.39603960396039606,Maltepe_3,3813252.9011627906
Ataşehir,80,2.0,8.0,12500000.0,1.0,2.0,8,Merkezi,Chatbot,0.5,1,38.095238095238095,1,4.394449154672439,1.0986122886681098,160.0,640.0,20692056.074766356,0,80.0,0.2469135802469136,Ataşehir_2,18061111.111111112
Şişli,100,3.0,4.0,19000000.0,1.0,4.0,10,Doğalgaz,Chatbot,1.0,21,32.25806451612903,0,4.61512051684126,1.3862943611198906,300.0,400.0,31775387.323943663,0,100.0,0.39603960396039606,Şişli_3,26607954.545454547
Kadıköy,130,4.0,1.0,29000000.0,1.0,5.0,12,Merkezi,Chatbot,0.5,10,31.707317073170735,0,4.875197323201151,1.6094379124341003,520.0,130.0,12712120.921305181,0,130.0,0.4132231404958678,Kadıköy_4,10351004.016064256
Üsküdar,120,3.0,5.0,22000000.0,1.0,3.0,10,Doğalgaz,Chatbot,1.0,20,38.70967741935484,0,4.795790545596741,1.3862943611198906,360.0,600.0,22489044.943820223,0,120.0,0.297029702970297,Üsküdar_3,21597820.512820512
Maltepe,140,4.0,0.0,31000000.0,1.0,3.0,11,Merkezi,Chatbot,0.5,12,34.146341463414636,0,4.948759890378168,1.6094379124341003,560.0,0.0,4097244.968911917,0,140.0,0.2702702702702703,Maltepe_4,5687843.023255814
Ataşehir,100,3.0,4.0,20000000.0,1.0,2.0,9,Doğalgaz,Chatbot,1.0,1,32.25806451612903,0,4.61512051684126,1.3862943611198906,300.0,400.0,20692056.074766356,0,100.0,0.21978021978021978,Ataşehir_3,18804561.40350877
Şişli,130,4.0,2.0,26000000.0,1.0,1.0,8,Merkezi,Chatbot,0.5,21,31.707317073170735,0,4.875197323201151,1.6094379124341003,520.0,260.0,31775387.323943663,0,130.0,0.1234567901234568,Şişli_4,33970073.52941176
Kadıköy,85,2.0,3.0,16500000.0,1.0,2.0,9,Doğalgaz,Chatbot,1.0,10,40.476190476190474,0,4.454347296253507,1.0986122886681098,170.0,255.0,12712120.921305181,0,85.0,0.21978021978021978,Kadıköy_2,17476521.739130434
Üsküdar,110,3.0,6.0,20500000.0,1.0,3.0,10,Merkezi,Chatbot,0.5,20,35.483870967741936,1,4.709530201312334,1.3862943611198906,330.0,660.0,22489044.943820223,0,110.0,0.297029702970297,Üsküdar_3,21597820.512820512
Maltepe,100,3.0,1.0,18000000.0,1.0,4.0,10,Doğalgaz,Chatbot,1.0,12,32.25806451612903,0,4.61512051684126,1.3862943611198906,300.0,100.0,4097244.968911917,0,100.0,0.39603960396039606,Maltepe_3,3813252.9011627906
Ataşehir,120,3.0,3.0,23500000.0,1.0,5.0,12,Merkezi,Chatbot,0.5,1,38.70967741935484,0,4.795790545596741,1.3862943611198906,360.0,360.0,20692056.074766356,0,120.0,0.4132231404958678,Ataşehir_3,18804561.40350877
Şişli,80,2.0,7.0,14000000.0,1.0,2.0,8,Doğalgaz,Chatbot,1.0,21,38.095238095238095,1,4.394449154672439,1.0986122886681098,160.0,560.0,31775387.323943663,0,80.0,0.2469135802469136,Şişli_2,17720000.0
Kadıköy,110,3.0,0.0,22500000.0,1.0,4.0,11,Merkezi,Chatbot,0.5,10,35.483870967741936,0,4.709530201312334,1.3862943611198906,330.0,0.0,12712120.921305181,0,110.0,0.3603603603603604,Kadıköy_3,16696702.898550725
Üsküdar,140,4.0,5.0,32000000.0,1.0,3.0,8,Doğalgaz,Chatbot,1.0,20,34.146341463414636,0,4.948759890378168,1.6094379124341003,560.0,700.0,22489044.943820223,0,140.0,0.3703703703703704,Üsküdar_4,26995000.0
Maltepe,90,2.0,8.0,14000000.0,1.0,2.0,9,Merkezi,Chatbot,0.5,12,42.857142857142854,1,4.51085950651685,1.0986122886681098,180.0,720.0,4097244.968911917,0,90.0,0.21978021978021978,Maltepe_2,2357289.13559322
Ataşehir,130,4.0,4.0,27000000.0,1.0,3.0,10,Doğalgaz,Chatbot,1.0,1,31.707317073170735,0,4.875197323201151,1.6094379124341003,520.0,520.0,20692056.074766356,0,130.0,0.297029702970297,Ataşehir_4,29893125.0
Şişli,150,4.0,2.0,37000000.0,1.0,5.0,14,Merkezi,Chatbot,0.5,21,36.58536585365854,0,5.017279836814924,1.6094379124341003,600.0,300.0,31775387.323943663,0,150.0,0.3546099290780142,Şişli_4,33970073.52941176
Kadıköy,90,2.0,1.0,15000000.0,1.0,2.0,5,Doğalgaz,Chatbot,1.0,10,42.857142857142854,0,4.51085950651685,1.0986122886681098,180.0,90.0,12712120.921305181,0,90.0,0.3921568627450981,Kadıköy_2,17476521.739130434
Üsküdar,100,3.0,3.0,17500000.0,1.0,1.0,8,Merkezi,Chatbot,0.5,20,32.25806451612903,0,4.61512051684126,1.3862943611198906,300.0,300.0,22489044.943820223,0,100.0,0.1234567901234568,Üsküdar_3,21597820.512820512
Maltepe,120,3.0,6.0,21000000.0,1.0,3.0,11,Doğalgaz,Chatbot,1.0,12,38.70967741935484,1,4.795790545596741,1.3862943611198906,360.0,720.0,4097244.968911917,0,120.0,0.2702702702702703,Maltepe_3,3813252.9011627906
Ataşehir,140,4.0,2.0,29500000.0,1.0,1.0,9,Merkezi,Chatbot,0.5,1,34.146341463414636,0,4.948759890378168,1.6094379124341003,560.0,280.0,20692056.074766356,0,140.0,0.10989010989010989,Ataşehir_4,29893125.0
Şişli,110,3.0,4.0,22000000.0,1.0,4.0,10,Doğalgaz,Chatbot,1.0,21,35.483870967741936,0,4.709530201312334,1.3862943611198906,330.0,440.0,31775387.323943663,0,110.0,0.39603960396039606,Şişli_3,26607954.545454547
Kadıköy,120,4.0,3.0,27000000.0,1.0,2.0,8,Merkezi,Chatbot,0.5,10,29.26829268292683,0,4.795790545596741,1.6094379124341003,480.0,360.0,12712120.921305181,0,120.0,0.2469135802469136,Kadıköy_4,10351004.016064256
Üsküdar,140,4.0,1.0,35000000.0,1.0,4.0,11,Doğalgaz,Chatbot,1.0,20,34.146341463414636,0,4.948759890378168,1.6094379124341003,560.0,140.0,22489044.943820223,0,140.0,0.3603603603603604,Üsküdar_4,26995000.0
Maltepe,100,3.0,5.0,19700000.0,1.0,3.0,8,Merkezi,Chatbot,0.5,12,32.25806451612903,0,4.61512051684126,1.3862943611198906,300.0,500.0,4097244.968911917,0,100.0,0.3703703703703704,Maltepe_3,3813252.9011627906
Ataşehir,80,2.0,6.0,13500000.0,1.0,2.0,8,Doğalgaz,Chatbot,1.0,1,38.095238095238095,1,4.394449154672439,1.0986122886681098,160.0,480.0,20692056.074766356,0,80.0,0.2469135802469136,Ataşehir_2,18061111.111111112
Şişli,130,4.0,4.0,24000000.0,1.0,3.0,9,Merkezi,Chatbot,0.5,21,31.707317073170735,0,4.875197323201151,1.6094379124341003,520.0,520.0,31775387.323943663,0,130.0,0.32967032967032966,Şişli_4,33970073.52941176
Kadıköy,150,4.0,0.0,35000000.0,1.0,5.0,15,Doğalgaz,Chatbot,1.0,10,36.58536585365854,0,5.017279836814924,1.6094379124341003,600.0,0.0,12712120.921305181,0,150.0,0.33112582781456956,Kadıköy_4,10351004.016064256
Üsküdar,120,3.0,5.0,22500000.0,1.0,3.0,10,Merkezi,Chatbot,0.5,20,38.70967741935484,0,4.795790545596741,1.3862943611198906,360.0,600.0,22489044.943820223,0,120.0,0.297029702970297,Üsküdar_3,21597820.512820512
Maltepe,90,3.0,2.0,16000000.0,1.0,2.0,9,Doğalgaz,Chatbot,1.0,12,29.032258064516128,0,4.51085950651685,1.3862943611198906,270.0,180.0,4097244.968911917,0,90.0,0.21978021978021978,Maltepe_3,3813252.9011627906
Ataşehir,110,3.0,6.0,22000000.0,1.0,2.0,10,Merkezi,Chatbot,0.5,1,35.483870967741936,1,4.709530201312334,1.3862943611198906,330.0,660.0,20692056.074766356,0,110.0,0.19801980198019803,Ataşehir_3,18804561.40350877
Şişli,140,4.0,2.0,31000000.0,1.0,4.0,11,Doğalgaz,Chatbot,1.0,21,34.146341463414636,0,4.948759890378168,1.6094379124341003,560.0,280.0,31775387.323943663,0,140.0,0.3603603603603604,Şişli_4,33970073.52941176
Kadıköy,100,2.0,3.0,18000000.0,1.0,2.0,8,Merkezi,Chatbot,0.5,10,47.61904761904762,0,4.61512051684126,1.0986122886681098,200.0,300.0,12712120.921305181,0,100.0,0.2469135802469136,Kadıköy_2,17476521.739130434
Üsküdar,110,3.0,4.0,20500000.0,1.0,3.0,10,Doğalgaz,Chatbot,1.0,20,35.483870967741936,0,4.709530201312334,1.3862943611198906,330.0,440.0,22489044.943820223,0,110.0,0.297029702970297,Üsküdar_3,21597820.512820512
Maltepe,130,4.0,1.0,22000000.0,1.0,1.0,9,Merkezi,Chatbot,0.5,12,31.707317073170735,0,4.875197323201151,1.6094379124341003,520.0,130.0,4097244.968911917,0,130.0,0.10989010989010989,Maltepe_4,5687843.023255814
Ataşehir,140,4.0,0.0,36000000.0,1.0,5.0,12,Doğalgaz,Chatbot,1.0,1,34.146341463414636,0,4.948759890378168,1.6094379124341003,560.0,0.0,20692056.074766356,0,140.0,0.4132231404958678,Ataşehir_4,29893125.0
Şişli,80,2.0,6.0,14500000.0,1.0,2.0,8,Merkezi,Chatbot,0.5,21,38.095238095238095,1,4.394449154672439,1.0986122886681098,160.0,480.0,31775387.323943663,0,80.0,0.2469135802469136,Şişli_2,17720000.0
Kadıköy,150,5.0,2.0,42000000.0,1.0,4.0,14,Doğalgaz,Chatbot,1.0,10,29.411764705882355,0,5.017279836814924,1.791759469228055,750.0,300.0,12712120.921305181,0,150.0,0.28368794326241137,Kadıköy_5,9932272.727272727
Üsküdar,90,2.0,5.0,17500000.0,1.0,1.0,7,Merkezi,Chatbot,0.5,20,42.857142857142854,0,4.51085950651685,1.0986122886681098,180.0,450.0,22489044.943820223,0,90.0,0.14084507042253522,Üsküdar_2,18625000.0
Maltepe,110,3.0,4.0,19600000.0,1.0,2.0,9,Doğalgaz,Chatbot,1.0,12,35.483870967741936,0,4.709530201312334,1.3862943611198906,330.0,440.0,4097244.968911917,0,110.0,0.21978021978021978,Maltepe_3,3813252.9011627906
Ataşehir,80,2.0,7.0,14000000.0,1.0,2.0,8,Merkezi,Chatbot,0.5,1,38.095238095238095,1,4.394449154672439,1.0986122886681098,160.0,560.0,20692056.074766356,0,80.0,0.2469135802469136,Ataşehir_2,18061111.111111112
Şişli,130,4.0,3.0,25000000.0,1.0,3.0,11,Doğalgaz,Chatbot,1.0,21,31.707317073170735,0,4.875197323201151,1.6094379124341003,520.0,390.0,31775387.323943663,0,130.0,0.2702702702702703,Şişli_4,33970073.52941176
Kadıköy,100,3.0,0.0,18500000.0,1.0,2.0,9,Doğalgaz,Chatbot,1.0,10,32.25806451612903,0,4.61512051684126,1.3862943611198906,300.0,0.0,12712120.921305181,0,100.0,0.21978021978021978,Kadıköy_3,16696702.898550725
Üsküdar,140,4.0,1.0,36000000.0,1.0,3.0,10,Merkezi,Chatbot,0.5,20,34.146341463414636,0,4.948759890378168,1.6094379124341003,560.0,140.0,22489044.943820223,0,140.0,0.297029702970297,Üsküdar_4,26995000.0
Maltepe,120,3.0,3.0,20500000.0,1.0,1.0,8,Doğalgaz,Chatbot,1.0,12,38.70967741935484,0,4.795790545596741,1.3862943611198906,360.0,360.0,4097244.968911917,0,120.0,0.1234567901234568,Maltepe_3,3813252.9011627906
Ataşehir,90,2.0,6.0,17000000.0,1.0,2.0,9,Merkezi,Chatbot,0.5,1,42.857142857142854,1,4.51085950651685,1.0986122886681098,180.0,540.0,20692056.074766356,0,90.0,0.21978021978021978,Ataşehir_2,18061111.111111112
Beşiktaş,120,3.0,1.0,52500000.0,1.0,5.0,6,Doğalgaz,Chatbot,1.0,8,38.70967741935484,0,4.795790545596741,1.3862943611198906,360.0,120.0,29936740.139211137,0,120.0,0.819672131147541,Beşiktaş_3,27756909.722222224
Bakırköy,150,4.0,3.0,72000000.0,1.0,5.0,8,Merkezi,Chatbot,0.5,4,36.58536585365854,0,5.017279836814924,1.6094379124341003,600.0,450.0,8473921.232876712,0,150.0,0.617283950617284,Bakırköy_4,10120168.539325843
Sarıyer,140,3.0,2.0,68000000.0,1.0,4.0,7,Doğalgaz,Chatbot,1.0,15,45.16129032258064,0,4.948759890378168,1.3862943611198906,420.0,280.0,17196453.112033196,0,140.0,0.5633802816901409,Sarıyer_3,11066987.671232877
Beşiktaş,130,3.0,5.0,61000000.0,1.0,4.0,9,Merkezi,Chatbot,0.5,8,41.935483870967744,0,4.875197323201151,1.3862943611198906,390.0,650.0,29936740.139211137,0,130.0,0.43956043956043955,Beşiktaş_3,27756909.722222224
Kadıköy,100,2.0,10.0,24500000.0,1.0,3.0,7,Doğalgaz,Chatbot,1.0,10,47.61904761904762,1,4.61512051684126,1.0986122886681098,200.0,1000.0,12712120.921305181,0,100.0,0.4225352112676057,Kadıköy_2,17476521.739130434
Ataşehir,90,3.0,2.0,22500000.0,1.0,3.0,10,Merkezi,Chatbot,0.5,1,29.032258064516128,0,4.51085950651685,1.3862943611198906,270.0,180.0,20692056.074766356,0,90.0,0.297029702970297,Ataşehir_3,18804561.40350877
Ümraniye,110,3.0,15.0,18000000.0,1.0,2.0,5,Doğalgaz,Chatbot,1.0,19,35.483870967741936,2,4.709530201312334,1.3862943611198906,330.0,1650.0,15131140.350877194,0,110.0,0.3921568627450981,Ümraniye_3,17257142.85714286
Esenyurt,80,2.0,5.0,11500000.0,1.0,2.0,7,Merkezi,Chatbot,0.5,9,38.095238095238095,0,4.394449154672439,1.0986122886681098,160.0,400.0,3380119.581602374,0,80.0,0.28169014084507044,Esenyurt_2,6067140.1869158875
Pendik,95,3.0,7.0,20000000.0,1.0,1.0,6,Doğalgaz,Chatbot,1.0,13,30.64516129032258,1,4.564348191467836,1.3862943611198906,285.0,665.0,4022337.7879858655,0,95.0,0.1639344262295082,Pendik_3,3735718.0939597315
Tuzla,70,2.0,8.0,9500000.0,1.0,1.0,4,Merkezi,Chatbot,0.5,18,33.33333333333333,1,4.2626798770413155,1.0986122886681098,140.0,560.0,7070000.0,0,70.0,0.24390243902439027,Tuzla_2,7070000.0
Beşiktaş,115,4.0,4.0,55000000.0,1.0,3.0,5,Doğalgaz,Chatbot,1.0,8,28.04878048780488,0,4.7535901911063645,1.6094379124341003,460.0,460.0,29936740.139211137,0,115.0,0.5882352941176471,Beşiktaş_4,27622500.0
Bakırköy,140,3.0,12.0,75000000.0,1.0,4.0,6,Merkezi,Chatbot,0.5,4,45.16129032258064,2,4.948759890378168,1.3862943611198906,420.0,1680.0,8473921.232876712,0,140.0,0.6557377049180328,Bakırköy_3,7148456.790123457
Sarıyer,130,4.0,6.0,69000000.0,1.0,3.0,7,Doğalgaz,Chatbot,1.0,15,31.707317073170735,1,4.875197323201151,1.6094379124341003,520.0,780.0,17196453.112033196,0,130.0,0.4225352112676057,Sarıyer_4,27259729.72972973
Beşiktaş,135,3.0,1.0,61500000.0,1.0,4.0,8,Merkezi,Chatbot,0.5,8,43.54838709677419,0,4.912654885736052,1.3862943611198906,405.0,135.0,29936740.139211137,0,135.0,0.4938271604938272,Beşiktaş_3,27756909.722222224
Kadıköy,95,2.0,0.0,28000000.0,1.0,3.0,10,Doğalgaz,Chatbot,1.0,10,45.238095238095234,0,4.564348191467836,1.0986122886681098,190.0,0.0,12712120.921305181,0,95.0,0.297029702970297,Kadıköy_2,17476521.739130434
Ataşehir,85,3.0,5.0,22500000.0,1.0,2.0,5,Merkezi,Chatbot,0.5,1,27.419354838709676,0,4.454347296253507,1.3862943611198906,255.0,425.0,20692056.074766356,0,85.0,0.3921568627450981,Ataşehir_3,18804561.40350877
Ümraniye,105,3.0,12.0,19000000.0,1.0,2.0,6,Doğalgaz,Chatbot,1.0,19,33.87096774193548,2,4.663439094112067,1.3862943611198906,315.0,1260.0,15131140.350877194,0,105.0,0.3278688524590164,Ümraniye_3,17257142.85714286
Esenyurt,70,2.0,20.0,8600000.0,1.0,1.0,5,Doğalgaz,Chatbot,1.0,9,33.33333333333333,2,4.2626798770413155,1.0986122886681098,140.0,1400.0,3380119.581602374,0,70.0,0.19607843137254904,Esenyurt_2,6067140.1869158875
Pendik,90,3.0,15.0,19500000.0,1.0,1.0,7,Merkezi,Chatbot,0.5,13,29.032258064516128,2,4.51085950651685,1.3862943611198906,270.0,1350.0,4022337.7879858655,0,90.0,0.14084507042253522,Pendik_3,3735718.0939597315
Tuzla,85,2.0,12.0,8000000.0,1.0,1.0,6,Doğalgaz,Chatbot,1.0,18,40.476190476190474,2,4.454347296253507,1.0986122886681098,170.0,1020.0,7070000.0,0,85.0,0.1639344262295082,Tuzla_2,7070000.0
Beşiktaş,125,3.0,1.0,52000000.0,1.0,2.0,6,Doğalgaz,Chatbot,1.0,8,40.32258064516129,0,4.836281906951478,1.3862943611198906,375.0,125.0,29936740.139211137,0,125.0,0.3278688524590164,Beşiktaş_3,27756909.722222224
Bakırköy,130,4.0,3.0,74000000.0,1.0,4.0,8,Merkezi,Chatbot,0.5,4,31.707317073170735,0,4.875197323201151,1.6094379124341003,520.0,390.0,8473921.232876712,0,130.0,0.4938271604938272,Bakırköy_4,10120168.539325843
Sarıyer,145,4.0,5.0,72000000.0,1.0,3.0,5,Doğalgaz,Chatbot,1.0,15,35.36585365853659,0,4.983606621708336,1.6094379124341003,580.0,725.0,17196453.112033196,0,145.0,0.5882352941176471,Sarıyer_4,27259729.72972973
Beşiktaş,135,3.0,2.0,60000000.0,1.0,3.0,9,Merkezi,Chatbot,0.5,8,43.54838709677419,0,4.912654885736052,1.3862943611198906,405.0,270.0,29936740.139211137,0,135.0,0.32967032967032966,Beşiktaş_3,27756909.722222224
Kadıköy,110,3.0,6.0,22000000.0,1.0,2.0,9,Doğalgaz,Chatbot,1.0,10,35.483870967741936,1,4.709530201312334,1.3862943611198906,330.0,660.0,12712120.921305181,0,110.0,0.21978021978021978,Kadıköy_3,16696702.898550725
Ataşehir,100,3.0,0.0,21500000.0,1.0,3.0,10,Merkezi,Chatbot,0.5,1,32.25806451612903,0,4.61512051684126,1.3862943611198906,300.0,0.0,20692056.074766356,0,100.0,0.297029702970297,Ataşehir_3,18804561.40350877
Ümraniye,120,3.0,12.0,18500000.0,1.0,1.0,7,Doğalgaz,Chatbot,1.0,19,38.70967741935484,2,4.795790545596741,1.3862943611198906,360.0,1440.0,15131140.350877194,0,120.0,0.14084507042253522,Ümraniye_3,17257142.85714286
Esenyurt,85,2.0,10.0,10000000.0,1.0,1.0,6,Merkezi,Chatbot,0.5,9,40.476190476190474,1,4.454347296253507,1.0986122886681098,170.0,850.0,3380119.581602374,0,85.0,0.1639344262295082,Esenyurt_2,6067140.1869158875
Pendik,95,3.0,4.0,19500000.0,1.0,1.0,5,Doğalgaz,Chatbot,1.0,13,30.64516129032258,0,4.564348191467836,1.3862943611198906,285.0,380.0,4022337.7879858655,0,95.0,0.19607843137254904,Pendik_3,3735718.0939597315
Tuzla,75,2.0,10.0,7000000.0,1.0,1.0,4,Merkezi,Chatbot,0.5,18,35.714285714285715,1,4.330733340286331,1.0986122886681098,150.0,750.0,7070000.0,0,75.0,0.24390243902439027,Tuzla_2,7070000.0
Beşiktaş,140,4.0,3.0,70000000.0,1.0,3.0,8,Doğalgaz,Chatbot,1.0,8,34.146341463414636,0,4.948759890378168,1.6094379124341003,560.0,420.0,29936740.139211137,0,140.0,0.3703703703703704,Beşiktaş_4,27622500.0
Bakırköy,150,4.0,8.0,78000000.0,1.0,4.0,10,Merkezi,Chatbot,0.5,4,36.58536585365854,1,5.017279836814924,1.6094379124341003,600.0,1200.0,8473921.232876712,0,150.0,0.39603960396039606,Bakırköy_4,10120168.539325843
Sarıyer,135,4.0,4.0,69000000.0,1.0,3.0,7,Doğalgaz,Chatbot,1.0,15,32.926829268292686,0,4.912654885736052,1.6094379124341003,540.0,540.0,17196453.112033196,0,135.0,0.4225352112676057,Sarıyer_4,27259729.72972973
Beşiktaş,150,4.0,0.0,75000000.0,1.0,5.0,12,Merkezi,Chatbot,0.5,8,36.58536585365854,0,5.017279836814924,1.6094379124341003,600.0,0.0,29936740.139211137,0,150.0,0.4132231404958678,Beşiktaş_4,27622500.0
Kadıköy,80,2.0,7.0,17000000.0,1.0,2.0,6,Doğalgaz,Chatbot,1.0,10,38.095238095238095,1,4.394449154672439,1.0986122886681098,160.0,560.0,12712120.921305181,0,80.0,0.3278688524590164,Kadıköy_2,17476521.739130434
Ataşehir,90,3.0,8.0,21000000.0,1.0,1.0,5,Merkezi,Chatbot,0.5,1,29.032258064516128,1,4.51085950651685,1.3862943611198906,270.0,720.0,20692056.074766356,0,90.0,0.19607843137254904,Ataşehir_3,18804561.40350877
Ümraniye,105,3.0,15.0,18500000.0,1.0,2.0,6,Doğalgaz,Chatbot,1.0,19,33.87096774193548,2,4.663439094112067,1.3862943611198906,315.0,1575.0,15131140.350877194,0,105.0,0.3278688524590164,Ümraniye_3,17257142.85714286
Esenyurt,75,2.0,20.0,8500000.0,1.0,1.0,4,Doğalgaz,Chatbot,1.0,9,35.714285714285715,2,4.330733340286331,1.0986122886681098,150.0,1500.0,3380119.581602374,0,75.0,0.24390243902439027,Esenyurt_2,6067140.1869158875
Pendik,100,3.0,3.0,20000000.0,1.0,1.0,7,Merkezi,Chatbot,0.5,13,32.25806451612903,0,4.61512051684126,1.3862943611198906,300.0,300.0,4022337.7879858655,0,100.0,0.14084507042253522,Pendik_3,3735718.0939597315
Tuzla,70,2.0,8.0,7500000.0,1.0,1.0,5,Doğalgaz,Chatbot,1.0,18,33.33333333333333,1,4.2626798770413155,1.0986122886681098,140.0,560.0,7070000.0,0,70.0,0.19607843137254904,Tuzla_2,7070000.0
Beşiktaş,120,3.0,2.0,52000000.0,1.0,2.0,4,Doğalgaz,Chatbot,1.0,8,38.70967741935484,0,4.795790545596741,1.3862943611198906,360.0,240.0,29936740.139211137,0,120.0,0.48780487804878053,Beşiktaş_3,27756909.722222224
Bakırköy,140,4.0,5.0,71000000.0,1.0,4.0,9,Merkezi,Chatbot,0.5,4,34.146341463414636,0,4.948759890378168,1.6094379124341003,560.0,700.0,8473921.232876712,0,140.0,0.43956043956043955,Bakırköy_4,10120168.539325843
Sarıyer,155,4.0,1.0,80000000.0,1.0,5.0,10,Doğalgaz,Chatbot,1.0,15,37.80487804878049,0,5.049856007249537,1.6094379124341003,620.0,155.0,17196453.112033196,0,155.0,0.49504950495049505,Sarıyer_4,27259729.72972973
Beşiktaş,135,3.0,6.0,64500000.0,1.0,4.0,7,Merkezi,Chatbot,0.5,8,43.54838709677419,1,4.912654885736052,1.3862943611198906,405.0,810.0,29936740.139211137,0,135.0,0.5633802816901409,Beşiktaş_3,27756909.722222224
Kadıköy,90,3.0,8.0,19000000.0,1.0,1.0,9,Doğalgaz,Chatbot,1.0,10,29.032258064516128,1,4.51085950651685,1.3862943611198906,270.0,720.0,12712120.921305181,0,90.0,0.10989010989010989,Kadıköy_3,16696702.898550725
Ataşehir,100,3.0,3.0,22000000.0,1.0,2.0,8,Merkezi,Chatbot,0.5,1,32.25806451612903,0,4.61512051684126,1.3862943611198906,300.0,300.0,20692056.074766356,0,100.0,0.2469135802469136,Ataşehir_3,18804561.40350877
Ümraniye,110,3.0,10.0,17500000.0,1.0,2.0,6,Doğalgaz,Chatbot,1.0,19,35.483870967741936,1,4.709530201312334,1.3862943611198906,330.0,1100.0,15131140.350877194,0,110.0,0.3278688524590164,Ümraniye_3,17257142.85714286
Esenyurt,80,2.0,15.0,9000000.0,1.0,1.0,5,Merkezi,Chatbot,0.5,9,38.095238095238095,2,4.394449154672439,1.0986122886681098,160.0,1200.0,3380119.581602374,0,80.0,0.19607843137254904,Esenyurt_2,6067140.1869158875
Pendik,95,3.0,10.0,21000000.0,1.0,1.0,7,Doğalgaz,Chatbot,1.0,13,30.64516129032258,1,4.564348191467836,1.3862943611198906,285.0,950.0,4022337.7879858655,0,95.0,0.14084507042253522,Pendik_3,3735718.0939597315
Tuzla,75,2.0,5.0,6500000.0,1.0,1.0,4,Merkezi,Chatbot,0.5,18,35.714285714285715,0,4.330733340286331,1.0986122886681098,150.0,375.0,7070000.0,0,75.0,0.24390243902439027,Tuzla_2,7070000.0
Beşiktaş,130,3.0,8.0,67000000.0,1.0,3.0,5,Doğalgaz,Chatbot,1.0,8,41.935483870967744,1,4.875197323201151,1.3862943611198906,390.0,1040.0,29936740.139211137,0,130.0,0.5882352941176471,Beşiktaş_3,27756909.722222224
Bakırköy,150,4.0,3.0,78000000.0,1.0,4.0,9,Merkezi,Chatbot,0.5,4,36.58536585365854,0,5.017279836814924,1.6094379124341003,600.0,450.0,8473921.232876712,0,150.0,0.43956043956043955,Bakırköy_4,10120168.539325843
Sarıyer,140,3.0,4.0,72000000.0,1.0,3.0,7,Doğalgaz,Chatbot,1.0,15,45.16129032258064,0,4.948759890378168,1.3862943611198906,420.0,560.0,17196453.112033196,0,140.0,0.4225352112676057,Sarıyer_3,11066987.671232877
Beşiktaş,128,4.0,2.0,65000000.0,1.0,3.0,8,Merkezi,Chatbot,0.5,8,31.219512195121954,0,4.859812404361672,1.6094379124341003,512.0,256.0,29936740.139211137,0,128.0,0.3703703703703704,Beşiktaş_4,27622500.0
Kadıköy,95,2.0,6.0,17000000.0,1.0,2.0,9,Doğalgaz,Chatbot,1.0,10,45.238095238095234,1,4.564348191467836,1.0986122886681098,190.0,570.0,12712120.921305181,0,95.0,0.21978021978021978,Kadıköy_2,17476521.739130434
Ataşehir,110,3.0,5.0,19000000.0,1.0,2.0,7,Merkezi,Chatbot,0.5,1,35.483870967741936,0,4.709530201312334,1.3862943611198906,330.0,550.0,20692056.074766356,0,110.0,0.28169014084507044,Ataşehir_3,18804561.40350877
Ümraniye,140,4.0,12.0,20000000.0,1.0,2.0,6,Doğalgaz,Chatbot,1.0,19,34.146341463414636,2,4.948759890378168,1.6094379124341003,560.0,1680.0,15131140.350877194,0,140.0,0.3278688524590164,Ümraniye_4,19050000.0
Esenyurt,77,2.0,15.0,9100000.0,1.0,1.0,5,Doğalgaz,Chatbot,1.0,9,36.666666666666664,2,4.356708826689592,1.0986122886681098,154.0,1155.0,3380119.581602374,0,77.0,0.19607843137254904,Esenyurt_2,6067140.1869158875
Pendik,90,3.0,20.0,17000000.0,1.0,1.0,7,Merkezi,Chatbot,0.5,13,29.032258064516128,2,4.51085950651685,1.3862943611198906,270.0,1800.0,4022337.7879858655,0,90.0,0.14084507042253522,Pendik_3,3735718.0939597315
Tuzla,60,2.0,5.0,6000000.0,1.0,1.0,4,Doğalgaz,Chatbot,1.0,18,28.57142857142857,0,4.110873864173311,1.0986122886681098,120.0,300.0,7070000.0,0,60.0,0.24390243902439027,Tuzla_2,7070000.0
Beşiktaş,120,3.0,0.0,51000000.0,1.0,3.0,5,Doğalgaz,Chatbot,1.0,8,38.70967741935484,0,4.795790545596741,1.3862943611198906,360.0,0.0,29936740.139211137,0,120.0,0.5882352941176471,Beşiktaş_3,27756909.722222224
Bakırköy,135,3.0,1.0,68000000.0,1.0,4.0,10,Merkezi,Chatbot,0.5,4,43.54838709677419,0,4.912654885736052,1.3862943611198906,405.0,135.0,8473921.232876712,0,135.0,0.39603960396039606,Bakırköy_3,7148456.790123457
Sarıyer,160,4.0,2.0,84000000.0,1.0,3.0,8,Doğalgaz,Chatbot,1.0,15,39.024390243902445,0,5.081404364984463,1.6094379124341003,640.0,320.0,17196453.112033196,0,160.0,0.3703703703703704,Sarıyer_4,27259729.72972973
Beşiktaş,141,3.0,0.0,73000000.0,1.0,2.0,7,Merkezi,Chatbot,0.5,8,45.483870967741936,0,4.955827057601261,1.3862943611198906,423.0,0.0,29936740.139211137,0,141.0,0.28169014084507044,Beşiktaş_3,27756909.722222224
Kadıköy,85,2.0,6.0,16500000.0,1.0,2.0,6,Doğalgaz,Chatbot,1.0,10,40.476190476190474,1,4.454347296253507,1.0986122886681098,170.0,510.0,12712120.921305181,0,85.0,0.3278688524590164,Kadıköy_2,17476521.739130434
Ataşehir,97,2.0,4.0,17000000.0,1.0,1.0,5,Merkezi,Chatbot,0.5,1,46.19047619047619,0,4.584967478670572,1.0986122886681098,194.0,388.0,20692056.074766356,0,97.0,0.19607843137254904,Ataşehir_2,18061111.111111112
Ümraniye,113,3.0,15.0,17500000.0,1.0,2.0,4,Doğalgaz,Chatbot,1.0,19,36.45161290322581,2,4.736198448394496,1.3862943611198906,339.0,1695.0,15131140.350877194,0,113.0,0.48780487804878053,Ümraniye_3,17257142.85714286
Esenyurt,72,2.0,18.0,8200000.0,1.0,1.0,5,Doğalgaz,Chatbot,1.0,9,34.285714285714285,2,4.290459441148391,1.0986122886681098,144.0,1296.0,3380119.581602374,0,72.0,0.19607843137254904,Esenyurt_2,6067140.1869158875
Pendik,92,3.0,11.0,18000000.0,1.0,1.0,6,Merkezi,Chatbot,0.5,13,29.677419354838708,2,4.532599493153256,1.3862943611198906,276.0,1012.0,4022337.7879858655,0,92.0,0.1639344262295082,Pendik_3,3735718.0939597315
Tuzla,80,2.0,3.0,7200000.0,1.0,1.0,4,Doğalgaz,Chatbot,1.0,18,38.095238095238095,0,4.394449154672439,1.0986122886681098,160.0,240.0,7070000.0,0,80.0,0.24390243902439027,Tuzla_2,7070000.0
Beşiktaş,125,3.0,9.0,59000000.0,1.0,3.0,8,Doğalgaz,Chatbot,1.0,8,40.32258064516129,1,4.836281906951478,1.3862943611198906,375.0,1125.0,29936740.139211137,0,125.0,0.3703703703703704,Beşiktaş_3,27756909.722222224
Bakırköy,145,4.0,4.0,74000000.0,1.0,4.0,9,Merkezi,Chatbot,0.5,4,35.36585365853659,0,4.983606621708336,1.6094379124341003,580.0,580.0,8473921.232876712,0,145.0,0.43956043956043955,Bakırköy_4,10120168.539325843
Sarıyer,135,3.0,2.0,62000000.0,1.0,3.0,7,Doğalgaz,Chatbot,1.0,15,43.54838709677419,0,4.912654885736052,1.3862943611198906,405.0,270.0,17196453.112033196,0,135.0,0.4225352112676057,Sarıyer_3,11066987.671232877
Beşiktaş,130,3.0,5.0,65000000.0,1.0,5.0,10,Merkezi,Chatbot,0.5,8,41.935483870967744,0,4.875197323201151,1.3862943611198906,390.0,650.0,29936740.139211137,0,130.0,0.49504950495049505,Beşiktaş_3,27756909.722222224
Kadıköy,105,3.0,3.0,20000000.0,1.0,2.0,8,Doğalgaz,Chatbot,1.0,10,33.87096774193548,0,4.663439094112067,1.3862943611198906,315.0,315.0,12712120.921305181,0,105.0,0.2469135802469136,Kadıköy_3,16696702.898550725
Ataşehir,90,2.0,12.0,20000000.0,1.0,1.0,7,Merkezi,Chatbot,0.5,1,42.857142857142854,2,4.51085950651685,1.0986122886681098,180.0,1080.0,20692056.074766356,0,90.0,0.14084507042253522,Ataşehir_2,18061111.111111112
Ümraniye,120,3.0,10.0,19000000.0,1.0,2.0,6,Doğalgaz,Chatbot,1.0,19,38.70967741935484,1,4.795790545596741,1.3862943611198906,360.0,1200.0,15131140.350877194,0,120.0,0.3278688524590164,Ümraniye_3,17257142.85714286
Esenyurt,75,2.0,20.0,9500000.0,1.0,1.0,5,Merkezi,Chatbot,0.5,9,35.714285714285715,2,4.330733340286331,1.0986122886681098,150.0,1500.0,3380119.581602374,0,75.0,0.19607843137254904,Esenyurt_2,6067140.1869158875
Pendik,100,3.0,5.0,20000000.0,1.0,1.0,7,Doğalgaz,Chatbot,1.0,13,32.25806451612903,0,4.61512051684126,1.3862943611198906,300.0,500.0,4022337.7879858655,0,100.0,0.14084507042253522,Pendik_3,3735718.0939597315
Tuzla,82,2.0,15.0,6000000.0,1.0,1.0,4,Merkezi,Chatbot,0.5,18,39.047619047619044,2,4.418840607796598,1.0986122886681098,164.0,1230.0,7070000.0,0,82.0,0.24390243902439027,Tuzla_2,7070000.0
Beşiktaş,138,4.0,1.0,70000000.0,1.0,3.0,9,Doğalgaz,Chatbot,1.0,8,33.65853658536586,0,4.9344739331306915,1.6094379124341003,552.0,138.0,29936740.139211137,0,138.0,0.32967032967032966,Beşiktaş_4,27622500.0
Bakırköy,140,3.0,6.0,71000000.0,1.0,2.0,9,Merkezi,Chatbot,0.5,4,45.16129032258064,1,4.948759890378168,1.3862943611198906,420.0,840.0,8473921.232876712,0,140.0,0.21978021978021978,Bakırköy_3,7148456.790123457
Sarıyer,160,5.0,0.0,80000000.0,1.0,5.0,12,Doğalgaz,Chatbot,1.0,15,31.372549019607845,0,5.081404364984463,1.791759469228055,800.0,0.0,17196453.112033196,0,160.0,0.4132231404958678,Sarıyer_5,19499586.111111112
Beşiktaş,130,3.0,7.0,63500000.0,1.0,4.0,8,Merkezi,Chatbot,0.5,8,41.935483870967744,1,4.875197323201151,1.3862943611198906,390.0,910.0,29936740.139211137,0,130.0,0.4938271604938272,Beşiktaş_3,27756909.722222224
Kadıköy,85,2.0,10.0,15500000.0,1.0,4.0,5,Doğalgaz,Chatbot,1.0,10,40.476190476190474,1,4.454347296253507,1.0986122886681098,170.0,850.0,12712120.921305181,0,85.0,0.7843137254901962,Kadıköy_2,17476521.739130434
Ataşehir,80,2.0,8.0,15000000.0,1.0,1.0,7,Merkezi,Chatbot,0.5,1,38.095238095238095,1,4.394449154672439,1.0986122886681098,160.0,640.0,20692056.074766356,0,80.0,0.14084507042253522,Ataşehir_2,18061111.111111112
Ümraniye,125,3.0,12.0,20000000.0,1.0,2.0,4,Doğalgaz,Chatbot,1.0,19,40.32258064516129,2,4.836281906951478,1.3862943611198906,375.0,1500.0,15131140.350877194,0,125.0,0.48780487804878053,Ümraniye_3,17257142.85714286
Esenyurt,90,2.0,15.0,9100000.0,1.0,1.0,6,Merkezi,Chatbot,0.5,9,42.857142857142854,2,4.51085950651685,1.0986122886681098,180.0,1350.0,3380119.581602374,0,90.0,0.1639344262295082,Esenyurt_2,6067140.1869158875
Pendik,85,3.0,7.0,16500000.0,1.0,1.0,5,Doğalgaz,Chatbot,1.0,13,27.419354838709676,1,4.454347296253507,1.3862943611198906,255.0,595.0,4022337.7879858655,0,85.0,0.19607843137254904,Pendik_3,3735718.0939597315
Tuzla,75,2.0,3.0,7000000.0,1.0,1.0,4,Merkezi,Chatbot,0.5,18,35.714285714285715,0,4.330733340286331,1.0986122886681098,150.0,225.0,7070000.0,0,75.0,0.24390243902439027,Tuzla_2,7070000.0
Beşiktaş,115,3.0,1.0,62000000.0,1.0,4.0,7,Doğalgaz,Chatbot,1.0,8,37.096774193548384,0,4.7535901911063645,1.3862943611198906,345.0,115.0,29936740.139211137,0,115.0,0.5633802816901409,Beşiktaş_3,27756909.722222224
Bakırköy,139,4.0,2.0,73000000.0,1.0,3.0,8,Merkezi,Chatbot,0.5,4,33.90243902439025,0,4.941642422609304,1.6094379124341003,556.0,278.0,8473921.232876712,0,139.0,0.3703703703703704,Bakırköy_4,10120168.539325843
Sarıyer,150,4.0,0.0,75000000.0,1.0,4.0,9,Doğalgaz,Chatbot,1.0,15,36.58536585365854,0,5.017279836814924,1.6094379124341003,600.0,0.0,17196453.112033196,0,150.0,0.43956043956043955,Sarıyer_4,27259729.72972973
Beşiktaş,132,3.0,2.0,65000000.0,1.0,4.0,10,Merkezi,Chatbot,0.5,8,42.58064516129032,0,4.890349128221754,1.3862943611198906,396.0,264.0,29936740.139211137,0,132.0,0.39603960396039606,Beşiktaş_3,27756909.722222224
Kadıköy,100,3.0,8.0,19000000.0,1.0,2.0,5,Doğalgaz,Chatbot,1.0,10,32.25806451612903,1,4.61512051684126,1.3862943611198906,300.0,800.0,12712120.921305181,0,100.0,0.3921568627450981,Kadıköy_3,16696702.898550725
Ataşehir,110,3.0,3.0,21500000.0,1.0,2.0,6,Merkezi,Chatbot,0.5,1,35.483870967741936,0,4.709530201312334,1.3862943611198906,330.0,330.0,20692056.074766356,0,110.0,0.3278688524590164,Ataşehir_3,18804561.40350877
Ümraniye,95,2.0,12.0,16000000.0,1.0,1.0,4,Doğalgaz,Chatbot,1.0,19,45.238095238095234,2,4.564348191467836,1.0986122886681098,190.0,1140.0,15131140.350877194,0,95.0,0.24390243902439027,Ümraniye_2,12664166.666666666
Esenyurt,80,2.0,20.0,9100000.0,1.0,1.0,5,Merkezi,Chatbot,0.5,9,38.095238095238095,2,4.394449154672439,1.0986122886681098,160.0,1600.0,3380119.581602374,0,80.0,0.19607843137254904,Esenyurt_2,6067140.1869158875
Pendik,88,2.0,10.0,18000000.0,1.0,1.0,6,Doğalgaz,Chatbot,1.0,13,41.904761904761905,1,4.48863636973214,1.0986122886681098,176.0,880.0,4022337.7879858655,0,88.0,0.1639344262295082,Pendik_2,5672766.666666667
Tuzla,70,2.0,5.0,6000000.0,1.0,1.0,5,Merkezi,Chatbot,0.5,18,33.33333333333333,0,4.2626798770413155,1.0986122886681098,140.0,350.0,7070000.0,0,70.0,0.19607843137254904,Tuzla_2,7070000.0
Kadıköy,80,2.0,5.0,23500000.0,1.0,5.0,10,Doğalgaz,Chatbot,1.0,10,38.095238095238095,0,4.394449154672439,1.0986122886681098,160.0,400.0,12712120.921305181,0,80.0,0.49504950495049505,Kadıköy_2,17476521.739130434
Beşiktaş,100,3.0,3.0,35000000.0,1.0,4.0,7,Merkezi,Chatbot,0.5,8,32.25806451612903,0,4.61512051684126,1.3862943611198906,300.0,300.0,29936740.139211137,0,100.0,0.5633802816901409,Beşiktaş_3,27756909.722222224
Şişli,120,3.0,8.0,29000000.0,1.0,4.0,9,Doğalgaz,Chatbot,1.0,21,38.70967741935484,1,4.795790545596741,1.3862943611198906,360.0,960.0,31775387.323943663,0,120.0,0.43956043956043955,Şişli_3,26607954.545454547
Üsküdar,90,2.0,4.0,22000000.0,1.0,3.0,8,Merkezi,Chatbot,0.5,20,42.857142857142854,0,4.51085950651685,1.0986122886681098,180.0,360.0,22489044.943820223,0,90.0,0.3703703703703704,Üsküdar_2,18625000.0
Ataşehir,110,3.0,2.0,25000000.0,1.0,6.0,12,Doğalgaz,Chatbot,1.0,1,35.483870967741936,0,4.709530201312334,1.3862943611198906,330.0,220.0,20692056.074766356,0,110.0,0.49586776859504134,Ataşehir_3,18804561.40350877
Ümraniye,95,3.0,15.0,18000000.0,1.0,2.0,6,Doğalgaz,Chatbot,1.0,19,30.64516129032258,2,4.564348191467836,1.3862943611198906,285.0,1425.0,15131140.350877194,0,95.0,0.3278688524590164,Ümraniye_3,17257142.85714286
Esenyurt,86,2.0,7.0,15000000.0,1.0,5.0,10,Merkezi,Chatbot,0.5,9,40.95238095238095,1,4.465908118654584,1.0986122886681098,172.0,602.0,3380119.581602374,0,86.0,0.49504950495049505,Esenyurt_2,6067140.1869158875
Pendik,95,3.0,10.0,17000000.0,1.0,1.0,4,Doğalgaz,Chatbot,1.0,13,30.64516129032258,1,4.564348191467836,1.3862943611198906,285.0,950.0,4022337.7879858655,0,95.0,0.24390243902439027,Pendik_3,3735718.0939597315
Kadıköy,85,2.0,1.0,22000000.0,1.0,5.0,12,Doğalgaz,Chatbot,1.0,10,40.476190476190474,0,4.454347296253507,1.0986122886681098,170.0,85.0,12712120.921305181,0,85.0,0.4132231404958678,Kadıköy_2,17476521.739130434
Beşiktaş,140,4.0,3.0,47000000.0,1.0,2.0,5,Merkezi,Chatbot,0.5,8,34.146341463414636,0,4.948759890378168,1.6094379124341003,560.0,420.0,29936740.139211137,0,140.0,0.3921568627450981,Beşiktaş_4,27622500.0
Şişli,115,3.0,7.0,30000000.0,1.0,6.0,9,Doğalgaz,Chatbot,1.0,21,37.096774193548384,1,4.7535901911063645,1.3862943611198906,345.0,805.0,31775387.323943663,0,115.0,0.6593406593406593,Şişli_3,26607954.545454547
Üsküdar,90,3.0,6.0,19500000.0,1.0,3.0,8,Merkezi,Chatbot,0.5,20,29.032258064516128,1,4.51085950651685,1.3862943611198906,270.0,540.0,22489044.943820223,0,90.0,0.3703703703703704,Üsküdar_3,21597820.512820512
Ataşehir,75,2.0,4.0,21000000.0,1.0,4.0,10,Doğalgaz,Chatbot,1.0,1,35.714285714285715,0,4.330733340286331,1.0986122886681098,150.0,300.0,20692056.074766356,0,75.0,0.39603960396039606,Ataşehir_2,18061111.111111112
Ümraniye,100,3.0,5.0,18500000.0,1.0,3.0,7,Doğalgaz,Chatbot,1.0,19,32.25806451612903,0,4.61512051684126,1.3862943611198906,300.0,500.0,15131140.350877194,0,100.0,0.4225352112676057,Ümraniye_3,17257142.85714286
Esenyurt,70,2.0,8.0,14500000.0,1.0,2.0,5,Merkezi,Chatbot,0.5,9,33.33333333333333,1,4.2626798770413155,1.0986122886681098,140.0,560.0,3380119.581602374,0,70.0,0.3921568627450981,Esenyurt_2,6067140.1869158875
Pendik,80,2.0,6.0,16000000.0,1.0,1.0,4,Doğalgaz,Chatbot,1.0,13,38.095238095238095,1,4.394449154672439,1.0986122886681098,160.0,480.0,4022337.7879858655,0,80.0,0.24390243902439027,Pendik_2,5672766.666666667
Kadıköy,120,4.0,2.0,30000000.0,1.0,5.0,11,Doğalgaz,Chatbot,1.0,10,29.26829268292683,0,4.795790545596741,1.6094379124341003,480.0,240.0,12712120.921305181,0,120.0,0.45045045045045046,Kadıköy_4,10351004.016064256
Beşiktaş,130,3.0,1.0,44000000.0,1.0,4.0,7,Merkezi,Chatbot,0.5,8,41.935483870967744,0,4.875197323201151,1.3862943611198906,390.0,130.0,29936740.139211137,0,130.0,0.5633802816901409,Beşiktaş_3,27756909.722222224
Şişli,95,2.0,5.0,21000000.0,1.0,3.0,9,Doğalgaz,Chatbot,1.0,21,45.238095238095234,0,4.564348191467836,1.0986122886681098,190.0,475.0,31775387.323943663,0,95.0,0.32967032967032966,Şişli_2,17720000.0
Üsküdar,110,3.0,4.0,22000000.0,1.0,2.0,8,Merkezi,Chatbot,0.5,20,35.483870967741936,0,4.709530201312334,1.3862943611198906,330.0,440.0,22489044.943820223,0,110.0,0.2469135802469136,Üsküdar_3,21597820.512820512
Ataşehir,140,4.0,1.0,47000000.0,1.0,2.0,3,Doğalgaz,Chatbot,1.0,1,34.146341463414636,0,4.948759890378168,1.6094379124341003,560.0,140.0,20692056.074766356,0,140.0,0.6451612903225806,Ataşehir_4,29893125.0
Ümraniye,120,3.0,3.0,18000000.0,1.0,1.0,6,Doğalgaz,Chatbot,1.0,19,38.70967741935484,0,4.795790545596741,1.3862943611198906,360.0,360.0,15131140.350877194,0,120.0,0.1639344262295082,Ümraniye_3,17257142.85714286
Esenyurt,90,2.0,7.0,15500000.0,1.0,3.0,5,Merkezi,Chatbot,0.5,9,42.857142857142854,1,4.51085950651685,1.0986122886681098,180.0,630.0,3380119.581602374,0,90.0,0.5882352941176471,Esenyurt_2,6067140.1869158875
Pendik,85,2.0,4.0,15000000.0,1.0,1.0,6,Doğalgaz,Chatbot,1.0,13,40.476190476190474,0,4.454347296253507,1.0986122886681098,170.0,340.0,4022337.7879858655,0,85.0,0.1639344262295082,Pendik_2,5672766.666666667
Kadıköy,100,3.0,2.0,29000000.0,1.0,6.0,14,Doğalgaz,Chatbot,1.0,10,32.25806451612903,0,4.61512051684126,1.3862943611198906,300.0,200.0,12712120.921305181,0,100.0,0.425531914893617,Kadıköy_3,16696702.898550725
Beşiktaş,135,4.0,5.0,51000000.0,1.0,3.0,5,Merkezi,Chatbot,0.5,8,32.926829268292686,0,4.912654885736052,1.6094379124341003,540.0,675.0,29936740.139211137,0,135.0,0.5882352941176471,Beşiktaş_4,27622500.0
Şişli,125,3.0,8.0,32000000.0,1.0,4.0,9,Doğalgaz,Chatbot,1.0,21,40.32258064516129,1,4.836281906951478,1.3862943611198906,375.0,1000.0,31775387.323943663,0,125.0,0.43956043956043955,Şişli_3,26607954.545454547
Üsküdar,95,3.0,6.0,23000000.0,1.0,4.0,10,Merkezi,Chatbot,0.5,20,30.64516129032258,1,4.564348191467836,1.3862943611198906,285.0,570.0,22489044.943820223,0,95.0,0.39603960396039606,Üsküdar_3,21597820.512820512
Ataşehir,110,2.0,3.0,21000000.0,1.0,1.0,7,Doğalgaz,Chatbot,1.0,1,52.38095238095238,0,4.709530201312334,1.0986122886681098,220.0,330.0,20692056.074766356,0,110.0,0.14084507042253522,Ataşehir_2,18061111.111111112
Ümraniye,100,3.0,15.0,18000000.0,1.0,3.0,6,Doğalgaz,Chatbot,1.0,19,32.25806451612903,2,4.61512051684126,1.3862943611198906,300.0,1500.0,15131140.350877194,0,100.0,0.49180327868852464,Ümraniye_3,17257142.85714286
Esenyurt,80,2.0,10.0,13500000.0,1.0,1.0,4,Merkezi,Chatbot,0.5,9,38.095238095238095,1,4.394449154672439,1.0986122886681098,160.0,800.0,3380119.581602374,0,80.0,0.24390243902439027,Esenyurt_2,6067140.1869158875
Pendik,90,3.0,1.0,19500000.0,1.0,5.0,12,Doğalgaz,Chatbot,1.0,13,29.032258064516128,0,4.51085950651685,1.3862943611198906,270.0,90.0,4022337.7879858655,0,90.0,0.4132231404958678,Pendik_3,3735718.0939597315
Kadıköy,115,3.0,2.0,29500000.0,1.0,4.0,8,Merkezi,Chatbot,0.5,10,37.096774193548384,0,4.7535901911063645,1.3862943611198906,345.0,230.0,12712120.921305181,0,115.0,0.4938271604938272,Kadıköy_3,16696702.898550725
Beşiktaş,100,3.0,4.0,35000000.0,1.0,3.0,9,Doğalgaz,Chatbot,1.0,8,32.25806451612903,0,4.61512051684126,1.3862943611198906,300.0,400.0,29936740.139211137,0,100.0,0.32967032967032966,Beşiktaş_3,27756909.722222224
Şişli,130,4.0,9.0,34000000.0,1.0,2.0,5,Merkezi,Chatbot,0.5,21,31.707317073170735,1,4.875197323201151,1.6094379124341003,520.0,1170.0,31775387.323943663,0,130.0,0.3921568627450981,Şişli_4,33970073.52941176
Üsküdar,120,3.0,5.0,25000000.0,1.0,3.0,8,Doğalgaz,Chatbot,1.0,20,38.70967741935484,0,4.795790545596741,1.3862943611198906,360.0,600.0,22489044.943820223,0,120.0,0.3703703703703704,Üsküdar_3,21597820.512820512
Ataşehir,95,2.0,7.0,17000000.0,1.0,1.0,6,Merkezi,Chatbot,0.5,1,45.238095238095234,1,4.564348191467836,1.0986122886681098,190.0,665.0,20692056.074766356,0,95.0,0.1639344262295082,Ataşehir_2,18061111.111111112
Ümraniye,85,2.0,12.0,16000000.0,1.0,2.0,4,Doğalgaz,Chatbot,1.0,19,40.476190476190474,2,4.454347296253507,1.0986122886681098,170.0,1020.0,15131140.350877194,0,85.0,0.48780487804878053,Ümraniye_2,12664166.666666666
Esenyurt,77,2.0,11.0,14000000.0,1.0,3.0,5,Merkezi,Chatbot,0.5,9,36.666666666666664,2,4.356708826689592,1.0986122886681098,154.0,847.0,3380119.581602374,0,77.0,0.5882352941176471,Esenyurt_2,6067140.1869158875
Pendik,80,3.0,3.0,17500000.0,1.0,2.0,9,Doğalgaz,Chatbot,1.0,13,25.806451612903224,0,4.394449154672439,1.3862943611198906,240.0,240.0,4022337.7879858655,0,80.0,0.21978021978021978,Pendik_3,3735718.0939597315
Kadıköy,90,2.0,6.0,22000000.0,1.0,5.0,10,Doğalgaz,Chatbot,1.0,10,42.857142857142854,1,4.51085950651685,1.0986122886681098,180.0,540.0,12712120.921305181,0,90.0,0.49504950495049505,Kadıköy_2,17476521.739130434
Beşiktaş,95,2.0,1.0,34500000.0,1.0,5.0,12,Merkezi,Chatbot,0.5,8,45.238095238095234,0,4.564348191467836,1.0986122886681098,190.0,95.0,29936740.139211137,0,95.0,0.4132231404958678,Beşiktaş_2,14200681.818181818
Şişli,85,3.0,4.0,21000000.0,1.0,4.0,6,Doğalgaz,Chatbot,1.0,21,27.419354838709676,0,4.454347296253507,1.3862943611198906,255.0,340.0,31775387.323943663,0,85.0,0.6557377049180328,Şişli_3,26607954.545454547
Üsküdar,120,4.0,3.0,32000000.0,1.0,2.0,3,Doğalgaz,Chatbot,1.0,20,29.26829268292683,0,4.795790545596741,1.6094379124341003,480.0,360.0,22489044.943820223,0,120.0,0.6451612903225806,Üsküdar_4,26995000.0
Ataşehir,130,3.0,10.0,40000000.0,1.0,4.0,8,Merkezi,Chatbot,0.5,1,41.935483870967744,1,4.875197323201151,1.3862943611198906,390.0,1300.0,20692056.074766356,0,130.0,0.4938271604938272,Ataşehir_3,18804561.40350877
Ümraniye,110,2.0,5.0,19000000.0,1.0,1.0,7,Doğalgaz,Chatbot,1.0,19,52.38095238095238,0,4.709530201312334,1.0986122886681098,220.0,550.0,15131140.350877194,0,110.0,0.14084507042253522,Ümraniye_2,12664166.666666666
Esenyurt,75,2.0,8.0,12500000.0,1.0,1.0,6,Merkezi,Chatbot,0.5,9,35.714285714285715,1,4.330733340286331,1.0986122886681098,150.0,600.0,3380119.581602374,0,75.0,0.1639344262295082,Esenyurt_2,6067140.1869158875
Pendik,90,3.0,9.0,18000000.0,1.0,2.0,4,Doğalgaz,Chatbot,1.0,13,29.032258064516128,1,4.51085950651685,1.3862943611198906,270.0,810.0,4022337.7879858655,0,90.0,0.48780487804878053,Pendik_3,3735718.0939597315
Kadıköy,100,4.0,1.0,33500000.0,1.0,5.0,11,Merkezi,Chatbot,0.5,10,24.390243902439025,0,4.61512051684126,1.6094379124341003,400.0,100.0,12712120.921305181,0,100.0,0.45045045045045046,Kadıköy_4,10351004.016064256
Beşiktaş,120,3.0,0.0,49000000.0,1.0,2.0,6,Doğalgaz,Chatbot,1.0,8,38.70967741935484,0,4.795790545596741,1.3862943611198906,360.0,0.0,29936740.139211137,0,120.0,0.3278688524590164,Beşiktaş_3,27756909.722222224
Şişli,110,3.0,5.0,29000000.0,1.0,4.0,8,Merkezi,Chatbot,0.5,21,35.483870967741936,0,4.709530201312334,1.3862943611198906,330.0,550.0,31775387.323943663,0,110.0,0.4938271604938272,Şişli_3,26607954.545454547
Üsküdar,105,2.0,2.0,20000000.0,1.0,3.0,10,Doğalgaz,Chatbot,1.0,20,50.0,0,4.663439094112067,1.0986122886681098,210.0,210.0,22489044.943820223,0,105.0,0.297029702970297,Üsküdar_2,18625000.0
Ataşehir,120,3.0,6.0,22500000.0,1.0,1.0,4,Merkezi,Chatbot,0.5,1,38.70967741935484,1,4.795790545596741,1.3862943611198906,360.0,720.0,20692056.074766356,0,120.0,0.24390243902439027,Ataşehir_3,18804561.40350877
Ümraniye,130,4.0,1.0,20000000.0,1.0,2.0,7,Doğalgaz,Chatbot,1.0,19,31.707317073170735,0,4.875197323201151,1.6094379124341003,520.0,130.0,15131140.350877194,0,130.0,0.28169014084507044,Ümraniye_4,19050000.0
Esenyurt,100,3.0,3.0,15000000.0,1.0,1.0,5,Merkezi,Chatbot,0.5,9,32.25806451612903,0,4.61512051684126,1.3862943611198906,300.0,300.0,3380119.581602374,0,100.0,0.19607843137254904,Esenyurt_3,2283923.5898876404
Pendik,85,2.0,15.0,16000000.0,1.0,1.0,8,Doğalgaz,Chatbot,1.0,13,40.476190476190474,2,4.454347296253507,1.0986122886681098,170.0,1275.0,4022337.7879858655,0,85.0,0.1234567901234568,Pendik_2,5672766.666666667
Kadıköy,90,2.0,10.0,22500000.0,1.0,4.0,5,Merkezi,Chatbot,0.5,10,42.857142857142854,1,4.51085950651685,1.0986122886681098,180.0,900.0,12712120.921305181,0,90.0,0.7843137254901962,Kadıköy_2,17476521.739130434
Beşiktaş,140,4.0,4.0,72000000.0,1.0,3.0,9,Doğalgaz,Chatbot,1.0,8,34.146341463414636,0,4.948759890378168,1.6094379124341003,560.0,560.0,29936740.139211137,0,140.0,0.32967032967032966,Beşiktaş_4,27622500.0
Şişli,95,3.0,7.0,23000000.0,1.0,2.0,6,Merkezi,Chatbot,0.5,21,30.64516129032258,1,4.564348191467836,1.3862943611198906,285.0,665.0,31775387.323943663,0,95.0,0.3278688524590164,Şişli_3,26607954.545454547
Üsküdar,110,3.0,5.0,20000000.0,1.0,1.0,8,Doğalgaz,Chatbot,1.0,20,35.483870967741936,0,4.709530201312334,1.3862943611198906,330.0,550.0,22489044.943820223,0,110.0,0.1234567901234568,Üsküdar_3,21597820.512820512
Ataşehir,120,2.0,9.0,21500000.0,1.0,4.0,7,Merkezi,Chatbot,0.5,1,57.14285714285714,1,4.795790545596741,1.0986122886681098,240.0,1080.0,20692056.074766356,0,120.0,0.5633802816901409,Ataşehir_2,18061111.111111112
Ümraniye,130,4.0,2.0,22500000.0,1.0,3.0,11,Doğalgaz,Chatbot,1.0,19,31.707317073170735,0,4.875197323201151,1.6094379124341003,520.0,260.0,15131140.350877194,0,130.0,0.2702702702702703,Ümraniye_4,19050000.0
Esenyurt,80,2.0,11.0,13500000.0,1.0,1.0,6,Merkezi,Chatbot,0.5,9,38.095238095238095,2,4.394449154672439,1.0986122886681098,160.0,880.0,3380119.581602374,0,80.0,0.1639344262295082,Esenyurt_2,6067140.1869158875
Pendik,100,3.0,4.0,17000000.0,1.0,3.0,8,Doğalgaz,Chatbot,1.0,13,32.25806451612903,0,4.61512051684126,1.3862943611198906,300.0,400.0,4022337.7879858655,0,100.0,0.3703703703703704,Pendik_3,3735718.0939597315
Kadıköy,135,4.0,3.0,53000000.0,1.0,4.0,5,Doğalgaz,Chatbot,1.0,10,32.926829268292686,0,4.912654885736052,1.6094379124341003,540.0,405.0,12712120.921305181,0,135.0,0.7843137254901962,Kadıköy_4,10351004.016064256
Beşiktaş,120,3.0,2.0,48000000.0,1.0,5.0,10,Merkezi,Chatbot,0.5,8,38.70967741935484,0,4.795790545596741,1.3862943611198906,360.0,240.0,29936740.139211137,0,120.0,0.49504950495049505,Beşiktaş_3,27756909.722222224
Şişli,100,4.0,6.0,30000000.0,1.0,2.0,8,Merkezi,Chatbot,0.5,21,24.390243902439025,1,4.61512051684126,1.6094379124341003,400.0,600.0,31775387.323943663,0,100.0,0.2469135802469136,Şişli_4,33970073.52941176
Üsküdar,95,3.0,8.0,21000000.0,1.0,4.0,7,Doğalgaz,Chatbot,1.0,20,30.64516129032258,1,4.564348191467836,1.3862943611198906,285.0,760.0,22489044.943820223,0,95.0,0.5633802816901409,Üsküdar_3,21597820.512820512
Ataşehir,90,2.0,5.0,19000000.0,1.0,2.0,9,Merkezi,Chatbot,0.5,1,42.857142857142854,0,4.51085950651685,1.0986122886681098,180.0,450.0,20692056.074766356,0,90.0,0.21978021978021978,Ataşehir_2,18061111.111111112
Ümraniye,100,3.0,4.0,17500000.0,1.0,3.0,8,Doğalgaz,Chatbot,1.0,19,32.25806451612903,0,4.61512051684126,1.3862943611198906,300.0,400.0,15131140.350877194,0,100.0,0.3703703703703704,Ümraniye_3,17257142.85714286
Esenyurt,80,2.0,10.0,12000000.0,1.0,1.0,5,Merkezi,Chatbot,0.5,9,38.095238095238095,1,4.394449154672439,1.0986122886681098,160.0,800.0,3380119.581602374,0,80.0,0.19607843137254904,Esenyurt_2,6067140.1869158875
Pendik,85,2.0,8.0,15000000.0,1.0,1.0,6,Doğalgaz,Chatbot,1.0,13,40.476190476190474,1,4.454347296253507,1.0986122886681098,170.0,680.0,4022337.7879858655,0,85.0,0.1639344262295082,Pendik_2,5672766.666666667
Kadıköy,100,4.0,3.0,40000000.0,1.0,4.0,5,Merkezi,Chatbot,0.5,10,24.390243902439025,0,4.61512051684126,1.6094379124341003,400.0,300.0,12712120.921305181,0,100.0,0.7843137254901962,Kadıköy_4,10351004.016064256
Beşiktaş,110,3.0,5.0,46000000.0,1.0,3.0,8,Doğalgaz,Chatbot,1.0,8,35.483870967741936,0,4.709530201312334,1.3862943611198906,330.0,550.0,29936740.139211137,0,110.0,0.3703703703703704,Beşiktaş_3,27756909.722222224
Şişli,120,4.0,4.0,31000000.0,1.0,2.0,9,Merkezi,Chatbot,0.5,21,29.26829268292683,0,4.795790545596741,1.6094379124341003,480.0,480.0,31775387.323943663,0,120.0,0.21978021978021978,Şişli_4,33970073.52941176
Üsküdar,90,3.0,6.0,19500000.0,1.0,4.0,10,Doğalgaz,Chatbot,1.0,20,29.032258064516128,1,4.51085950651685,1.3862943611198906,270.0,540.0,22489044.943820223,0,90.0,0.39603960396039606,Üsküdar_3,21597820.512820512
Ataşehir,95,2.0,2.0,19000000.0,1.0,3.0,7,Merkezi,Chatbot,0.5,1,45.238095238095234,0,4.564348191467836,1.0986122886681098,190.0,190.0,20692056.074766356,0,95.0,0.4225352112676057,Ataşehir_2,18061111.111111112
Ümraniye,85,2.0,4.0,18000000.0,1.0,1.0,8,Doğalgaz,Chatbot,1.0,19,40.476190476190474,0,4.454347296253507,1.0986122886681098,170.0,340.0,15131140.350877194,0,85.0,0.1234567901234568,Ümraniye_2,12664166.666666666
Esenyurt,75,2.0,11.0,13000000.0,1.0,1.0,6,Merkezi,Chatbot,0.5,9,35.714285714285715,2,4.330733340286331,1.0986122886681098,150.0,825.0,3380119.581602374,0,75.0,0.1639344262295082,Esenyurt_2,6067140.1869158875
Pendik,90,3.0,0.0,20000000.0,1.0,5.0,12,Doğalgaz,Chatbot,1.0,13,29.032258064516128,0,4.51085950651685,1.3862943611198906,270.0,0.0,4022337.7879858655,0,90.0,0.4132231404958678,Pendik_3,3735718.0939597315
Kadıköy,130,4.0,1.0,39000000.0,1.0,4.0,11,Merkezi,Chatbot,0.5,10,31.707317073170735,0,4.875197323201151,1.6094379124341003,520.0,130.0,12712120.921305181,0,130.0,0.3603603603603604,Kadıköy_4,10351004.016064256
Beşiktaş,120,3.0,5.0,45000000.0,1.0,3.0,7,Doğalgaz,Chatbot,1.0,8,38.70967741935484,0,4.795790545596741,1.3862943611198906,360.0,600.0,29936740.139211137,0,120.0,0.4225352112676057,Beşiktaş_3,27756909.722222224
Şişli,110,3.0,2.0,29000000.0,1.0,2.0,9,Merkezi,Chatbot,0.5,21,35.483870967741936,0,4.709530201312334,1.3862943611198906,330.0,220.0,31775387.323943663,0,110.0,0.21978021978021978,Şişli_3,26607954.545454547
Üsküdar,100,4.0,3.0,25000000.0,1.0,3.0,8,Doğalgaz,Chatbot,1.0,20,24.390243902439025,0,4.61512051684126,1.6094379124341003,400.0,300.0,22489044.943820223,0,100.0,0.3703703703703704,Üsküdar_4,26995000.0
Ataşehir,95,2.0,0.0,21000000.0,1.0,2.0,10,Merkezi,Chatbot,0.5,1,45.238095238095234,0,4.564348191467836,1.0986122886681098,190.0,0.0,20692056.074766356,0,95.0,0.19801980198019803,Ataşehir_2,18061111.111111112
Ümraniye,85,2.0,5.0,18000000.0,1.0,1.0,9,Doğalgaz,Chatbot,1.0,19,40.476190476190474,0,4.454347296253507,1.0986122886681098,170.0,425.0,15131140.350877194,0,85.0,0.10989010989010989,Ümraniye_2,12664166.666666666
Esenyurt,70,2.0,10.0,12000000.0,1.0,1.0,5,Merkezi,Chatbot,0.5,9,33.33333333333333,1,4.2626798770413155,1.0986122886681098,140.0,700.0,3380119.581602374,0,70.0,0.19607843137254904,Esenyurt_2,6067140.1869158875
Pendik,80,3.0,6.0,17000000.0,1.0,2.0,6,Doğalgaz,Chatbot,1.0,13,25.806451612903224,1,4.394449154672439,1.3862943611198906,240.0,480.0,4022337.7879858655,0,80.0,0.3278688524590164,Pendik_3,3735718.0939597315
Kadıköy,120,4.0,4.0,31000000.0,1.0,3.0,9,Merkezi,Chatbot,0.5,10,29.26829268292683,0,4.795790545596741,1.6094379124341003,480.0,480.0,12712120.921305181,0,120.0,0.32967032967032966,Kadıköy_4,10351004.016064256
Beşiktaş,90,3.0,1.0,34000000.0,1.0,5.0,12,Doğalgaz,Chatbot,1.0,8,29.032258064516128,0,4.51085950651685,1.3862943611198906,270.0,90.0,29936740.139211137,0,90.0,0.4132231404958678,Beşiktaş_3,27756909.722222224
Şişli,100,3.0,7.0,22000000.0,1.0,4.0,8,Merkezi,Chatbot,0.5,21,32.25806451612903,1,4.61512051684126,1.3862943611198906,300.0,700.0,31775387.323943663,0,100.0,0.4938271604938272,Şişli_3,26607954.545454547
Üsküdar,115,3.0,6.0,28000000.0,1.0,3.0,7,Doğalgaz,Chatbot,1.0,20,37.096774193548384,1,4.7535901911063645,1.3862943611198906,345.0,690.0,22489044.943820223,0,115.0,0.4225352112676057,Üsküdar_3,21597820.512820512
Ataşehir,110,3.0,5.0,23000000.0,1.0,4.0,10,Merkezi,Chatbot,0.5,1,35.483870967741936,0,4.709530201312334,1.3862943611198906,330.0,550.0,20692056.074766356,0,110.0,0.39603960396039606,Ataşehir_3,18804561.40350877
Ümraniye,125,4.0,2.0,21000000.0,1.0,1.0,5,Doğalgaz,Chatbot,1.0,19,30.487804878048784,0,4.836281906951478,1.6094379124341003,500.0,250.0,15131140.350877194,0,125.0,0.19607843137254904,Ümraniye_4,19050000.0
Esenyurt,80,2.0,11.0,15000000.0,1.0,1.0,6,Merkezi,Chatbot,0.5,9,38.095238095238095,2,4.394449154672439,1.0986122886681098,160.0,880.0,3380119.581602374,0,80.0,0.1639344262295082,Esenyurt_2,6067140.1869158875
Pendik,90,2.0,4.0,18000000.0,1.0,2.0,8,Doğalgaz,Chatbot,1.0,13,42.857142857142854,0,4.51085950651685,1.0986122886681098,180.0,360.0,4022337.7879858655,0,90.0,0.2469135802469136,Pendik_2,5672766.666666667
Kadıköy,130,4.0,1.0,41000000.0,1.0,5.0,10,Merkezi,Chatbot,0.5,10,31.707317073170735,0,4.875197323201151,1.6094379124341003,520.0,130.0,12712120.921305181,0,130.0,0.49504950495049505,Kadıköy_4,10351004.016064256
Beşiktaş,120,3.0,3.0,47000000.0,1.0,4.0,9,Doğalgaz,Chatbot,1.0,8,38.70967741935484,0,4.795790545596741,1.3862943611198906,360.0,360.0,29936740.139211137,0,120.0,0.43956043956043955,Beşiktaş_3,27756909.722222224
Şişli,100,3.0,5.0,25000000.0,1.0,2.0,5,Merkezi,Chatbot,0.5,21,32.25806451612903,0,4.61512051684126,1.3862943611198906,300.0,500.0,31775387.323943663,0,100.0,0.3921568627450981,Şişli_3,26607954.545454547
Üsküdar,90,3.0,8.0,20000000.0,1.0,1.0,6,Doğalgaz,Chatbot,1.0,20,29.032258064516128,1,4.51085950651685,1.3862943611198906,270.0,720.0,22489044.943820223,0,90.0,0.1639344262295082,Üsküdar_3,21597820.512820512
Beşiktaş,150,4.0,35.0,15000000.0,1.0,3.0,6,Doğalgaz,Chatbot,1.0,8,36.58536585365854,3,5.017279836814924,1.6094379124341003,600.0,5250.0,29936740.139211137,0,150.0,0.49180327868852464,Beşiktaş_4,27622500.0
Kadıköy,120,3.0,31.0,12500000.0,1.0,4.0,7,Merkezi,Chatbot,0.5,10,38.70967741935484,3,4.795790545596741,1.3862943611198906,360.0,3720.0,12712120.921305181,0,120.0,0.5633802816901409,Kadıköy_3,16696702.898550725
Beşiktaş,130,3.0,28.0,14000000.0,1.0,2.0,5,Doğalgaz,Chatbot,1.0,8,41.935483870967744,3,4.875197323201151,1.3862943611198906,390.0,3640.0,29936740.139211137,0,130.0,0.3921568627450981,Beşiktaş_3,27756909.722222224
Kadıköy,140,4.0,32.0,13500000.0,1.0,3.0,8,Merkezi,Chatbot,0.5,10,34.146341463414636,3,4.948759890378168,1.6094379124341003,560.0,4480.0,12712120.921305181,0,140.0,0.3703703703703704,Kadıköy_4,10351004.016064256
Beşiktaş,160,4.0,30.0,16000000.0,1.0,1.0,5,Doğalgaz,Chatbot,1.0,8,39.024390243902445,3,5.081404364984463,1.6094379124341003,640.0,4800.0,29936740.139211137,0,160.0,0.19607843137254904,Beşiktaş_4,27622500.0
Kadıköy,125,3.0,30.0,13000000.0,1.0,5.0,9,Merkezi,Chatbot,0.5,10,40.32258064516129,3,4.836281906951478,1.3862943611198906,375.0,3750.0,12712120.921305181,0,125.0,0.5494505494505495,Kadıköy_3,16696702.898550725
Esenyurt,70,2.0,1.0,6000000.0,1.0,6.0,12,Doğalgaz,Chatbot,1.0,9,33.33333333333333,0,4.2626798770413155,1.0986122886681098,140.0,70.0,3380119.581602374,0,70.0,0.49586776859504134,Esenyurt_2,6067140.1869158875
Arnavutköy,80,3.0,0.0,5500000.0,1.0,5.0,10,Merkezi,Chatbot,0.5,0,25.806451612903224,0,4.394449154672439,1.3862943611198906,240.0,0.0,6318359.375,0,80.0,0.49504950495049505,Arnavutköy_3,5973166.666666667
Esenyurt,75,2.0,2.0,6500000.0,1.0,4.0,9,Doğalgaz,Chatbot,1.0,9,35.714285714285715,0,4.330733340286331,1.0986122886681098,150.0,150.0,3380119.581602374,0,75.0,0.43956043956043955,Esenyurt_2,6067140.1869158875
Arnavutköy,85,3.0,1.0,7000000.0,1.0,3.0,8,Merkezi,Chatbot,0.5,0,27.419354838709676,0,4.454347296253507,1.3862943611198906,255.0,85.0,6318359.375,0,85.0,0.3703703703703704,Arnavutköy_3,5973166.666666667
Esenyurt,90,3.0,0.0,8000000.0,1.0,2.0,10,Doğalgaz,Chatbot,1.0,9,29.032258064516128,0,4.51085950651685,1.3862943611198906,270.0,0.0,3380119.581602374,0,90.0,0.19801980198019803,Esenyurt_3,2283923.5898876404
Kadıköy,90,2.0,14.0,12500000.0,1.0,4.0,8,Doğalgaz,Chatbot,1.0,10,42.857142857142854,2,4.51085950651685,1.0986122886681098,180.0,1260.0,12712120.921305181,0,90.0,0.4938271604938272,Kadıköy_2,17476521.739130434
Beşiktaş,140,4.0,30.0,14500000.0,1.0,2.0,6,Merkezi,Chatbot,0.5,8,34.146341463414636,3,4.948759890378168,1.6094379124341003,560.0,4200.0,29936740.139211137,0,140.0,0.3278688524590164,Beşiktaş_4,27622500.0
Kadıköy,150,4.0,35.0,15500000.0,1.0,3.0,5,Doğalgaz,Chatbot,1.0,10,36.58536585365854,3,5.017279836814924,1.6094379124341003,600.0,5250.0,12712120.921305181,0,150.0,0.5882352941176471,Kadıköy_4,10351004.016064256
Esenyurt,76,2.0,1.0,6200000.0,1.0,3.0,9,Merkezi,Chatbot,0.5,9,36.19047619047619,0,4.343805421853684,1.0986122886681098,152.0,76.0,3380119.581602374,0,76.0,0.32967032967032966,Esenyurt_2,6067140.1869158875
Arnavutköy,78,2.0,1.0,5000000.0,1.0,5.0,10,Doğalgaz,Chatbot,1.0,0,37.14285714285714,0,4.3694478524670215,1.0986122886681098,156.0,78.0,6318359.375,0,78.0,0.49504950495049505,Arnavutköy_2,6093750.0
Esenyurt,82,3.0,2.0,7800000.0,1.0,2.0,9,Merkezi,Chatbot,0.5,9,26.451612903225804,0,4.418840607796598,1.3862943611198906,246.0,164.0,3380119.581602374,0,82.0,0.21978021978021978,Esenyurt_3,2283923.5898876404
Arnavutköy,80,3.0,2.0,5900000.0,1.0,4.0,8,Doğalgaz,Chatbot,1.0,0,25.806451612903224,0,4.394449154672439,1.3862943611198906,240.0,160.0,6318359.375,0,80.0,0.4938271604938272,Arnavutköy_3,5973166.666666667
Kadıköy,130,3.0,30.0,13500000.0,1.0,3.0,9,Merkezi,Chatbot,0.5,10,41.935483870967744,3,4.875197323201151,1.3862943611198906,390.0,3900.0,12712120.921305181,0,130.0,0.32967032967032966,Kadıköy_3,16696702.898550725
Beşiktaş,110,2.0,40.0,14500000.0,1.0,4.0,8,Doğalgaz,Chatbot,1.0,8,52.38095238095238,3,4.709530201312334,1.0986122886681098,220.0,4400.0,29936740.139211137,0,110.0,0.4938271604938272,Beşiktaş_2,14200681.818181818
Kadıköy,150,4.0,31.0,14000000.0,1.0,2.0,6,Merkezi,Chatbot,0.5,10,36.58536585365854,3,5.017279836814924,1.6094379124341003,600.0,4650.0,12712120.921305181,0,150.0,0.3278688524590164,Kadıköy_4,10351004.016064256
Esenyurt,95,3.0,1.0,7000000.0,1.0,5.0,10,Doğalgaz,Chatbot,1.0,9,30.64516129032258,0,4.564348191467836,1.3862943611198906,285.0,95.0,3380119.581602374,0,95.0,0.49504950495049505,Esenyurt_3,2283923.5898876404
Arnavutköy,90,3.0,1.0,5500000.0,1.0,2.0,9,Merkezi,Chatbot,0.5,0,29.032258064516128,0,4.51085950651685,1.3862943611198906,270.0,90.0,6318359.375,0,90.0,0.21978021978021978,Arnavutköy_3,5973166.666666667
Esenyurt,80,2.0,0.0,5000000.0,1.0,5.0,12,Doğalgaz,Chatbot,1.0,9,38.095238095238095,0,4.394449154672439,1.0986122886681098,160.0,0.0,3380119.581602374,0,80.0,0.4132231404958678,Esenyurt_2,6067140.1869158875
Kadıköy,110,3.0,32.0,13000000.0,1.0,3.0,8,Merkezi,Chatbot,0.5,10,35.483870967741936,3,4.709530201312334,1.3862943611198906,330.0,3520.0,12712120.921305181,0,110.0,0.3703703703703704,Kadıköy_3,16696702.898550725
Beşiktaş,160,4.0,35.0,15100000.0,1.0,5.0,6,Doğalgaz,Chatbot,1.0,8,39.024390243902445,3,5.081404364984463,1.6094379124341003,640.0,5600.0,29936740.139211137,0,160.0,0.819672131147541,Beşiktaş_4,27622500.0
Kadıköy,140,3.0,30.0,13250000.0,1.0,4.0,7,Merkezi,Chatbot,0.5,10,45.16129032258064,3,4.948759890378168,1.3862943611198906,420.0,4200.0,12712120.921305181,0,140.0,0.5633802816901409,Kadıköy_3,16696702.898550725
Esenyurt,100,3.0,1.0,7500000.0,1.0,5.0,11,Doğalgaz,Chatbot,1.0,9,32.25806451612903,0,4.61512051684126,1.3862943611198906,300.0,100.0,3380119.581602374,0,100.0,0.45045045045045046,Esenyurt_3,2283923.5898876404
Arnavutköy,88,3.0,0.0,6300000.0,1.0,4.0,10,Merkezi,Chatbot,0.5,0,28.387096774193548,0,4.48863636973214,1.3862943611198906,264.0,0.0,6318359.375,0,88.0,0.39603960396039606,Arnavutköy_3,5973166.666666667
Esenyurt,92,3.0,2.0,6800000.0,1.0,3.0,10,Doğalgaz,Chatbot,1.0,9,29.677419354838708,0,4.532599493153256,1.3862943611198906,276.0,184.0,3380119.581602374,0,92.0,0.297029702970297,Esenyurt_3,2283923.5898876404
Kadıköy,135,4.0,29.0,14450000.0,1.0,6.0,8,Merkezi,Chatbot,0.5,10,32.926829268292686,3,4.912654885736052,1.6094379124341003,540.0,3915.0,12712120.921305181,0,135.0,0.7407407407407408,Kadıköy_4,10351004.016064256
Beşiktaş,145,4.0,30.0,15800000.0,1.0,4.0,5,Doğalgaz,Chatbot,1.0,8,35.36585365853659,3,4.983606621708336,1.6094379124341003,580.0,4350.0,29936740.139211137,0,145.0,0.7843137254901962,Beşiktaş_4,27622500.0
Kadıköy,125,3.0,31.0,12900000.0,1.0,3.0,7,Merkezi,Chatbot,0.5,10,40.32258064516129,3,4.836281906951478,1.3862943611198906,375.0,3875.0,12712120.921305181,0,125.0,0.4225352112676057,Kadıköy_3,16696702.898550725
Esenyurt,76,2.0,1.0,6000000.0,1.0,6.0,12,Doğalgaz,Chatbot,1.0,9,36.19047619047619,0,4.343805421853684,1.0986122886681098,152.0,76.0,3380119.581602374,0,76.0,0.49586776859504134,Esenyurt_2,6067140.1869158875
Arnavutköy,82,3.0,1.0,5100000.0,1.0,2.0,8,Merkezi,Chatbot,0.5,0,26.451612903225804,0,4.418840607796598,1.3862943611198906,246.0,82.0,6318359.375,0,82.0,0.2469135802469136,Arnavutköy_3,5973166.666666667
Esenyurt,85,2.0,0.0,5000000.0,1.0,4.0,11,Doğalgaz,Chatbot,1.0,9,40.476190476190474,0,4.454347296253507,1.0986122886681098,170.0,0.0,3380119.581602374,0,85.0,0.3603603603603604,Esenyurt_2,6067140.1869158875
Kadıköy,120,3.0,26.0,13400000.0,1.0,3.0,9,Merkezi,Chatbot,0.5,10,38.70967741935484,3,4.795790545596741,1.3862943611198906,360.0,3120.0,12712120.921305181,0,120.0,0.32967032967032966,Kadıköy_3,16696702.898550725
Beşiktaş,100,3.0,30.0,14800000.0,1.0,2.0,6,Doğalgaz,Chatbot,1.0,8,32.25806451612903,3,4.61512051684126,1.3862943611198906,300.0,3000.0,29936740.139211137,0,100.0,0.3278688524590164,Beşiktaş_3,27756909.722222224
Kadıköy,135,4.0,32.0,14000000.0,1.0,4.0,7,Merkezi,Chatbot,0.5,10,32.926829268292686,3,4.912654885736052,1.6094379124341003,540.0,4320.0,12712120.921305181,0,135.0,0.5633802816901409,Kadıköy_4,10351004.016064256
Esenyurt,90,3.0,1.0,7100000.0,1.0,5.0,10,Doğalgaz,Chatbot,1.0,9,29.032258064516128,0,4.51085950651685,1.3862943611198906,270.0,90.0,3380119.581602374,0,90.0,0.49504950495049505,Esenyurt_3,2283923.5898876404
Arnavutköy,88,3.0,0.0,6800000.0,1.0,3.0,9,Merkezi,Chatbot,0.5,0,28.387096774193548,0,4.48863636973214,1.3862943611198906,264.0,0.0,6318359.375,0,88.0,0.32967032967032966,Arnavutköy_3,5973166.666666667
Esenyurt,80,2.0,1.0,5500000.0,1.0,4.0,12,Doğalgaz,Chatbot,1.0,9,38.095238095238095,0,4.394449154672439,1.0986122886681098,160.0,80.0,3380119.581602374,0,80.0,0.3305785123966942,Esenyurt_2,6067140.1869158875
Kadıköy,125,3.0,35.0,13000000.0,1.0,4.0,5,Merkezi,Chatbot,0.5,10,40.32258064516129,3,4.836281906951478,1.3862943611198906,375.0,4375.0,12712120.921305181,0,125.0,0.7843137254901962,Kadıköy_3,16696702.898550725
Beşiktaş,95,2.0,30.0,14500000.0,1.0,3.0,8,Doğalgaz,Chatbot,1.0,8,45.238095238095234,3,4.564348191467836,1.0986122886681098,190.0,2850.0,29936740.139211137,0,95.0,0.3703703703703704,Beşiktaş_2,14200681.818181818
Kadıköy,145,4.0,28.0,14650000.0,1.0,4.0,7,Merkezi,Chatbot,0.5,10,35.36585365853659,3,4.983606621708336,1.6094379124341003,580.0,4060.0,12712120.921305181,0,145.0,0.5633802816901409,Kadıköy_4,10351004.016064256
Esenyurt,100,3.0,0.0,7000000.0,1.0,5.0,10,Doğalgaz,Chatbot,1.0,9,32.25806451612903,0,4.61512051684126,1.3862943611198906,300.0,0.0,3380119.581602374,0,100.0,0.49504950495049505,Esenyurt_3,2283923.5898876404
Arnavutköy,90,2.0,1.0,5900000.0,1.0,5.0,11,Merkezi,Chatbot,0.5,0,42.857142857142854,0,4.51085950651685,1.0986122886681098,180.0,90.0,6318359.375,0,90.0,0.45045045045045046,Arnavutköy_2,6093750.0
Esenyurt,85,2.0,2.0,6000000.0,1.0,3.0,9,Doğalgaz,Chatbot,1.0,9,40.476190476190474,0,4.454347296253507,1.0986122886681098,170.0,170.0,3380119.581602374,0,85.0,0.32967032967032966,Esenyurt_2,6067140.1869158875
Kadıköy,135,4.0,30.0,13500000.0,1.0,3.0,8,Merkezi,Chatbot,0.5,10,32.926829268292686,3,4.912654885736052,1.6094379124341003,540.0,4050.0,12712120.921305181,0,135.0,0.3703703703703704,Kadıköy_4,10351004.016064256
Beşiktaş,130,3.0,32.0,14500000.0,1.0,3.0,7,Doğalgaz,Chatbot,1.0,8,41.935483870967744,3,4.875197323201151,1.3862943611198906,390.0,4160.0,29936740.139211137,0,130.0,0.4225352112676057,Beşiktaş_3,27756909.722222224
Kadıköy,110,3.0,30.0,12600000.0,1.0,4.0,9,Merkezi,Chatbot,0.5,10,35.483870967741936,3,4.709530201312334,1.3862943611198906,330.0,3300.0,12712120.921305181,0,110.0,0.43956043956043955,Kadıköy_3,16696702.898550725
Esenyurt,95,3.0,0.0,7000000.0,1.0,5.0,11,Doğalgaz,Chatbot,1.0,9,30.64516129032258,0,4.564348191467836,1.3862943611198906,285.0,0.0,3380119.581602374,0,95.0,0.45045045045045046,Esenyurt_3,2283923.5898876404
Arnavutköy,80,2.0,1.0,5450000.0,1.0,4.0,12,Merkezi,Chatbot,0.5,0,38.095238095238095,0,4.394449154672439,1.0986122886681098,160.0,80.0,6318359.375,0,80.0,0.3305785123966942,Arnavutköy_2,6093750.0
Esenyurt,85,2.0,2.0,6200000.0,1.0,5.0,10,Doğalgaz,Chatbot,1.0,9,40.476190476190474,0,4.454347296253507,1.0986122886681098,170.0,170.0,3380119.581602374,0,85.0,0.49504950495049505,Esenyurt_2,6067140.1869158875
Kadıköy,125,3.0,31.0,13400000.0,1.0,3.0,8,Merkezi,Chatbot,0.5,10,40.32258064516129,3,4.836281906951478,1.3862943611198906,375.0,3875.0,12712120.921305181,0,125.0,0.3703703703703704,Kadıköy_3,16696702.898550725
Beşiktaş,140,4.0,30.0,15000000.0,1.0,2.0,6,Doğalgaz,Chatbot,1.0,8,34.146341463414636,3,4.948759890378168,1.6094379124341003,560.0,4200.0,29936740.139211137,0,140.0,0.3278688524590164,Beşiktaş_4,27622500.0
Kadıköy,130,3.0,32.0,13850000.0,1.0,4.0,7,Merkezi,Chatbot,0.5,10,41.935483870967744,3,4.875197323201151,1.3862943611198906,390.0,4160.0,12712120.921305181,0,130.0,0.5633802816901409,Kadıköy_3,16696702.898550725
Esenyurt,100,3.0,3.0,7200000.0,1.0,3.0,9,Doğalgaz,Chatbot,1.0,9,32.25806451612903,0,4.61512051684126,1.3862943611198906,300.0,300.0,3380119.581602374,0,100.0,0.32967032967032966,Esenyurt_3,2283923.5898876404
Arnavutköy,88,3.0,1.0,6000000.0,1.0,2.0,10,Merkezi,Chatbot,0.5,0,28.387096774193548,0,4.48863636973214,1.3862943611198906,264.0,88.0,6318359.375,0,88.0,0.19801980198019803,Arnavutköy_3,5973166.666666667
Esenyurt,90,2.0,0.0,6500000.0,1.0,5.0,11,Doğalgaz,Chatbot,1.0,9,42.857142857142854,0,4.51085950651685,1.0986122886681098,180.0,0.0,3380119.581602374,0,90.0,0.45045045045045046,Esenyurt_2,6067140.1869158875
Kadıköy,125,3.0,3.0,13900000.0,1.0,4.0,5,Merkezi,Chatbot,0.5,10,40.32258064516129,0,4.836281906951478,1.3862943611198906,375.0,375.0,12712120.921305181,0,125.0,0.7843137254901962,Kadıköy_3,16696702.898550725
Beşiktaş,150,4.0,31.0,14800000.0,1.0,4.0,6,Doğalgaz,Chatbot,1.0,8,36.58536585365854,3,5.017279836814924,1.6094379124341003,600.0,4650.0,29936740.139211137,0,150.0,0.6557377049180328,Beşiktaş_4,27622500.0
Kadıköy,135,4.0,34.0,13000000.0,1.0,3.0,8,Merkezi,Chatbot,0.5,10,32.926829268292686,3,4.912654885736052,1.6094379124341003,540.0,4590.0,12712120.921305181,0,135.0,0.3703703703703704,Kadıköy_4,10351004.016064256
Esenyurt,85,2.0,1.0,5800000.0,1.0,2.0,9,Doğalgaz,Chatbot,1.0,9,40.476190476190474,0,4.454347296253507,1.0986122886681098,170.0,85.0,3380119.581602374,0,85.0,0.21978021978021978,Esenyurt_2,6067140.1869158875
Arnavutköy,80,3.0,1.0,5000000.0,1.0,5.0,10,Merkezi,Chatbot,0.5,0,25.806451612903224,0,4.394449154672439,1.3862943611198906,240.0,80.0,6318359.375,0,80.0,0.49504950495049505,Arnavutköy_3,5973166.666666667
Esenyurt,95,3.0,2.0,6500000.0,1.0,4.0,10,Doğalgaz,Chatbot,1.0,9,30.64516129032258,0,4.564348191467836,1.3862943611198906,285.0,190.0,3380119.581602374,0,95.0,0.39603960396039606,Esenyurt_3,2283923.5898876404
Kadıköy,120,4.0,30.0,13550000.0,1.0,3.0,8,Merkezi,Chatbot,0.5,10,29.26829268292683,3,4.795790545596741,1.6094379124341003,480.0,3600.0,12712120.921305181,0,120.0,0.3703703703703704,Kadıköy_4,10351004.016064256
Beşiktaş,150,4.0,35.0,15500000.0,1.0,2.0,7,Doğalgaz,Chatbot,1.0,8,36.58536585365854,3,5.017279836814924,1.6094379124341003,600.0,5250.0,29936740.139211137,0,150.0,0.28169014084507044,Beşiktaş_4,27622500.0
Kadıköy,125,3.0,30.0,13800000.0,1.0,3.0,6,Merkezi,Chatbot,0.5,10,40.32258064516129,3,4.836281906951478,1.3862943611198906,375.0,3750.0,12712120.921305181,0,125.0,0.49180327868852464,Kadıköy_3,16696702.898550725
Esenyurt,85,2.0,0.0,6400000.0,1.0,5.0,12,Doğalgaz,Chatbot,1.0,9,40.476190476190474,0,4.454347296253507,1.0986122886681098,170.0,0.0,3380119.581602374,0,85.0,0.4132231404958678,Esenyurt_2,6067140.1869158875
Arnavutköy,77,2.0,1.0,5300000.0,1.0,3.0,10,Merkezi,Chatbot,0.5,0,36.666666666666664,0,4.356708826689592,1.0986122886681098,154.0,77.0,6318359.375,0,77.0,0.297029702970297,Arnavutköy_2,6093750.0
Esenyurt,70,2.0,2.0,5000000.0,1.0,4.0,11,Doğalgaz,Chatbot,1.0,9,33.33333333333333,0,4.2626798770413155,1.0986122886681098,140.0,140.0,3380119.581602374,0,70.0,0.3603603603603604,Esenyurt_2,6067140.1869158875
Kadıköy,120,4.0,33.0,13700000.0,1.0,3.0,7,Merkezi,Chatbot,0.5,10,29.26829268292683,3,4.795790545596741,1.6094379124341003,480.0,3960.0,12712120.921305181,0,120.0,0.4225352112676057,Kadıköy_4,10351004.016064256
Beşiktaş,90,2.0,30.0,14600000.0,1.0,4.0,5,Doğalgaz,Chatbot,1.0,8,42.857142857142854,3,4.51085950651685,1.0986122886681098,180.0,2700.0,29936740.139211137,0,90.0,0.7843137254901962,Beşiktaş_2,14200681.818181818
Kadıköy,135,4.0,31.0,13850000.0,1.0,2.0,6,Doğalgaz,Chatbot,1.0,10,32.926829268292686,3,4.912654885736052,1.6094379124341003,540.0,4185.0,12712120.921305181,0,135.0,0.3278688524590164,Kadıköy_4,10351004.016064256
Esenyurt,100,3.0,3.0,7200000.0,1.0,6.0,12,Merkezi,Chatbot,0.5,9,32.25806451612903,0,4.61512051684126,1.3862943611198906,300.0,300.0,3380119.581602374,0,100.0,0.49586776859504134,Esenyurt_3,2283923.5898876404
Arnavutköy,88,3.0,1.0,6100000.0,1.0,5.0,10,Doğalgaz,Chatbot,1.0,0,28.387096774193548,0,4.48863636973214,1.3862943611198906,264.0,88.0,6318359.375,0,88.0,0.49504950495049505,Arnavutköy_3,5973166.666666667
Esenyurt,90,2.0,0.0,6800000.0,1.0,2.0,11,Merkezi,Chatbot,0.5,9,42.857142857142854,0,4.51085950651685,1.0986122886681098,180.0,0.0,3380119.581602374,0,90.0,0.1801801801801802,Esenyurt_2,6067140.1869158875
Kadıköy,125,4.0,30.0,13900000.0,1.0,1.0,7,Doğalgaz,Chatbot,1.0,10,30.487804878048784,3,4.836281906951478,1.6094379124341003,500.0,3750.0,12712120.921305181,0,125.0,0.14084507042253522,Kadıköy_4,10351004.016064256
Beşiktaş,135,4.0,33.0,15000000.0,1.0,3.0,5,Merkezi,Chatbot,0.5,8,32.926829268292686,3,4.912654885736052,1.6094379124341003,540.0,4455.0,29936740.139211137,0,135.0,0.5882352941176471,Beşiktaş_4,27622500.0
Kadıköy,110,2.0,32.0,12800000.0,1.0,4.0,9,Doğalgaz,Chatbot,1.0,10,52.38095238095238,3,4.709530201312334,1.0986122886681098,220.0,3520.0,12712120.921305181,0,110.0,0.43956043956043955,Kadıköy_2,17476521.739130434
Esenyurt,80,2.0,1.0,5600000.0,1.0,5.0,10,Merkezi,Chatbot,0.5,9,38.095238095238095,0,4.394449154672439,1.0986122886681098,160.0,80.0,3380119.581602374,0,80.0,0.49504950495049505,Esenyurt_2,6067140.1869158875
Arnavutköy,90,3.0,1.0,6000000.0,1.0,3.0,12,Doğalgaz,Chatbot,1.0,0,29.032258064516128,0,4.51085950651685,1.3862943611198906,270.0,90.0,6318359.375,0,90.0,0.24793388429752067,Arnavutköy_3,5973166.666666667
Esenyurt,88,3.0,2.0,6100000.0,1.0,4.0,11,Merkezi,Chatbot,0.5,9,28.387096774193548,0,4.48863636973214,1.3862943611198906,264.0,176.0,3380119.581602374,0,88.0,0.3603603603603604,Esenyurt_3,2283923.5898876404
Kadıköy,140,4.0,32.0,14500000.0,1.0,3.0,8,Doğalgaz,Chatbot,1.0,10,34.146341463414636,3,4.948759890378168,1.6094379124341003,560.0,4480.0,12712120.921305181,0,140.0,0.3703703703703704,Kadıköy_4,10351004.016064256
Beşiktaş,150,4.0,30.0,15200000.0,1.0,2.0,6,Merkezi,Chatbot,0.5,8,36.58536585365854,3,5.017279836814924,1.6094379124341003,600.0,4500.0,29936740.139211137,0,150.0,0.3278688524590164,Beşiktaş_4,27622500.0
Kadıköy,130,3.0,30.0,13700000.0,1.0,4.0,5,Doğalgaz,Chatbot,1.0,10,41.935483870967744,3,4.875197323201151,1.3862943611198906,390.0,3900.0,12712120.921305181,0,130.0,0.7843137254901962,Kadıköy_3,16696702.898550725
Esenyurt,90,2.0,0.0,7000000.0,1.0,4.0,10,Merkezi,Chatbot,0.5,9,42.857142857142854,0,4.51085950651685,1.0986122886681098,180.0,0.0,3380119.581602374,0,90.0,0.39603960396039606,Esenyurt_2,6067140.1869158875
Arnavutköy,85,3.0,1.0,6200000.0,1.0,2.0,9,Doğalgaz,Chatbot,1.0,0,27.419354838709676,0,4.454347296253507,1.3862943611198906,255.0,85.0,6318359.375,0,85.0,0.21978021978021978,Arnavutköy_3,5973166.666666667
Esenyurt,95,3.0,2.0,6900000.0,1.0,3.0,10,Merkezi,Chatbot,0.5,9,30.64516129032258,0,4.564348191467836,1.3862943611198906,285.0,190.0,3380119.581602374,0,95.0,0.297029702970297,Esenyurt_3,2283923.5898876404
Kadıköy,125,3.0,29.0,13600000.0,1.0,4.0,6,Doğalgaz,Chatbot,1.0,10,40.32258064516129,3,4.836281906951478,1.3862943611198906,375.0,3625.0,12712120.921305181,0,125.0,0.6557377049180328,Kadıköy_3,16696702.898550725
Beşiktaş,135,4.0,31.0,14900000.0,1.0,1.0,7,Merkezi,Chatbot,0.5,8,32.926829268292686,3,4.912654885736052,1.6094379124341003,540.0,4185.0,29936740.139211137,0,135.0,0.14084507042253522,Beşiktaş_4,27622500.0
Kadıköy,110,3.0,30.0,13000000.0,1.0,4.0,9,Doğalgaz,Chatbot,1.0,10,35.483870967741936,3,4.709530201312334,1.3862943611198906,330.0,3300.0,12712120.921305181,0,110.0,0.43956043956043955,Kadıköy_3,16696702.898550725
Esenyurt,85,2.0,4.0,6400000.0,1.0,1.0,8,Merkezi,Chatbot,0.5,9,40.476190476190474,0,4.454347296253507,1.0986122886681098,170.0,340.0,3380119.581602374,0,85.0,0.1234567901234568,Esenyurt_2,6067140.1869158875
Arnavutköy,90,3.0,0.0,5700000.0,1.0,2.0,12,Doğalgaz,Chatbot,1.0,0,29.032258064516128,0,4.51085950651685,1.3862943611198906,270.0,0.0,6318359.375,0,90.0,0.1652892561983471,Arnavutköy_3,5973166.666666667
Esenyurt,88,3.0,1.0,6500000.0,1.0,3.0,9,Merkezi,Chatbot,0.5,9,28.387096774193548,0,4.48863636973214,1.3862943611198906,264.0,88.0,3380119.581602374,0,88.0,0.32967032967032966,Esenyurt_3,2283923.5898876404
Kadıköy,145,4.0,32.0,14300000.0,1.0,4.0,5,Doğalgaz,Chatbot,1.0,10,35.36585365853659,3,4.983606621708336,1.6094379124341003,580.0,4640.0,12712120.921305181,0,145.0,0.7843137254901962,Kadıköy_4,10351004.016064256
Beşiktaş,150,4.0,30.0,15100000.0,1.0,3.0,6,Merkezi,Chatbot,0.5,8,36.58536585365854,3,5.017279836814924,1.6094379124341003,600.0,4500.0,29936740.139211137,0,150.0,0.49180327868852464,Beşiktaş_4,27622500.0
Kadıköy,125,3.0,30.0,13400000.0,1.0,4.0,8,Doğalgaz,Chatbot,1.0,10,40.32258064516129,3,4.836281906951478,1.3862943611198906,375.0,3750.0,12712120.921305181,0,125.0,0.4938271604938272,Kadıköy_3,16696702.898550725
Esenyurt,100,3.0,1.0,7200000.0,1.0,2.0,10,Merkezi,Chatbot,0.5,9,32.25806451612903,0,4.61512051684126,1.3862943611198906,300.0,100.0,3380119.581602374,0,100.0,0.19801980198019803,Esenyurt_3,2283923.5898876404
Kadıköy,100,3.0,2.0,45000000.0,1.0,8.0,12,Doğalgaz,Chatbot,1.0,10,32.25806451612903,0,4.61512051684126,1.3862943611198906,300.0,200.0,12712120.921305181,0,100.0,0.6611570247933884,Kadıköy_3,16696702.898550725
Şişli,120,4.0,3.0,48000000.0,1.0,9.0,10,Doğalgaz,Chatbot,1.0,21,29.26829268292683,0,4.795790545596741,1.6094379124341003,480.0,360.0,31775387.323943663,0,120.0,0.8910891089108911,Şişli_4,33970073.52941176
Beşiktaş,110,3.0,1.0,50000000.0,1.0,11.0,15,Doğalgaz,Chatbot,1.0,8,35.483870967741936,0,4.709530201312334,1.3862943611198906,330.0,110.0,29936740.139211137,0,110.0,0.728476821192053,Beşiktaş_3,27756909.722222224
Ataşehir,90,2.0,4.0,32000000.0,1.0,5.0,10,Doğalgaz,Chatbot,1.0,1,42.857142857142854,0,4.51085950651685,1.0986122886681098,180.0,360.0,20692056.074766356,0,90.0,0.49504950495049505,Ataşehir_2,18061111.111111112
Ümraniye,95,3.0,20.0,25000000.0,1.0,6.0,10,Merkezi,Chatbot,0.5,19,30.64516129032258,2,4.564348191467836,1.3862943611198906,285.0,1900.0,15131140.350877194,0,95.0,0.594059405940594,Ümraniye_3,17257142.85714286
Üsküdar,120,4.0,5.0,40000000.0,1.0,8.0,14,Doğalgaz,Chatbot,1.0,20,29.26829268292683,0,4.795790545596741,1.6094379124341003,480.0,600.0,22489044.943820223,0,120.0,0.5673758865248227,Üsküdar_4,26995000.0
Kadıköy,105,3.0,0.0,30000000.0,1.0,7.0,10,Doğalgaz,Chatbot,1.0,10,33.87096774193548,0,4.663439094112067,1.3862943611198906,315.0,0.0,12712120.921305181,0,105.0,0.6930693069306931,Kadıköy_3,16696702.898550725
Şişli,140,4.0,2.0,52000000.0,1.0,6.0,9,Doğalgaz,Chatbot,1.0,21,34.146341463414636,0,4.948759890378168,1.6094379124341003,560.0,280.0,31775387.323943663,0,140.0,0.6593406593406593,Şişli_4,33970073.52941176
Beşiktaş,130,3.0,1.0,49000000.0,1.0,8.0,10,Doğalgaz,Chatbot,1.0,8,41.935483870967744,0,4.875197323201151,1.3862943611198906,390.0,130.0,29936740.139211137,0,130.0,0.7920792079207921,Beşiktaş_3,27756909.722222224
Ataşehir,115,3.0,1.0,35000000.0,1.0,4.0,11,Doğalgaz,Chatbot,1.0,1,37.096774193548384,0,4.7535901911063645,1.3862943611198906,345.0,115.0,20692056.074766356,0,115.0,0.3603603603603604,Ataşehir_3,18804561.40350877
Ümraniye,100,2.0,15.0,22500000.0,1.0,3.0,10,Merkezi,Chatbot,0.5,19,47.61904761904762,2,4.61512051684126,1.0986122886681098,200.0,1500.0,15131140.350877194,0,100.0,0.297029702970297,Ümraniye_2,12664166.666666666
Üsküdar,95,3.0,6.0,26000000.0,1.0,5.0,12,Doğalgaz,Chatbot,1.0,20,30.64516129032258,1,4.564348191467836,1.3862943611198906,285.0,570.0,22489044.943820223,0,95.0,0.4132231404958678,Üsküdar_3,21597820.512820512
Kadıköy,110,3.0,20.0,31000000.0,1.0,7.0,8,Doğalgaz,Chatbot,1.0,10,35.483870967741936,2,4.709530201312334,1.3862943611198906,330.0,2200.0,12712120.921305181,0,110.0,0.8641975308641976,Kadıköy_3,16696702.898550725
Şişli,150,5.0,3.0,53000000.0,1.0,9.0,14,Doğalgaz,Chatbot,1.0,21,29.411764705882355,0,5.017279836814924,1.791759469228055,750.0,450.0,31775387.323943663,0,150.0,0.6382978723404256,Şişli_5,49541666.666666664
Beşiktaş,140,4.0,0.0,47000000.0,1.0,5.0,10,Doğalgaz,Chatbot,1.0,8,34.146341463414636,0,4.948759890378168,1.6094379124341003,560.0,0.0,29936740.139211137,0,140.0,0.49504950495049505,Beşiktaş_4,27622500.0
Ataşehir,125,3.0,4.0,40000000.0,1.0,7.0,15,Doğalgaz,Chatbot,1.0,1,40.32258064516129,0,4.836281906951478,1.3862943611198906,375.0,500.0,20692056.074766356,0,125.0,0.4635761589403974,Ataşehir_3,18804561.40350877
Ümraniye,115,3.0,1.0,22000000.0,1.0,6.0,14,Merkezi,Chatbot,0.5,19,37.096774193548384,0,4.7535901911063645,1.3862943611198906,345.0,115.0,15131140.350877194,0,115.0,0.425531914893617,Ümraniye_3,17257142.85714286
Üsküdar,100,2.0,2.0,27000000.0,1.0,4.0,13,Doğalgaz,Chatbot,1.0,20,47.61904761904762,0,4.61512051684126,1.0986122886681098,200.0,200.0,22489044.943820223,0,100.0,0.3053435114503817,Üsküdar_2,18625000.0
Kadıköy,130,4.0,3.0,51000000.0,1.0,9.0,12,Doğalgaz,Chatbot,1.0,10,31.707317073170735,0,4.875197323201151,1.6094379124341003,520.0,390.0,12712120.921305181,0,130.0,0.7438016528925621,Kadıköy_4,10351004.016064256
Şişli,150,5.0,1.0,62500000.0,1.0,4.0,8,Doğalgaz,Chatbot,1.0,21,29.411764705882355,0,5.017279836814924,1.791759469228055,750.0,150.0,31775387.323943663,0,150.0,0.4938271604938272,Şişli_5,49541666.666666664
Beşiktaş,135,4.0,2.0,49000000.0,1.0,10.0,11,Doğalgaz,Chatbot,1.0,8,32.926829268292686,0,4.912654885736052,1.6094379124341003,540.0,270.0,29936740.139211137,0,135.0,0.9009009009009009,Beşiktaş_4,27622500.0
Ataşehir,120,3.0,2.0,36000000.0,1.0,5.0,10,Doğalgaz,Chatbot,1.0,1,38.70967741935484,0,4.795790545596741,1.3862943611198906,360.0,240.0,20692056.074766356,0,120.0,0.49504950495049505,Ataşehir_3,18804561.40350877
Ümraniye,95,2.0,25.0,24000000.0,1.0,3.0,9,Merkezi,Chatbot,0.5,19,45.238095238095234,3,4.564348191467836,1.0986122886681098,190.0,2375.0,15131140.350877194,0,95.0,0.32967032967032966,Ümraniye_2,12664166.666666666
Üsküdar,125,3.0,4.0,30000000.0,1.0,8.0,12,Doğalgaz,Chatbot,1.0,20,40.32258064516129,0,4.836281906951478,1.3862943611198906,375.0,500.0,22489044.943820223,0,125.0,0.6611570247933884,Üsküdar_3,21597820.512820512
Kadıköy,140,4.0,5.0,55000000.0,1.0,8.0,10,Doğalgaz,Chatbot,1.0,10,34.146341463414636,0,4.948759890378168,1.6094379124341003,560.0,700.0,12712120.921305181,0,140.0,0.7920792079207921,Kadıköy_4,10351004.016064256
Şişli,160,5.0,2.0,60000000.0,1.0,9.0,12,Doğalgaz,Chatbot,1.0,21,31.372549019607845,0,5.081404364984463,1.791759469228055,800.0,320.0,31775387.323943663,0,160.0,0.7438016528925621,Şişli_5,49541666.666666664
Beşiktaş,150,4.0,2.0,58000000.0,1.0,3.0,8,Doğalgaz,Chatbot,1.0,8,36.58536585365854,0,5.017279836814924,1.6094379124341003,600.0,300.0,29936740.139211137,0,150.0,0.3703703703703704,Beşiktaş_4,27622500.0
Ataşehir,100,2.0,3.0,32000000.0,1.0,7.0,15,Doğalgaz,Chatbot,1.0,1,47.61904761904762,0,4.61512051684126,1.0986122886681098,200.0,300.0,20692056.074766356,0,100.0,0.4635761589403974,Ataşehir_2,18061111.111111112
Ümraniye,110,3.0,0.0,26000000.0,1.0,4.0,10,Merkezi,Chatbot,0.5,19,35.483870967741936,0,4.709530201312334,1.3862943611198906,330.0,0.0,15131140.350877194,0,110.0,0.39603960396039606,Ümraniye_3,17257142.85714286
Üsküdar,95,2.0,1.0,21000000.0,1.0,5.0,11,Doğalgaz,Chatbot,1.0,20,45.238095238095234,0,4.564348191467836,1.0986122886681098,190.0,95.0,22489044.943820223,0,95.0,0.45045045045045046,Üsküdar_2,18625000.0
Kadıköy,130,4.0,3.0,52000000.0,1.0,8.0,12,Doğalgaz,Chatbot,1.0,10,31.707317073170735,0,4.875197323201151,1.6094379124341003,520.0,390.0,12712120.921305181,0,130.0,0.6611570247933884,Kadıköy_4,10351004.016064256
Şişli,145,4.0,5.0,55000000.0,1.0,6.0,10,Doğalgaz,Chatbot,1.0,21,35.36585365853659,0,4.983606621708336,1.6094379124341003,580.0,725.0,31775387.323943663,0,145.0,0.594059405940594,Şişli_4,33970073.52941176
Beşiktaş,120,3.0,1.0,47000000.0,1.0,7.0,14,Doğalgaz,Chatbot,1.0,8,38.70967741935484,0,4.795790545596741,1.3862943611198906,360.0,120.0,29936740.139211137,0,120.0,0.49645390070921985,Beşiktaş_3,27756909.722222224
Ataşehir,140,4.0,2.0,37000000.0,1.0,5.0,10,Doğalgaz,Chatbot,1.0,1,34.146341463414636,0,4.948759890378168,1.6094379124341003,560.0,280.0,20692056.074766356,0,140.0,0.49504950495049505,Ataşehir_4,29893125.0
Ümraniye,105,3.0,1.0,23000000.0,1.0,4.0,11,Merkezi,Chatbot,0.5,19,33.87096774193548,0,4.663439094112067,1.3862943611198906,315.0,105.0,15131140.350877194,0,105.0,0.3603603603603604,Ümraniye_3,17257142.85714286
Üsküdar,80,2.0,1.0,20000000.0,1.0,5.0,12,Doğalgaz,Chatbot,1.0,20,38.095238095238095,0,4.394449154672439,1.0986122886681098,160.0,80.0,22489044.943820223,0,80.0,0.4132231404958678,Üsküdar_2,18625000.0
Kadıköy,120,4.0,35.0,70000000.0,1.0,9.0,8,Doğalgaz,Chatbot,1.0,10,29.26829268292683,3,4.795790545596741,1.6094379124341003,480.0,4200.0,12712120.921305181,0,120.0,1.0,Kadıköy_4,10351004.016064256
Şişli,135,3.0,25.0,48000000.0,1.0,5.0,10,Doğalgaz,Chatbot,1.0,21,43.54838709677419,3,4.912654885736052,1.3862943611198906,405.0,3375.0,31775387.323943663,0,135.0,0.49504950495049505,Şişli_3,26607954.545454547
Beşiktaş,150,5.0,4.0,59000000.0,1.0,8.0,15,Doğalgaz,Chatbot,1.0,8,29.411764705882355,0,5.017279836814924,1.791759469228055,750.0,600.0,29936740.139211137,0,150.0,0.5298013245033113,Beşiktaş_5,38385762.711864404
Ataşehir,110,3.0,1.0,34000000.0,1.0,6.0,10,Doğalgaz,Chatbot,1.0,1,35.483870967741936,0,4.709530201312334,1.3862943611198906,330.0,110.0,20692056.074766356,0,110.0,0.594059405940594,Ataşehir_3,18804561.40350877
Ümraniye,90,2.0,22.0,22000000.0,1.0,4.0,9,Merkezi,Chatbot,0.5,19,42.857142857142854,3,4.51085950651685,1.0986122886681098,180.0,1980.0,15131140.350877194,0,90.0,0.43956043956043955,Ümraniye_2,12664166.666666666
Üsküdar,130,4.0,3.0,32000000.0,1.0,3.0,10,Doğalgaz,Chatbot,1.0,20,31.707317073170735,0,4.875197323201151,1.6094379124341003,520.0,390.0,22489044.943820223,0,130.0,0.297029702970297,Üsküdar_4,26995000.0
Kadıköy,125,4.0,3.0,43000000.0,1.0,6.0,12,Doğalgaz,Chatbot,1.0,10,30.487804878048784,0,4.836281906951478,1.6094379124341003,500.0,375.0,12712120.921305181,0,125.0,0.49586776859504134,Kadıköy_4,10351004.016064256
Şişli,145,4.0,2.0,51000000.0,1.0,11.0,15,Doğalgaz,Chatbot,1.0,21,35.36585365853659,0,4.983606621708336,1.6094379124341003,580.0,290.0,31775387.323943663,0,145.0,0.728476821192053,Şişli_4,33970073.52941176
Beşiktaş,90,2.0,10.0,36000000.0,1.0,5.0,7,Doğalgaz,Chatbot,1.0,8,42.857142857142854,1,4.51085950651685,1.0986122886681098,180.0,900.0,29936740.139211137,0,90.0,0.7042253521126761,Beşiktaş_2,14200681.818181818
Ataşehir,110,3.0,4.0,30000000.0,1.0,8.0,13,Doğalgaz,Chatbot,1.0,1,35.483870967741936,0,4.709530201312334,1.3862943611198906,330.0,440.0,20692056.074766356,0,110.0,0.6106870229007634,Ataşehir_3,18804561.40350877
Ümraniye,100,2.0,3.0,21000000.0,1.0,4.0,12,Merkezi,Chatbot,0.5,19,47.61904761904762,0,4.61512051684126,1.0986122886681098,200.0,300.0,15131140.350877194,0,100.0,0.3305785123966942,Ümraniye_2,12664166.666666666
Üsküdar,90,2.0,20.0,23000000.0,1.0,3.0,10,Doğalgaz,Chatbot,1.0,20,42.857142857142854,2,4.51085950651685,1.0986122886681098,180.0,1800.0,22489044.943820223,0,90.0,0.297029702970297,Üsküdar_2,18625000.0
Kadıköy,120,3.0,1.0,34000000.0,1.0,5.0,11,Doğalgaz,Chatbot,1.0,10,38.70967741935484,0,4.795790545596741,1.3862943611198906,360.0,120.0,12712120.921305181,0,120.0,0.45045045045045046,Kadıköy_3,16696702.898550725
Şişli,150,4.0,2.0,52000000.0,1.0,8.0,14,Doğalgaz,Chatbot,1.0,21,36.58536585365854,0,5.017279836814924,1.6094379124341003,600.0,300.0,31775387.323943663,0,150.0,0.5673758865248227,Şişli_4,33970073.52941176
Beşiktaş,135,4.0,2.0,56000000.0,1.0,9.0,15,Doğalgaz,Chatbot,1.0,8,32.926829268292686,0,4.912654885736052,1.6094379124341003,540.0,270.0,29936740.139211137,0,135.0,0.5960264900662252,Beşiktaş_4,27622500.0
Ataşehir,140,4.0,0.0,37000000.0,1.0,6.0,10,Doğalgaz,Chatbot,1.0,1,34.146341463414636,0,4.948759890378168,1.6094379124341003,560.0,0.0,20692056.074766356,0,140.0,0.594059405940594,Ataşehir_4,29893125.0
Ümraniye,100,3.0,8.0,25000000.0,1.0,3.0,9,Merkezi,Chatbot,0.5,19,32.25806451612903,1,4.61512051684126,1.3862943611198906,300.0,800.0,15131140.350877194,0,100.0,0.32967032967032966,Ümraniye_3,17257142.85714286
Üsküdar,120,3.0,6.0,29000000.0,1.0,4.0,12,Doğalgaz,Chatbot,1.0,20,38.70967741935484,1,4.795790545596741,1.3862943611198906,360.0,720.0,22489044.943820223,0,120.0,0.3305785123966942,Üsküdar_3,21597820.512820512
Kadıköy,100,2.0,0.0,32000000.0,1.0,5.0,10,Doğalgaz,Chatbot,1.0,10,47.61904761904762,0,4.61512051684126,1.0986122886681098,200.0,0.0,12712120.921305181,0,100.0,0.49504950495049505,Kadıköy_2,17476521.739130434
Şişli,130,4.0,3.0,42000000.0,1.0,7.0,11,Doğalgaz,Chatbot,1.0,21,31.707317073170735,0,4.875197323201151,1.6094379124341003,520.0,390.0,31775387.323943663,0,130.0,0.6306306306306306,Şişli_4,33970073.52941176
Beşiktaş,80,2.0,15.0,35000000.0,1.0,5.0,10,Merkezi,Chatbot,0.5,8,38.095238095238095,2,4.394449154672439,1.0986122886681098,160.0,1200.0,29936740.139211137,0,80.0,0.49504950495049505,Beşiktaş_2,14200681.818181818
Ataşehir,110,3.0,15.0,29000000.0,1.0,3.0,8,Doğalgaz,Chatbot,1.0,1,35.483870967741936,2,4.709530201312334,1.3862943611198906,330.0,1650.0,20692056.074766356,0,110.0,0.3703703703703704,Ataşehir_3,18804561.40350877
Ümraniye,90,2.0,12.0,23000000.0,1.0,4.0,9,Doğalgaz,Chatbot,1.0,19,42.857142857142854,2,4.51085950651685,1.0986122886681098,180.0,1080.0,15131140.350877194,0,90.0,0.43956043956043955,Ümraniye_2,12664166.666666666
Üsküdar,95,3.0,5.0,33000000.0,1.0,7.0,15,Doğalgaz,Chatbot,1.0,20,30.64516129032258,0,4.564348191467836,1.3862943611198906,285.0,475.0,22489044.943820223,0,95.0,0.4635761589403974,Üsküdar_3,21597820.512820512
Kadıköy,125,4.0,4.0,49000000.0,1.0,6.0,10,Doğalgaz,Chatbot,1.0,10,30.487804878048784,0,4.836281906951478,1.6094379124341003,500.0,500.0,12712120.921305181,0,125.0,0.594059405940594,Kadıköy_4,10351004.016064256
Şişli,150,4.0,1.0,55000000.0,1.0,8.0,14,Doğalgaz,Chatbot,1.0,21,36.58536585365854,0,5.017279836814924,1.6094379124341003,600.0,150.0,31775387.323943663,0,150.0,0.5673758865248227,Şişli_4,33970073.52941176
Beşiktaş,120,4.0,20.0,45000000.0,1.0,3.0,5,Doğalgaz,Chatbot,1.0,8,29.26829268292683,2,4.795790545596741,1.6094379124341003,480.0,2400.0,29936740.139211137,0,120.0,0.5882352941176471,Beşiktaş_4,27622500.0
Ataşehir,140,4.0,2.0,39000000.0,1.0,7.0,11,Doğalgaz,Chatbot,1.0,1,34.146341463414636,0,4.948759890378168,1.6094379124341003,560.0,280.0,20692056.074766356,0,140.0,0.6306306306306306,Ataşehir_4,29893125.0
Ümraniye,110,3.0,15.0,25000000.0,1.0,3.0,9,Merkezi,Chatbot,0.5,19,35.483870967741936,2,4.709530201312334,1.3862943611198906,330.0,1650.0,15131140.350877194,0,110.0,0.32967032967032966,Ümraniye_3,17257142.85714286
Üsküdar,130,4.0,5.0,35000000.0,1.0,6.0,12,Doğalgaz,Chatbot,1.0,20,31.707317073170735,0,4.875197323201151,1.6094379124341003,520.0,650.0,22489044.943820223,0,130.0,0.49586776859504134,Üsküdar_4,26995000.0
Kadıköy,100,2.0,2.0,31000000.0,1.0,3.0,10,Doğalgaz,Chatbot,1.0,10,47.61904761904762,0,4.61512051684126,1.0986122886681098,200.0,200.0,12712120.921305181,0,100.0,0.297029702970297,Kadıköy_2,17476521.739130434
Şişli,135,4.0,3.0,53000000.0,1.0,9.0,15,Doğalgaz,Chatbot,1.0,21,32.926829268292686,0,4.912654885736052,1.6094379124341003,540.0,405.0,31775387.323943663,0,135.0,0.5960264900662252,Şişli_4,33970073.52941176
Beşiktaş,150,5.0,4.0,60000000.0,1.0,6.0,10,Doğalgaz,Chatbot,1.0,8,29.411764705882355,0,5.017279836814924,1.791759469228055,750.0,600.0,29936740.139211137,0,150.0,0.594059405940594,Beşiktaş_5,38385762.711864404
Ataşehir,130,3.0,10.0,36000000.0,1.0,4.0,8,Doğalgaz,Chatbot,1.0,1,41.935483870967744,1,4.875197323201151,1.3862943611198906,390.0,1300.0,20692056.074766356,0,130.0,0.4938271604938272,Ataşehir_3,18804561.40350877
Ümraniye,90,2.0,20.0,22000000.0,1.0,5.0,10,Merkezi,Chatbot,0.5,19,42.857142857142854,2,4.51085950651685,1.0986122886681098,180.0,1800.0,15131140.350877194,0,90.0,0.49504950495049505,Ümraniye_2,12664166.666666666
Üsküdar,95,3.0,1.0,24000000.0,1.0,3.0,12,Doğalgaz,Chatbot,1.0,20,30.64516129032258,0,4.564348191467836,1.3862943611198906,285.0,95.0,22489044.943820223,0,95.0,0.24793388429752067,Üsküdar_3,21597820.512820512
Kadıköy,110,3.0,35.0,60000000.0,1.0,8.0,11,Doğalgaz,Chatbot,1.0,10,35.483870967741936,3,4.709530201312334,1.3862943611198906,330.0,3850.0,12712120.921305181,0,110.0,0.7207207207207208,Kadıköy_3,16696702.898550725
Şişli,140,4.0,3.0,50000000.0,1.0,5.0,10,Doğalgaz,Chatbot,1.0,21,34.146341463414636,0,4.948759890378168,1.6094379124341003,560.0,420.0,31775387.323943663,0,140.0,0.49504950495049505,Şişli_4,33970073.52941176
Beşiktaş,120,4.0,2.0,47000000.0,1.0,6.0,14,Doğalgaz,Chatbot,1.0,8,29.26829268292683,0,4.795790545596741,1.6094379124341003,480.0,240.0,29936740.139211137,0,120.0,0.425531914893617,Beşiktaş_4,27622500.0
Ataşehir,135,4.0,0.0,37000000.0,1.0,5.0,10,Doğalgaz,Chatbot,1.0,1,32.926829268292686,0,4.912654885736052,1.6094379124341003,540.0,0.0,20692056.074766356,0,135.0,0.49504950495049505,Ataşehir_4,29893125.0
Ümraniye,100,3.0,8.0,23000000.0,1.0,3.0,9,Merkezi,Chatbot,0.5,19,32.25806451612903,1,4.61512051684126,1.3862943611198906,300.0,800.0,15131140.350877194,0,100.0,0.32967032967032966,Ümraniye_3,17257142.85714286
Üsküdar,90,2.0,4.0,21000000.0,1.0,4.0,11,Doğalgaz,Chatbot,1.0,20,42.857142857142854,0,4.51085950651685,1.0986122886681098,180.0,360.0,22489044.943820223,0,90.0,0.3603603603603604,Üsküdar_2,18625000.0
Kadıköy,125,4.0,3.0,45000000.0,1.0,6.0,12,Doğalgaz,Chatbot,1.0,10,30.487804878048784,0,4.836281906951478,1.6094379124341003,500.0,375.0,12712120.921305181,0,125.0,0.49586776859504134,Kadıköy_4,10351004.016064256
Şişli,150,5.0,5.0,60000000.0,1.0,5.0,10,Doğalgaz,Chatbot,1.0,21,29.411764705882355,0,5.017279836814924,1.791759469228055,750.0,750.0,31775387.323943663,0,150.0,0.49504950495049505,Şişli_5,49541666.666666664
Beşiktaş,140,4.0,2.0,48000000.0,1.0,7.0,11,Doğalgaz,Chatbot,1.0,8,34.146341463414636,0,4.948759890378168,1.6094379124341003,560.0,280.0,29936740.139211137,0,140.0,0.6306306306306306,Beşiktaş_4,27622500.0
Ataşehir,120,3.0,2.0,32000000.0,1.0,8.0,14,Doğalgaz,Chatbot,1.0,1,38.70967741935484,0,4.795790545596741,1.3862943611198906,360.0,240.0,20692056.074766356,0,120.0,0.5673758865248227,Ataşehir_3,18804561.40350877
Ümraniye,110,3.0,20.0,24000000.0,1.0,3.0,9,Merkezi,Chatbot,0.5,19,35.483870967741936,2,4.709530201312334,1.3862943611198906,330.0,2200.0,15131140.350877194,0,110.0,0.32967032967032966,Ümraniye_3,17257142.85714286
Üsküdar,95,2.0,0.0,22000000.0,1.0,5.0,10,Doğalgaz,Chatbot,1.0,20,45.238095238095234,0,4.564348191467836,1.0986122886681098,190.0,0.0,22489044.943820223,0,95.0,0.49504950495049505,Üsküdar_2,18625000.0
Kadıköy,130,4.0,35.0,70000000.0,1.0,9.0,8,Doğalgaz,Chatbot,1.0,10,31.707317073170735,3,4.875197323201151,1.6094379124341003,520.0,4550.0,12712120.921305181,0,130.0,1.0,Kadıköy_4,10351004.016064256
Şişli,145,4.0,1.0,58000000.0,1.0,5.0,12,Doğalgaz,Chatbot,1.0,21,35.36585365853659,0,4.983606621708336,1.6094379124341003,580.0,145.0,31775387.323943663,0,145.0,0.4132231404958678,Şişli_4,33970073.52941176
Beşiktaş,150,5.0,4.0,59000000.0,1.0,8.0,11,Doğalgaz,Chatbot,1.0,8,29.411764705882355,0,5.017279836814924,1.791759469228055,750.0,600.0,29936740.139211137,0,150.0,0.7207207207207208,Beşiktaş_5,38385762.711864404
Ataşehir,100,2.0,3.0,30000000.0,1.0,4.0,15,Doğalgaz,Chatbot,1.0,1,47.61904761904762,0,4.61512051684126,1.0986122886681098,200.0,300.0,20692056.074766356,0,100.0,0.26490066225165565,Ataşehir_2,18061111.111111112
Ümraniye,90,2.0,12.0,23000000.0,1.0,5.0,10,Merkezi,Chatbot,0.5,19,42.857142857142854,2,4.51085950651685,1.0986122886681098,180.0,1080.0,15131140.350877194,0,90.0,0.49504950495049505,Ümraniye_2,12664166.666666666
Üsküdar,130,4.0,5.0,35000000.0,1.0,3.0,10,Doğalgaz,Chatbot,1.0,20,31.707317073170735,0,4.875197323201151,1.6094379124341003,520.0,650.0,22489044.943820223,0,130.0,0.297029702970297,Üsküdar_4,26995000.0
Kadıköy,120,3.0,4.0,27000000.0,1.0,8.0,12,Doğalgaz,Chatbot,1.0,10,38.70967741935484,0,4.795790545596741,1.3862943611198906,360.0,480.0,12712120.921305181,0,120.0,0.6611570247933884,Kadıköy_3,16696702.898550725
Şişli,150,5.0,3.0,64000000.0,1.0,7.0,14,Doğalgaz,Chatbot,1.0,21,29.411764705882355,0,5.017279836814924,1.791759469228055,750.0,450.0,31775387.323943663,0,150.0,0.49645390070921985,Şişli_5,49541666.666666664
Beşiktaş,110,3.0,1.0,50000000.0,1.0,9.0,15,Doğalgaz,Chatbot,1.0,8,35.483870967741936,0,4.709530201312334,1.3862943611198906,330.0,110.0,29936740.139211137,0,110.0,0.5960264900662252,Beşiktaş_3,27756909.722222224
Ataşehir,140,4.0,0.0,39000000.0,1.0,5.0,10,Doğalgaz,Chatbot,1.0,1,34.146341463414636,0,4.948759890378168,1.6094379124341003,560.0,0.0,20692056.074766356,0,140.0,0.49504950495049505,Ataşehir_4,29893125.0
Ümraniye,100,2.0,22.0,22000000.0,1.0,4.0,9,Merkezi,Chatbot,0.5,19,47.61904761904762,3,4.61512051684126,1.0986122886681098,200.0,2200.0,15131140.350877194,0,100.0,0.43956043956043955,Ümraniye_2,12664166.666666666
Üsküdar,95,3.0,1.0,24000000.0,1.0,4.0,11,Doğalgaz,Chatbot,1.0,20,30.64516129032258,0,4.564348191467836,1.3862943611198906,285.0,95.0,22489044.943820223,0,95.0,0.3603603603603604,Üsküdar_3,21597820.512820512
Kadıköy,125,4.0,0.0,30000000.0,1.0,6.0,15,Doğalgaz,Chatbot,1.0,10,30.487804878048784,0,4.836281906951478,1.6094379124341003,500.0,0.0,12712120.921305181,0,125.0,0.3973509933774835,Kadıköy_4,10351004.016064256
Şişli,130,4.0,4.0,42000000.0,1.0,5.0,10,Doğalgaz,Chatbot,1.0,21,31.707317073170735,0,4.875197323201151,1.6094379124341003,520.0,520.0,31775387.323943663,0,130.0,0.49504950495049505,Şişli_4,33970073.52941176
Beşiktaş,150,5.0,2.0,60000000.0,1.0,3.0,8,Doğalgaz,Chatbot,1.0,8,29.411764705882355,0,5.017279836814924,1.791759469228055,750.0,300.0,29936740.139211137,0,150.0,0.3703703703703704,Beşiktaş_5,38385762.711864404
Ataşehir,100,2.0,1.0,32000000.0,1.0,4.0,10,Doğalgaz,Chatbot,1.0,1,47.61904761904762,0,4.61512051684126,1.0986122886681098,200.0,100.0,20692056.074766356,0,100.0,0.39603960396039606,Ataşehir_2,18061111.111111112
Beşiktaş,100,3.0,2.0,32000000.0,1.0,4.0,10,Doğalgaz,Chatbot,1.0,8,32.25806451612903,0,4.61512051684126,1.3862943611198906,300.0,200.0,29936740.139211137,0,100.0,0.39603960396039606,Beşiktaş_3,27756909.722222224
Şişli,120,4.0,1.0,30000000.0,1.0,6.0,10,Doğalgaz,Chatbot,1.0,21,29.26829268292683,0,4.795790545596741,1.6094379124341003,480.0,120.0,31775387.323943663,0,120.0,0.594059405940594,Şişli_4,33970073.52941176
Kadıköy,90,2.0,3.0,19800000.0,1.0,5.0,8,Doğalgaz,Chatbot,1.0,10,42.857142857142854,0,4.51085950651685,1.0986122886681098,180.0,270.0,12712120.921305181,0,90.0,0.617283950617284,Kadıköy_2,17476521.739130434
Ümraniye,110,3.0,25.0,11500000.0,1.0,4.0,9,Doğalgaz,Chatbot,1.0,19,35.483870967741936,3,4.709530201312334,1.3862943611198906,330.0,2750.0,15131140.350877194,0,110.0,0.43956043956043955,Ümraniye_3,17257142.85714286
Ataşehir,115,3.0,10.0,10450000.0,1.0,8.0,11,Doğalgaz,Chatbot,1.0,1,37.096774193548384,1,4.7535901911063645,1.3862943611198906,345.0,1150.0,20692056.074766356,0,115.0,0.7207207207207208,Ataşehir_3,18804561.40350877
Esenyurt,80,2.0,5.0,4400000.0,1.0,3.0,10,Doğalgaz,Chatbot,1.0,9,38.095238095238095,0,4.394449154672439,1.0986122886681098,160.0,400.0,3380119.581602374,0,80.0,0.297029702970297,Esenyurt_2,6067140.1869158875
Beşiktaş,110,3.0,1.0,33500000.0,1.0,5.0,12,Doğalgaz,Chatbot,1.0,8,35.483870967741936,0,4.709530201312334,1.3862943611198906,330.0,110.0,29936740.139211137,0,110.0,0.4132231404958678,Beşiktaş_3,27756909.722222224
Şişli,130,4.0,0.0,28600000.0,1.0,4.0,11,Doğalgaz,Chatbot,1.0,21,31.707317073170735,0,4.875197323201151,1.6094379124341003,520.0,0.0,31775387.323943663,0,130.0,0.3603603603603604,Şişli_4,33970073.52941176
Kadıköy,85,2.0,8.0,15300000.0,1.0,2.0,9,Doğalgaz,Chatbot,1.0,10,40.476190476190474,1,4.454347296253507,1.0986122886681098,170.0,680.0,12712120.921305181,0,85.0,0.21978021978021978,Kadıköy_2,17476521.739130434
Ümraniye,90,2.0,20.0,10500000.0,1.0,5.0,7,Doğalgaz,Chatbot,1.0,19,42.857142857142854,2,4.51085950651685,1.0986122886681098,180.0,1800.0,15131140.350877194,0,90.0,0.7042253521126761,Ümraniye_2,12664166.666666666
Ataşehir,100,3.0,3.0,8500000.0,1.0,6.0,10,Doğalgaz,Chatbot,1.0,1,32.25806451612903,0,4.61512051684126,1.3862943611198906,300.0,300.0,20692056.074766356,0,100.0,0.594059405940594,Ataşehir_3,18804561.40350877
Esenyurt,70,2.0,1.0,3850000.0,1.0,4.0,9,Doğalgaz,Chatbot,1.0,9,33.33333333333333,0,4.2626798770413155,1.0986122886681098,140.0,70.0,3380119.581602374,0,70.0,0.43956043956043955,Esenyurt_2,6067140.1869158875
Beşiktaş,95,3.0,2.0,32000000.0,1.0,8.0,11,Doğalgaz,Chatbot,1.0,8,30.64516129032258,0,4.564348191467836,1.3862943611198906,285.0,190.0,29936740.139211137,0,95.0,0.7207207207207208,Beşiktaş_3,27756909.722222224
Şişli,115,4.0,2.0,26450000.0,1.0,7.0,10,Doğalgaz,Chatbot,1.0,21,28.04878048780488,0,4.7535901911063645,1.6094379124341003,460.0,230.0,31775387.323943663,0,115.0,0.6930693069306931,Şişli_4,33970073.52941176
Kadıköy,100,3.0,5.0,19500000.0,1.0,3.0,8,Doğalgaz,Chatbot,1.0,10,32.25806451612903,0,4.61512051684126,1.3862943611198906,300.0,500.0,12712120.921305181,0,100.0,0.3703703703703704,Kadıköy_3,16696702.898550725
Ümraniye,80,2.0,15.0,10000000.0,1.0,4.0,10,Doğalgaz,Chatbot,1.0,19,38.095238095238095,2,4.394449154672439,1.0986122886681098,160.0,1200.0,15131140.350877194,0,80.0,0.39603960396039606,Ümraniye_2,12664166.666666666
Ataşehir,120,3.0,1.0,11500000.0,1.0,5.0,12,Doğalgaz,Chatbot,1.0,1,38.70967741935484,0,4.795790545596741,1.3862943611198906,360.0,120.0,20692056.074766356,0,120.0,0.4132231404958678,Ataşehir_3,18804561.40350877
Esenyurt,90,2.0,4.0,4950000.0,1.0,3.0,11,Doğalgaz,Chatbot,1.0,9,42.857142857142854,0,4.51085950651685,1.0986122886681098,180.0,360.0,3380119.581602374,0,90.0,0.2702702702702703,Esenyurt_2,6067140.1869158875
Beşiktaş,125,4.0,3.0,34000000.0,1.0,6.0,10,Doğalgaz,Chatbot,1.0,8,30.487804878048784,0,4.836281906951478,1.6094379124341003,500.0,375.0,29936740.139211137,0,125.0,0.594059405940594,Beşiktaş_4,27622500.0
Şişli,140,4.0,2.0,29900000.0,1.0,7.0,10,Doğalgaz,Chatbot,1.0,21,34.146341463414636,0,4.948759890378168,1.6094379124341003,560.0,280.0,31775387.323943663,0,140.0,0.6930693069306931,Şişli_4,33970073.52941176
Kadıköy,110,3.0,0.0,19700000.0,1.0,4.0,9,Doğalgaz,Chatbot,1.0,10,35.483870967741936,0,4.709530201312334,1.3862943611198906,330.0,0.0,12712120.921305181,0,110.0,0.43956043956043955,Kadıköy_3,16696702.898550725
Ümraniye,95,2.0,1.0,8500000.0,1.0,5.0,10,Doğalgaz,Chatbot,1.0,19,45.238095238095234,0,4.564348191467836,1.0986122886681098,190.0,95.0,15131140.350877194,0,95.0,0.49504950495049505,Ümraniye_2,12664166.666666666
Ataşehir,130,4.0,2.0,12050000.0,1.0,4.0,10,Doğalgaz,Chatbot,1.0,1,31.707317073170735,0,4.875197323201151,1.6094379124341003,520.0,260.0,20692056.074766356,0,130.0,0.39603960396039606,Ataşehir_4,29893125.0
Esenyurt,75,2.0,3.0,4200000.0,1.0,3.0,10,Doğalgaz,Chatbot,1.0,9,35.714285714285715,0,4.330733340286331,1.0986122886681098,150.0,225.0,3380119.581602374,0,75.0,0.297029702970297,Esenyurt_2,6067140.1869158875
Beşiktaş,140,4.0,4.0,33000000.0,1.0,5.0,11,Doğalgaz,Chatbot,1.0,8,34.146341463414636,0,4.948759890378168,1.6094379124341003,560.0,560.0,29936740.139211137,0,140.0,0.45045045045045046,Beşiktaş_4,27622500.0
Şişli,130,4.0,1.0,27000000.0,1.0,8.0,12,Doğalgaz,Chatbot,1.0,21,31.707317073170735,0,4.875197323201151,1.6094379124341003,520.0,130.0,31775387.323943663,0,130.0,0.6611570247933884,Şişli_4,33970073.52941176
Kadıköy,95,3.0,6.0,18500000.0,1.0,3.0,8,Doğalgaz,Chatbot,1.0,10,30.64516129032258,1,4.564348191467836,1.3862943611198906,285.0,570.0,12712120.921305181,0,95.0,0.3703703703703704,Kadıköy_3,16696702.898550725
Ümraniye,85,2.0,20.0,9500000.0,1.0,4.0,9,Doğalgaz,Chatbot,1.0,19,40.476190476190474,2,4.454347296253507,1.0986122886681098,170.0,1700.0,15131140.350877194,0,85.0,0.43956043956043955,Ümraniye_2,12664166.666666666
Ataşehir,120,3.0,5.0,11000000.0,1.0,6.0,10,Doğalgaz,Chatbot,1.0,1,38.70967741935484,0,4.795790545596741,1.3862943611198906,360.0,600.0,20692056.074766356,0,120.0,0.594059405940594,Ataşehir_3,18804561.40350877
Esenyurt,80,2.0,1.0,4700000.0,1.0,5.0,9,Doğalgaz,Chatbot,1.0,9,38.095238095238095,0,4.394449154672439,1.0986122886681098,160.0,80.0,3380119.581602374,0,80.0,0.5494505494505495,Esenyurt_2,6067140.1869158875
Beşiktaş,150,5.0,3.0,34000000.0,1.0,7.0,10,Doğalgaz,Chatbot,1.0,8,29.411764705882355,0,5.017279836814924,1.791759469228055,750.0,450.0,29936740.139211137,0,150.0,0.6930693069306931,Beşiktaş_5,38385762.711864404
Şişli,145,5.0,0.0,26000000.0,1.0,4.0,11,Doğalgaz,Chatbot,1.0,21,28.43137254901961,0,4.983606621708336,1.791759469228055,725.0,0.0,31775387.323943663,0,145.0,0.3603603603603604,Şişli_5,49541666.666666664
Kadıköy,100,3.0,2.0,20000000.0,1.0,6.0,12,Doğalgaz,Chatbot,1.0,10,32.25806451612903,0,4.61512051684126,1.3862943611198906,300.0,200.0,12712120.921305181,0,100.0,0.49586776859504134,Kadıköy_3,16696702.898550725
Ümraniye,80,2.0,15.0,8500000.0,1.0,3.0,9,Doğalgaz,Chatbot,1.0,19,38.095238095238095,2,4.394449154672439,1.0986122886681098,160.0,1200.0,15131140.350877194,0,80.0,0.32967032967032966,Ümraniye_2,12664166.666666666
Ataşehir,110,3.0,3.0,10000000.0,1.0,5.0,14,Doğalgaz,Chatbot,1.0,1,35.483870967741936,0,4.709530201312334,1.3862943611198906,330.0,330.0,20692056.074766356,0,110.0,0.3546099290780142,Ataşehir_3,18804561.40350877
Esenyurt,75,2.0,2.0,4250000.0,1.0,3.0,12,Doğalgaz,Chatbot,1.0,9,35.714285714285715,0,4.330733340286331,1.0986122886681098,150.0,150.0,3380119.581602374,0,75.0,0.24793388429752067,Esenyurt_2,6067140.1869158875
Beşiktaş,120,4.0,1.0,29000000.0,1.0,6.0,10,Doğalgaz,Chatbot,1.0,8,29.26829268292683,0,4.795790545596741,1.6094379124341003,480.0,120.0,29936740.139211137,0,120.0,0.594059405940594,Beşiktaş_4,27622500.0
Şişli,130,4.0,2.0,26800000.0,1.0,5.0,10,Doğalgaz,Chatbot,1.0,21,31.707317073170735,0,4.875197323201151,1.6094379124341003,520.0,260.0,31775387.323943663,0,130.0,0.49504950495049505,Şişli_4,33970073.52941176
Kadıköy,110,3.0,3.0,21000000.0,1.0,4.0,10,Doğalgaz,Chatbot,1.0,10,35.483870967741936,0,4.709530201312334,1.3862943611198906,330.0,330.0,12712120.921305181,0,110.0,0.39603960396039606,Kadıköy_3,16696702.898550725
Ümraniye,90,2.0,10.0,9800000.0,1.0,5.0,8,Doğalgaz,Chatbot,1.0,19,42.857142857142854,1,4.51085950651685,1.0986122886681098,180.0,900.0,15131140.350877194,0,90.0,0.617283950617284,Ümraniye_2,12664166.666666666
Ataşehir,100,3.0,0.0,8300000.0,1.0,4.0,11,Doğalgaz,Chatbot,1.0,1,32.25806451612903,0,4.61512051684126,1.3862943611198906,300.0,0.0,20692056.074766356,0,100.0,0.3603603603603604,Ataşehir_3,18804561.40350877
Esenyurt,60,1.0,1.0,3300000.0,1.0,3.0,10,Doğalgaz,Chatbot,1.0,9,54.54545454545454,0,4.110873864173311,0.6931471805599453,60.0,60.0,3380119.581602374,0,60.0,0.297029702970297,Esenyurt_1,3365000.0
Beşiktaş,150,5.0,2.0,34000000.0,1.0,6.0,10,Doğalgaz,Chatbot,1.0,8,29.411764705882355,0,5.017279836814924,1.791759469228055,750.0,300.0,29936740.139211137,0,150.0,0.594059405940594,Beşiktaş_5,38385762.711864404
Şişli,140,4.0,1.0,29000000.0,1.0,5.0,10,Doğalgaz,Chatbot,1.0,21,34.146341463414636,0,4.948759890378168,1.6094379124341003,560.0,140.0,31775387.323943663,0,140.0,0.49504950495049505,Şişli_4,33970073.52941176
Kadıköy,120,4.0,3.0,21800000.0,1.0,7.0,10,Doğalgaz,Chatbot,1.0,10,29.26829268292683,0,4.795790545596741,1.6094379124341003,480.0,360.0,12712120.921305181,0,120.0,0.6930693069306931,Kadıköy_4,10351004.016064256
Ümraniye,100,3.0,20.0,9300000.0,1.0,3.0,9,Doğalgaz,Chatbot,1.0,19,32.25806451612903,2,4.61512051684126,1.3862943611198906,300.0,2000.0,15131140.350877194,0,100.0,0.32967032967032966,Ümraniye_3,17257142.85714286
Ataşehir,115,3.0,2.0,10500000.0,1.0,6.0,10,Doğalgaz,Chatbot,1.0,1,37.096774193548384,0,4.7535901911063645,1.3862943611198906,345.0,230.0,20692056.074766356,0,115.0,0.594059405940594,Ataşehir_3,18804561.40350877
Esenyurt,70,2.0,1.0,3800000.0,1.0,4.0,9,Doğalgaz,Chatbot,1.0,9,33.33333333333333,0,4.2626798770413155,1.0986122886681098,140.0,70.0,3380119.581602374,0,70.0,0.43956043956043955,Esenyurt_2,6067140.1869158875
Beşiktaş,135,4.0,0.0,33000000.0,1.0,5.0,11,Doğalgaz,Chatbot,1.0,8,32.926829268292686,0,4.912654885736052,1.6094379124341003,540.0,0.0,29936740.139211137,0,135.0,0.45045045045045046,Beşiktaş_4,27622500.0
Şişli,125,4.0,1.0,32000000.0,1.0,6.0,12,Doğalgaz,Chatbot,1.0,21,30.487804878048784,0,4.836281906951478,1.6094379124341003,500.0,125.0,31775387.323943663,0,125.0,0.49586776859504134,Şişli_4,33970073.52941176
Kadıköy,110,3.0,4.0,20000000.0,1.0,5.0,10,Doğalgaz,Chatbot,1.0,10,35.483870967741936,0,4.709530201312334,1.3862943611198906,330.0,440.0,12712120.921305181,0,110.0,0.49504950495049505,Kadıköy_3,16696702.898550725
Ümraniye,90,2.0,15.0,10250000.0,1.0,3.0,9,Doğalgaz,Chatbot,1.0,19,42.857142857142854,2,4.51085950651685,1.0986122886681098,180.0,1350.0,15131140.350877194,0,90.0,0.32967032967032966,Ümraniye_2,12664166.666666666
Ataşehir,100,3.0,3.0,8500000.0,1.0,6.0,10,Doğalgaz,Chatbot,1.0,1,32.25806451612903,0,4.61512051684126,1.3862943611198906,300.0,300.0,20692056.074766356,0,100.0,0.594059405940594,Ataşehir_3,18804561.40350877
Esenyurt,80,2.0,2.0,4400000.0,1.0,2.0,9,Doğalgaz,Chatbot,1.0,9,38.095238095238095,0,4.394449154672439,1.0986122886681098,160.0,160.0,3380119.581602374,0,80.0,0.21978021978021978,Esenyurt_2,6067140.1869158875
Beşiktaş,145,4.0,2.0,34000000.0,1.0,6.0,10,Doğalgaz,Chatbot,1.0,8,35.36585365853659,0,4.983606621708336,1.6094379124341003,580.0,290.0,29936740.139211137,0,145.0,0.594059405940594,Beşiktaş_4,27622500.0
Şişli,130,4.0,1.0,27000000.0,1.0,5.0,11,Doğalgaz,Chatbot,1.0,21,31.707317073170735,0,4.875197323201151,1.6094379124341003,520.0,130.0,31775387.323943663,0,130.0,0.45045045045045046,Şişli_4,33970073.52941176
Kadıköy,95,3.0,3.0,18500000.0,1.0,4.0,10,Doğalgaz,Chatbot,1.0,10,30.64516129032258,0,4.564348191467836,1.3862943611198906,285.0,285.0,12712120.921305181,0,95.0,0.39603960396039606,Kadıköy_3,16696702.898550725
Ümraniye,80,2.0,20.0,9400000.0,1.0,4.0,9,Doğalgaz,Chatbot,1.0,19,38.095238095238095,2,4.394449154672439,1.0986122886681098,160.0,1600.0,15131140.350877194,0,80.0,0.43956043956043955,Ümraniye_2,12664166.666666666
Ataşehir,120,3.0,1.0,11700000.0,1.0,5.0,12,Doğalgaz,Chatbot,1.0,1,38.70967741935484,0,4.795790545596741,1.3862943611198906,360.0,120.0,20692056.074766356,0,120.0,0.4132231404958678,Ataşehir_3,18804561.40350877
Esenyurt,75,2.0,2.0,4100000.0,1.0,3.0,10,Doğalgaz,Chatbot,1.0,9,35.714285714285715,0,4.330733340286331,1.0986122886681098,150.0,150.0,3380119.581602374,0,75.0,0.297029702970297,Esenyurt_2,6067140.1869158875
Beşiktaş,150,5.0,0.0,34000000.0,1.0,5.0,10,Doğalgaz,Chatbot,1.0,8,29.411764705882355,0,5.017279836814924,1.791759469228055,750.0,0.0,29936740.139211137,0,150.0,0.49504950495049505,Beşiktaş_5,38385762.711864404
Şişli,145,4.0,1.0,26000000.0,1.0,4.0,11,Doğalgaz,Chatbot,1.0,21,35.36585365853659,0,4.983606621708336,1.6094379124341003,580.0,145.0,31775387.323943663,0,145.0,0.3603603603603604,Şişli_4,33970073.52941176
Kadıköy,110,3.0,5.0,20000000.0,1.0,5.0,10,Doğalgaz,Chatbot,1.0,10,35.483870967741936,0,4.709530201312334,1.3862943611198906,330.0,550.0,12712120.921305181,0,110.0,0.49504950495049505,Kadıköy_3,16696702.898550725
Ümraniye,90,2.0,8.0,9400000.0,1.0,3.0,9,Doğalgaz,Chatbot,1.0,19,42.857142857142854,1,4.51085950651685,1.0986122886681098,180.0,720.0,15131140.350877194,0,90.0,0.32967032967032966,Ümraniye_2,12664166.666666666
Ataşehir,100,3.0,3.0,9000000.0,1.0,5.0,12,Doğalgaz,Chatbot,1.0,1,32.25806451612903,0,4.61512051684126,1.3862943611198906,300.0,300.0,20692056.074766356,0,100.0,0.4132231404958678,Ataşehir_3,18804561.40350877
Esenyurt,80,2.0,0.0,4300000.0,1.0,2.0,10,Doğalgaz,Chatbot,1.0,9,38.095238095238095,0,4.394449154672439,1.0986122886681098,160.0,0.0,3380119.581602374,0,80.0,0.19801980198019803,Esenyurt_2,6067140.1869158875
Beşiktaş,135,4.0,2.0,33500000.0,1.0,6.0,10,Doğalgaz,Chatbot,1.0,8,32.926829268292686,0,4.912654885736052,1.6094379124341003,540.0,270.0,29936740.139211137,0,135.0,0.594059405940594,Beşiktaş_4,27622500.0
Şişli,130,4.0,1.0,26000000.0,1.0,5.0,11,Doğalgaz,Chatbot,1.0,21,31.707317073170735,0,4.875197323201151,1.6094379124341003,520.0,130.0,31775387.323943663,0,130.0,0.45045045045045046,Şişli_4,33970073.52941176
Kadıköy,120,4.0,2.0,21500000.0,1.0,5.0,10,Doğalgaz,Chatbot,1.0,10,29.26829268292683,0,4.795790545596741,1.6094379124341003,480.0,240.0,12712120.921305181,0,120.0,0.49504950495049505,Kadıköy_4,10351004.016064256
Ümraniye,85,2.0,5.0,8600000.0,1.0,4.0,10,Doğalgaz,Chatbot,1.0,19,40.476190476190474,0,4.454347296253507,1.0986122886681098,170.0,425.0,15131140.350877194,0,85.0,0.39603960396039606,Ümraniye_2,12664166.666666666
Ataşehir,90,2.0,1.0,8250000.0,1.0,4.0,11,Doğalgaz,Chatbot,1.0,1,42.857142857142854,0,4.51085950651685,1.0986122886681098,180.0,90.0,20692056.074766356,0,90.0,0.3603603603603604,Ataşehir_2,18061111.111111112
Esenyurt,70,2.0,4.0,3700000.0,1.0,3.0,10,Doğalgaz,Chatbot,1.0,9,33.33333333333333,0,4.2626798770413155,1.0986122886681098,140.0,280.0,3380119.581602374,0,70.0,0.297029702970297,Esenyurt_2,6067140.1869158875
Beşiktaş,150,5.0,3.0,35000000.0,1.0,6.0,10,Doğalgaz,Chatbot,1.0,8,29.411764705882355,0,5.017279836814924,1.791759469228055,750.0,450.0,29936740.139211137,0,150.0,0.594059405940594,Beşiktaş_5,38385762.711864404
Şişli,135,4.0,2.0,27000000.0,1.0,5.0,12,Doğalgaz,Chatbot,1.0,21,32.926829268292686,0,4.912654885736052,1.6094379124341003,540.0,270.0,31775387.323943663,0,135.0,0.4132231404958678,Şişli_4,33970073.52941176
Kadıköy,110,3.0,4.0,19500000.0,1.0,5.0,10,Doğalgaz,Chatbot,1.0,10,35.483870967741936,0,4.709530201312334,1.3862943611198906,330.0,440.0,12712120.921305181,0,110.0,0.49504950495049505,Kadıköy_3,16696702.898550725
Ümraniye,90,2.0,1.0,9200000.0,1.0,4.0,11,Doğalgaz,Chatbot,1.0,19,42.857142857142854,0,4.51085950651685,1.0986122886681098,180.0,90.0,15131140.350877194,0,90.0,0.3603603603603604,Ümraniye_2,12664166.666666666
Ataşehir,100,3.0,0.0,8500000.0,1.0,5.0,12,Doğalgaz,Chatbot,1.0,1,32.25806451612903,0,4.61512051684126,1.3862943611198906,300.0,0.0,20692056.074766356,0,100.0,0.4132231404958678,Ataşehir_3,18804561.40350877
Esenyurt,60,1.0,5.0,3300000.0,1.0,3.0,10,Doğalgaz,Chatbot,1.0,9,54.54545454545454,0,4.110873864173311,0.6931471805599453,60.0,300.0,3380119.581602374,0,60.0,0.297029702970297,Esenyurt_1,3365000.0
Beşiktaş,140,4.0,1.0,33500000.0,1.0,6.0,10,Doğalgaz,Chatbot,1.0,8,34.146341463414636,0,4.948759890378168,1.6094379124341003,560.0,140.0,29936740.139211137,0,140.0,0.594059405940594,Beşiktaş_4,27622500.0
Şişli,120,3.0,1.0,25800000.0,1.0,5.0,12,Doğalgaz,Chatbot,1.0,21,38.70967741935484,0,4.795790545596741,1.3862943611198906,360.0,120.0,31775387.323943663,0,120.0,0.4132231404958678,Şişli_3,26607954.545454547
Kadıköy,110,3.0,2.0,20500000.0,1.0,4.0,11,Doğalgaz,Chatbot,1.0,10,35.483870967741936,0,4.709530201312334,1.3862943611198906,330.0,220.0,12712120.921305181,0,110.0,0.3603603603603604,Kadıköy_3,16696702.898550725
Ümraniye,80,2.0,8.0,8800000.0,1.0,3.0,9,Doğalgaz,Chatbot,1.0,19,38.095238095238095,1,4.394449154672439,1.0986122886681098,160.0,640.0,15131140.350877194,0,80.0,0.32967032967032966,Ümraniye_2,12664166.666666666
Ataşehir,90,2.0,5.0,9100000.0,1.0,4.0,10,Doğalgaz,Chatbot,1.0,1,42.857142857142854,0,4.51085950651685,1.0986122886681098,180.0,450.0,20692056.074766356,0,90.0,0.39603960396039606,Ataşehir_2,18061111.111111112
Esenyurt,70,2.0,2.0,3800000.0,1.0,3.0,10,Doğalgaz,Chatbot,1.0,9,33.33333333333333,0,4.2626798770413155,1.0986122886681098,140.0,140.0,3380119.581602374,0,70.0,0.297029702970297,Esenyurt_2,6067140.1869158875
Beşiktaş,150,5.0,2.0,34000000.0,1.0,5.0,11,Doğalgaz,Chatbot,1.0,8,29.411764705882355,0,5.017279836814924,1.791759469228055,750.0,300.0,29936740.139211137,0,150.0,0.45045045045045046,Beşiktaş_5,38385762.711864404
Şişli,145,5.0,3.0,26000000.0,1.0,6.0,10,Doğalgaz,Chatbot,1.0,21,28.43137254901961,0,4.983606621708336,1.791759469228055,725.0,435.0,31775387.323943663,0,145.0,0.594059405940594,Şişli_5,49541666.666666664
Kadıköy,100,3.0,6.0,19500000.0,1.0,3.0,8,Doğalgaz,Chatbot,1.0,10,32.25806451612903,1,4.61512051684126,1.3862943611198906,300.0,600.0,12712120.921305181,0,100.0,0.3703703703703704,Kadıköy_3,16696702.898550725
Ümraniye,90,2.0,10.0,9400000.0,1.0,5.0,10,Doğalgaz,Chatbot,1.0,19,42.857142857142854,1,4.51085950651685,1.0986122886681098,180.0,900.0,15131140.350877194,0,90.0,0.49504950495049505,Ümraniye_2,12664166.666666666
Ataşehir,115,3.0,5.0,10500000.0,1.0,6.0,12,Doğalgaz,Chatbot,1.0,1,37.096774193548384,0,4.7535901911063645,1.3862943611198906,345.0,575.0,20692056.074766356,0,115.0,0.49586776859504134,Ataşehir_3,18804561.40350877
Esenyurt,75,2.0,1.0,4450000.0,1.0,3.0,9,Doğalgaz,Chatbot,1.0,9,35.714285714285715,0,4.330733340286331,1.0986122886681098,150.0,75.0,3380119.581602374,0,75.0,0.32967032967032966,Esenyurt_2,6067140.1869158875
Beşiktaş,145,4.0,1.0,33000000.0,1.0,6.0,10,Doğalgaz,Chatbot,1.0,8,35.36585365853659,0,4.983606621708336,1.6094379124341003,580.0,145.0,29936740.139211137,0,145.0,0.594059405940594,Beşiktaş_4,27622500.0
Şişli,120,3.0,3.0,26000000.0,1.0,5.0,10,Doğalgaz,Chatbot,1.0,21,38.70967741935484,0,4.795790545596741,1.3862943611198906,360.0,360.0,31775387.323943663,0,120.0,0.49504950495049505,Şişli_3,26607954.545454547
Kadıköy,110,3.0,2.0,20000000.0,1.0,4.0,11,Doğalgaz,Chatbot,1.0,10,35.483870967741936,0,4.709530201312334,1.3862943611198906,330.0,220.0,12712120.921305181,0,110.0,0.3603603603603604,Kadıköy_3,16696702.898550725
Ümraniye,85,2.0,15.0,8600000.0,1.0,3.0,8,Doğalgaz,Chatbot,1.0,19,40.476190476190474,2,4.454347296253507,1.0986122886681098,170.0,1275.0,15131140.350877194,0,85.0,0.3703703703703704,Ümraniye_2,12664166.666666666
Ataşehir,115,3.0,4.0,10500000.0,1.0,4.0,10,Doğalgaz,Chatbot,1.0,1,37.096774193548384,0,4.7535901911063645,1.3862943611198906,345.0,460.0,20692056.074766356,0,115.0,0.39603960396039606,Ataşehir_3,18804561.40350877
Esenyurt,70,2.0,3.0,3800000.0,1.0,2.0,9,Doğalgaz,Chatbot,1.0,9,33.33333333333333,0,4.2626798770413155,1.0986122886681098,140.0,210.0,3380119.581602374,0,70.0,0.21978021978021978,Esenyurt_2,6067140.1869158875
Beşiktaş,120,4.0,0.0,29200000.0,1.0,5.0,11,Doğalgaz,Chatbot,1.0,8,29.26829268292683,0,4.795790545596741,1.6094379124341003,480.0,0.0,29936740.139211137,0,120.0,0.45045045045045046,Beşiktaş_4,27622500.0
Şişli,130,4.0,2.0,27000000.0,1.0,6.0,10,Doğalgaz,Chatbot,1.0,21,31.707317073170735,0,4.875197323201151,1.6094379124341003,520.0,260.0,31775387.323943663,0,130.0,0.594059405940594,Şişli_4,33970073.52941176
Kadıköy,95,3.0,1.0,18200000.0,1.0,4.0,9,Doğalgaz,Chatbot,1.0,10,30.64516129032258,0,4.564348191467836,1.3862943611198906,285.0,95.0,12712120.921305181,0,95.0,0.43956043956043955,Kadıköy_3,16696702.898550725
Ümraniye,80,2.0,8.0,8800000.0,1.0,3.0,8,Doğalgaz,Chatbot,1.0,19,38.095238095238095,1,4.394449154672439,1.0986122886681098,160.0,640.0,15131140.350877194,0,80.0,0.3703703703703704,Ümraniye_2,12664166.666666666
Ataşehir,90,2.0,7.0,9300000.0,1.0,4.0,10,Doğalgaz,Chatbot,1.0,1,42.857142857142854,1,4.51085950651685,1.0986122886681098,180.0,630.0,20692056.074766356,0,90.0,0.39603960396039606,Ataşehir_2,18061111.111111112
Esenyurt,55,1.0,2.0,3025000.0,1.0,3.0,10,Doğalgaz,Chatbot,1.0,9,49.99999999999999,0,4.02535169073515,0.6931471805599453,55.0,110.0,3380119.581602374,0,55.0,0.297029702970297,Esenyurt_1,3365000.0
Beşiktaş,140,4.0,0.0,33000000.0,1.0,5.0,11,Doğalgaz,Chatbot,1.0,8,34.146341463414636,0,4.948759890378168,1.6094379124341003,560.0,0.0,29936740.139211137,0,140.0,0.45045045045045046,Beşiktaş_4,27622500.0
Şişli,120,3.0,4.0,25800000.0,1.0,6.0,10,Doğalgaz,Chatbot,1.0,21,38.70967741935484,0,4.795790545596741,1.3862943611198906,360.0,480.0,31775387.323943663,0,120.0,0.594059405940594,Şişli_3,26607954.545454547
Kadıköy,110,3.0,5.0,20000000.0,1.0,5.0,10,Doğalgaz,Chatbot,1.0,10,35.483870967741936,0,4.709530201312334,1.3862943611198906,330.0,550.0,12712120.921305181,0,110.0,0.49504950495049505,Kadıköy_3,16696702.898550725
Ümraniye,90,2.0,12.0,9100000.0,1.0,4.0,10,Doğalgaz,Chatbot,1.0,19,42.857142857142854,2,4.51085950651685,1.0986122886681098,180.0,1080.0,15131140.350877194,0,90.0,0.39603960396039606,Ümraniye_2,12664166.666666666
Ataşehir,95,3.0,6.0,9200000.0,1.0,5.0,11,Doğalgaz,Chatbot,1.0,1,30.64516129032258,1,4.564348191467836,1.3862943611198906,285.0,570.0,20692056.074766356,0,95.0,0.45045045045045046,Ataşehir_3,18804561.40350877
Esenyurt,65,1.0,1.0,3600000.0,1.0,3.0,9,Doğalgaz,Chatbot,1.0,9,59.090909090909086,0,4.189654742026425,0.6931471805599453,65.0,65.0,3380119.581602374,0,65.0,0.32967032967032966,Esenyurt_1,3365000.0
Beşiktaş,150,5.0,1.0,34000000.0,1.0,4.0,10,Doğalgaz,Chatbot,1.0,8,29.411764705882355,0,5.017279836814924,1.791759469228055,750.0,150.0,29936740.139211137,0,150.0,0.39603960396039606,Beşiktaş_5,38385762.711864404
Şişli,130,4.0,2.0,27000000.0,1.0,5.0,10,Doğalgaz,Chatbot,1.0,21,31.707317073170735,0,4.875197323201151,1.6094379124341003,520.0,260.0,31775387.323943663,0,130.0,0.49504950495049505,Şişli_4,33970073.52941176
Kadıköy,105,3.0,3.0,18800000.0,1.0,4.0,9,Doğalgaz,Chatbot,1.0,10,33.87096774193548,0,4.663439094112067,1.3862943611198906,315.0,315.0,12712120.921305181,0,105.0,0.43956043956043955,Kadıköy_3,16696702.898550725
Ümraniye,85,2.0,8.0,8900000.0,1.0,5.0,10,Doğalgaz,Chatbot,1.0,19,40.476190476190474,1,4.454347296253507,1.0986122886681098,170.0,680.0,15131140.350877194,0,85.0,0.49504950495049505,Ümraniye_2,12664166.666666666
Ataşehir,100,3.0,0.0,8500000.0,1.0,4.0,10,Doğalgaz,Chatbot,1.0,1,32.25806451612903,0,4.61512051684126,1.3862943611198906,300.0,0.0,20692056.074766356,0,100.0,0.39603960396039606,Ataşehir_3,18804561.40350877
Esenyurt,70,2.0,5.0,3800000.0,1.0,3.0,9,Doğalgaz,Chatbot,1.0,9,33.33333333333333,0,4.2626798770413155,1.0986122886681098,140.0,350.0,3380119.581602374,0,70.0,0.32967032967032966,Esenyurt_2,6067140.1869158875
Beşiktaş,145,4.0,2.0,33500000.0,1.0,5.0,10,Doğalgaz,Chatbot,1.0,8,35.36585365853659,0,4.983606621708336,1.6094379124341003,580.0,290.0,29936740.139211137,0,145.0,0.49504950495049505,Beşiktaş_4,27622500.0
Şişli,125,4.0,1.0,27000000.0,1.0,6.0,11,Doğalgaz,Chatbot,1.0,21,30.487804878048784,0,4.836281906951478,1.6094379124341003,500.0,125.0,31775387.323943663,0,125.0,0.5405405405405406,Şişli_4,33970073.52941176
Kadıköy,95,3.0,2.0,18500000.0,1.0,5.0,9,Doğalgaz,Chatbot,1.0,10,30.64516129032258,0,4.564348191467836,1.3862943611198906,285.0,190.0,12712120.921305181,0,95.0,0.5494505494505495,Kadıköy_3,16696702.898550725
Ümraniye,90,2.0,1.0,9500000.0,1.0,4.0,11,Doğalgaz,Chatbot,1.0,19,42.857142857142854,0,4.51085950651685,1.0986122886681098,180.0,90.0,15131140.350877194,0,90.0,0.3603603603603604,Ümraniye_2,12664166.666666666
Ataşehir,100,3.0,3.0,8300000.0,1.0,5.0,10,Doğalgaz,Chatbot,1.0,1,32.25806451612903,0,4.61512051684126,1.3862943611198906,300.0,300.0,20692056.074766356,0,100.0,0.49504950495049505,Ataşehir_3,18804561.40350877
Esenyurt,65,1.0,1.0,3600000.0,1.0,3.0,9,Doğalgaz,Chatbot,1.0,9,59.090909090909086,0,4.189654742026425,0.6931471805599453,65.0,65.0,3380119.581602374,0,65.0,0.32967032967032966,Esenyurt_1,3365000.0
Beşiktaş,150,5.0,0.0,34000000.0,1.0,5.0,10,Doğalgaz,Chatbot,1.0,8,29.411764705882355,0,5.017279836814924,1.791759469228055,750.0,0.0,29936740.139211137,0,150.0,0.49504950495049505,Beşiktaş_5,38385762.711864404
Şişli,140,4.0,1.0,26000000.0,1.0,4.0,11,Doğalgaz,Chatbot,1.0,21,34.146341463414636,0,4.948759890378168,1.6094379124341003,560.0,140.0,31775387.323943663,0,140.0,0.3603603603603604,Şişli_4,33970073.52941176
Kadıköy,115,3.0,2.0,21000000.0,1.0,5.0,10,Doğalgaz,Chatbot,1.0,10,37.096774193548384,0,4.7535901911063645,1.3862943611198906,345.0,230.0,12712120.921305181,0,115.0,0.49504950495049505,Kadıköy_3,16696702.898550725
Ümraniye,90,2.0,12.0,9200000.0,1.0,4.0,10,Doğalgaz,Chatbot,1.0,19,42.857142857142854,2,4.51085950651685,1.0986122886681098,180.0,1080.0,15131140.350877194,0,90.0,0.39603960396039606,Ümraniye_2,12664166.666666666
Ataşehir,90,2.0,5.0,9000000.0,1.0,3.0,10,Doğalgaz,Chatbot,1.0,1,42.857142857142854,0,4.51085950651685,1.0986122886681098,180.0,450.0,20692056.074766356,0,90.0,0.297029702970297,Ataşehir_2,18061111.111111112
Esenyurt,70,2.0,0.0,3800000.0,1.0,3.0,10,Doğalgaz,Chatbot,1.0,9,33.33333333333333,0,4.2626798770413155,1.0986122886681098,140.0,0.0,3380119.581602374,0,70.0,0.297029702970297,Esenyurt_2,6067140.1869158875
Beşiktaş,120,4.0,2.0,29000000.0,1.0,5.0,11,Doğalgaz,Chatbot,1.0,8,29.26829268292683,0,4.795790545596741,1.6094379124341003,480.0,240.0,29936740.139211137,0,120.0,0.45045045045045046,Beşiktaş_4,27622500.0
Şişli,130,4.0,0.0,25800000.0,1.0,6.0,12,Doğalgaz,Chatbot,1.0,21,31.707317073170735,0,4.875197323201151,1.6094379124341003,520.0,0.0,31775387.323943663,0,130.0,0.49586776859504134,Şişli_4,33970073.52941176
Şişli,100,2.0,3.0,25000000.0,1.0,5.0,10,Doğalgaz,Chatbot,1.0,21,47.61904761904762,0,4.61512051684126,1.0986122886681098,200.0,300.0,31775387.323943663,0,100.0,0.49504950495049505,Şişli_2,17720000.0
Üsküdar,120,3.0,4.0,21000000.0,1.0,6.0,12,Doğalgaz,Chatbot,1.0,20,38.70967741935484,0,4.795790545596741,1.3862943611198906,360.0,480.0,22489044.943820223,0,120.0,0.49586776859504134,Üsküdar_3,21597820.512820512
Maltepe,110,3.0,5.0,8800000.0,1.0,4.0,10,Doğalgaz,Chatbot,1.0,12,35.483870967741936,0,4.709530201312334,1.3862943611198906,330.0,550.0,4097244.968911917,0,110.0,0.39603960396039606,Maltepe_3,3813252.9011627906
Şişli,130,4.0,2.0,32000000.0,1.0,6.0,10,Doğalgaz,Chatbot,1.0,21,31.707317073170735,0,4.875197323201151,1.6094379124341003,520.0,260.0,31775387.323943663,0,130.0,0.594059405940594,Şişli_4,33970073.52941176
Üsküdar,115,3.0,1.0,18500000.0,1.0,5.0,12,Doğalgaz,Chatbot,1.0,20,37.096774193548384,0,4.7535901911063645,1.3862943611198906,345.0,115.0,22489044.943820223,0,115.0,0.4132231404958678,Üsküdar_3,21597820.512820512
Ataşehir,135,3.0,3.0,16050000.0,1.0,5.0,11,Doğalgaz,Chatbot,1.0,1,43.54838709677419,0,4.912654885736052,1.3862943611198906,405.0,405.0,20692056.074766356,0,135.0,0.45045045045045046,Ataşehir_3,18804561.40350877
Ümraniye,100,3.0,15.0,10500000.0,1.0,3.0,10,Doğalgaz,Chatbot,1.0,19,32.25806451612903,2,4.61512051684126,1.3862943611198906,300.0,1500.0,15131140.350877194,0,100.0,0.297029702970297,Ümraniye_3,17257142.85714286
Şişli,140,4.0,5.0,36500000.0,1.0,7.0,14,Doğalgaz,Chatbot,1.0,21,34.146341463414636,0,4.948759890378168,1.6094379124341003,560.0,700.0,31775387.323943663,0,140.0,0.49645390070921985,Şişli_4,33970073.52941176
Üsküdar,95,3.0,8.0,18000000.0,1.0,4.0,11,Doğalgaz,Chatbot,1.0,20,30.64516129032258,1,4.564348191467836,1.3862943611198906,285.0,760.0,22489044.943820223,0,95.0,0.3603603603603604,Üsküdar_3,21597820.512820512
Ataşehir,125,3.0,4.0,17750000.0,1.0,6.0,15,Doğalgaz,Chatbot,1.0,1,40.32258064516129,0,4.836281906951478,1.3862943611198906,375.0,500.0,20692056.074766356,0,125.0,0.3973509933774835,Ataşehir_3,18804561.40350877
Maltepe,85,2.0,1.0,8500000.0,1.0,3.0,10,Doğalgaz,Chatbot,1.0,12,40.476190476190474,0,4.454347296253507,1.0986122886681098,170.0,85.0,4097244.968911917,0,85.0,0.297029702970297,Maltepe_2,2357289.13559322
Şişli,145,4.0,2.0,37000000.0,1.0,5.0,12,Doğalgaz,Chatbot,1.0,21,35.36585365853659,0,4.983606621708336,1.6094379124341003,580.0,290.0,31775387.323943663,0,145.0,0.4132231404958678,Şişli_4,33970073.52941176
Kartal,110,3.0,3.0,9600000.0,1.0,4.0,12,Doğalgaz,Chatbot,1.0,11,35.483870967741936,0,4.709530201312334,1.3862943611198906,330.0,330.0,14139868.421052631,0,110.0,0.3305785123966942,Kartal_3,11513181.818181818
Şişli,125,4.0,1.0,31000000.0,1.0,6.0,14,Doğalgaz,Chatbot,1.0,21,30.487804878048784,0,4.836281906951478,1.6094379124341003,500.0,125.0,31775387.323943663,0,125.0,0.425531914893617,Şişli_4,33970073.52941176
Üsküdar,125,3.0,2.0,20500000.0,1.0,5.0,10,Doğalgaz,Chatbot,1.0,20,40.32258064516129,0,4.836281906951478,1.3862943611198906,375.0,250.0,22489044.943820223,0,125.0,0.49504950495049505,Üsküdar_3,21597820.512820512
Ataşehir,120,3.0,5.0,16200000.0,1.0,5.0,11,Doğalgaz,Chatbot,1.0,1,38.70967741935484,0,4.795790545596741,1.3862943611198906,360.0,600.0,20692056.074766356,0,120.0,0.45045045045045046,Ataşehir_3,18804561.40350877
Maltepe,105,2.0,7.0,9000000.0,1.0,2.0,10,Doğalgaz,Chatbot,1.0,12,50.0,1,4.663439094112067,1.0986122886681098,210.0,735.0,4097244.968911917,0,105.0,0.19801980198019803,Maltepe_2,2357289.13559322
Şişli,130,4.0,1.0,32000000.0,1.0,6.0,12,Doğalgaz,Chatbot,1.0,21,31.707317073170735,0,4.875197323201151,1.6094379124341003,520.0,130.0,31775387.323943663,0,130.0,0.49586776859504134,Şişli_4,33970073.52941176
Üsküdar,135,3.0,4.0,23000000.0,1.0,7.0,15,Doğalgaz,Chatbot,1.0,20,43.54838709677419,0,4.912654885736052,1.3862943611198906,405.0,540.0,22489044.943820223,0,135.0,0.4635761589403974,Üsküdar_3,21597820.512820512
Ataşehir,140,3.0,3.0,17500000.0,1.0,5.0,11,Doğalgaz,Chatbot,1.0,1,45.16129032258064,0,4.948759890378168,1.3862943611198906,420.0,420.0,20692056.074766356,0,140.0,0.45045045045045046,Ataşehir_3,18804561.40350877
Ümraniye,95,2.0,20.0,10850000.0,1.0,3.0,10,Doğalgaz,Chatbot,1.0,19,45.238095238095234,2,4.564348191467836,1.0986122886681098,190.0,1900.0,15131140.350877194,0,95.0,0.297029702970297,Ümraniye_2,12664166.666666666
Şişli,140,4.0,1.0,33000000.0,1.0,6.0,14,Doğalgaz,Chatbot,1.0,21,34.146341463414636,0,4.948759890378168,1.6094379124341003,560.0,140.0,31775387.323943663,0,140.0,0.425531914893617,Şişli_4,33970073.52941176
Üsküdar,120,3.0,2.0,21000000.0,1.0,5.0,10,Doğalgaz,Chatbot,1.0,20,38.70967741935484,0,4.795790545596741,1.3862943611198906,360.0,240.0,22489044.943820223,0,120.0,0.49504950495049505,Üsküdar_3,21597820.512820512
Ataşehir,115,3.0,5.0,15850000.0,1.0,6.0,11,Doğalgaz,Chatbot,1.0,1,37.096774193548384,0,4.7535901911063645,1.3862943611198906,345.0,575.0,20692056.074766356,0,115.0,0.5405405405405406,Ataşehir_3,18804561.40350877
Ümraniye,100,3.0,8.0,10000000.0,1.0,4.0,10,Doğalgaz,Chatbot,1.0,19,32.25806451612903,1,4.61512051684126,1.3862943611198906,300.0,800.0,15131140.350877194,0,100.0,0.39603960396039606,Ümraniye_3,17257142.85714286
Maltepe,110,3.0,1.0,9500000.0,1.0,3.0,10,Doğalgaz,Chatbot,1.0,12,35.483870967741936,0,4.709530201312334,1.3862943611198906,330.0,110.0,4097244.968911917,0,110.0,0.297029702970297,Maltepe_3,3813252.9011627906
Şişli,135,4.0,2.0,31000000.0,1.0,5.0,12,Doğalgaz,Chatbot,1.0,21,32.926829268292686,0,4.912654885736052,1.6094379124341003,540.0,270.0,31775387.323943663,0,135.0,0.4132231404958678,Şişli_4,33970073.52941176
Üsküdar,180,4.0,6.0,26000000.0,1.0,7.0,15,Doğalgaz,Chatbot,1.0,20,43.90243902439025,1,5.198497031265826,1.6094379124341003,720.0,1080.0,22489044.943820223,0,180.0,0.4635761589403974,Üsküdar_4,26995000.0
Ataşehir,100,3.0,3.0,13500000.0,1.0,4.0,10,Doğalgaz,Chatbot,1.0,1,32.25806451612903,0,4.61512051684126,1.3862943611198906,300.0,300.0,20692056.074766356,0,100.0,0.39603960396039606,Ataşehir_3,18804561.40350877
Kartal,145,4.0,3.0,15500000.0,1.0,6.0,14,Doğalgaz,Chatbot,1.0,11,35.36585365853659,0,4.983606621708336,1.6094379124341003,580.0,435.0,14139868.421052631,0,145.0,0.425531914893617,Kartal_4,20472142.85714286
Şişli,145,4.0,5.0,35000000.0,1.0,6.0,10,Doğalgaz,Chatbot,1.0,21,35.36585365853659,0,4.983606621708336,1.6094379124341003,580.0,725.0,31775387.323943663,0,145.0,0.594059405940594,Şişli_4,33970073.52941176
Üsküdar,110,3.0,8.0,19000000.0,1.0,8.0,15,Doğalgaz,Chatbot,1.0,20,35.483870967741936,1,4.709530201312334,1.3862943611198906,330.0,880.0,22489044.943820223,0,110.0,0.5298013245033113,Üsküdar_3,21597820.512820512
Ataşehir,125,3.0,2.0,16000000.0,1.0,3.0,10,Doğalgaz,Chatbot,1.0,1,40.32258064516129,0,4.836281906951478,1.3862943611198906,375.0,250.0,20692056.074766356,0,125.0,0.297029702970297,Ataşehir_3,18804561.40350877
Şişli,140,4.0,2.0,33000000.0,1.0,5.0,10,Doğalgaz,Chatbot,1.0,21,34.146341463414636,0,4.948759890378168,1.6094379124341003,560.0,280.0,31775387.323943663,0,140.0,0.49504950495049505,Şişli_4,33970073.52941176
Üsküdar,135,3.0,1.0,18500000.0,1.0,4.0,10,Doğalgaz,Chatbot,1.0,20,43.54838709677419,0,4.912654885736052,1.3862943611198906,405.0,135.0,22489044.943820223,0,135.0,0.39603960396039606,Üsküdar_3,21597820.512820512
Ataşehir,150,4.0,0.0,17750000.0,1.0,5.0,10,Doğalgaz,Chatbot,1.0,1,36.58536585365854,0,5.017279836814924,1.6094379124341003,600.0,0.0,20692056.074766356,0,150.0,0.49504950495049505,Ataşehir_4,29893125.0
Ümraniye,85,2.0,20.0,8900000.0,1.0,3.0,10,Doğalgaz,Chatbot,1.0,19,40.476190476190474,2,4.454347296253507,1.0986122886681098,170.0,1700.0,15131140.350877194,0,85.0,0.297029702970297,Ümraniye_2,12664166.666666666
Kartal,100,3.0,3.0,9000000.0,1.0,5.0,12,Doğalgaz,Chatbot,1.0,11,32.25806451612903,0,4.61512051684126,1.3862943611198906,300.0,300.0,14139868.421052631,0,100.0,0.4132231404958678,Kartal_3,11513181.818181818
Şişli,130,4.0,1.0,30000000.0,1.0,4.0,10,Doğalgaz,Chatbot,1.0,21,31.707317073170735,0,4.875197323201151,1.6094379124341003,520.0,130.0,31775387.323943663,0,130.0,0.39603960396039606,Şişli_4,33970073.52941176
Üsküdar,145,4.0,2.0,22500000.0,1.0,5.0,11,Doğalgaz,Chatbot,1.0,20,35.36585365853659,0,4.983606621708336,1.6094379124341003,580.0,290.0,22489044.943820223,0,145.0,0.45045045045045046,Üsküdar_4,26995000.0
Ataşehir,140,3.0,3.0,17550000.0,1.0,7.0,12,Doğalgaz,Chatbot,1.0,1,45.16129032258064,0,4.948759890378168,1.3862943611198906,420.0,420.0,20692056.074766356,0,140.0,0.578512396694215,Ataşehir_3,18804561.40350877
Maltepe,90,2.0,1.0,7700000.0,1.0,2.0,10,Doğalgaz,Chatbot,1.0,12,42.857142857142854,0,4.51085950651685,1.0986122886681098,180.0,90.0,4097244.968911917,0,90.0,0.19801980198019803,Maltepe_2,2357289.13559322
Şişli,120,3.0,5.0,26000000.0,1.0,5.0,10,Doğalgaz,Chatbot,1.0,21,38.70967741935484,0,4.795790545596741,1.3862943611198906,360.0,600.0,31775387.323943663,0,120.0,0.49504950495049505,Şişli_3,26607954.545454547
Üsküdar,110,3.0,2.0,19500000.0,1.0,4.0,10,Doğalgaz,Chatbot,1.0,20,35.483870967741936,0,4.709530201312334,1.3862943611198906,330.0,220.0,22489044.943820223,0,110.0,0.39603960396039606,Üsküdar_3,21597820.512820512
Ataşehir,120,3.0,0.0,15000000.0,1.0,5.0,11,Doğalgaz,Chatbot,1.0,1,38.70967741935484,0,4.795790545596741,1.3862943611198906,360.0,0.0,20692056.074766356,0,120.0,0.45045045045045046,Ataşehir_3,18804561.40350877
Ümraniye,90,2.0,25.0,9000000.0,1.0,3.0,10,Doğalgaz,Chatbot,1.0,19,42.857142857142854,3,4.51085950651685,1.0986122886681098,180.0,2250.0,15131140.350877194,0,90.0,0.297029702970297,Ümraniye_2,12664166.666666666
Kartal,100,3.0,2.0,8800000.0,1.0,5.0,11,Doğalgaz,Chatbot,1.0,11,32.25806451612903,0,4.61512051684126,1.3862943611198906,300.0,200.0,14139868.421052631,0,100.0,0.45045045045045046,Kartal_3,11513181.818181818
Şişli,115,3.0,3.0,27500000.0,1.0,5.0,10,Doğalgaz,Chatbot,1.0,21,37.096774193548384,0,4.7535901911063645,1.3862943611198906,345.0,345.0,31775387.323943663,0,115.0,0.49504950495049505,Şişli_3,26607954.545454547
Üsküdar,130,4.0,4.0,21000000.0,1.0,6.0,12,Doğalgaz,Chatbot,1.0,20,31.707317073170735,0,4.875197323201151,1.6094379124341003,520.0,520.0,22489044.943820223,0,130.0,0.49586776859504134,Üsküdar_4,26995000.0
Ataşehir,125,3.0,5.0,17000000.0,1.0,5.0,11,Doğalgaz,Chatbot,1.0,1,40.32258064516129,0,4.836281906951478,1.3862943611198906,375.0,625.0,20692056.074766356,0,125.0,0.45045045045045046,Ataşehir_3,18804561.40350877
Şişli,135,4.0,1.0,33000000.0,1.0,6.0,10,Doğalgaz,Chatbot,1.0,21,32.926829268292686,0,4.912654885736052,1.6094379124341003,540.0,135.0,31775387.323943663,0,135.0,0.594059405940594,Şişli_4,33970073.52941176
Üsküdar,140,4.0,5.0,22000000.0,1.0,4.0,10,Doğalgaz,Chatbot,1.0,20,34.146341463414636,0,4.948759890378168,1.6094379124341003,560.0,700.0,22489044.943820223,0,140.0,0.39603960396039606,Üsküdar_4,26995000.0
Ataşehir,130,3.0,2.0,17500000.0,1.0,5.0,11,Doğalgaz,Chatbot,1.0,1,41.935483870967744,0,4.875197323201151,1.3862943611198906,390.0,260.0,20692056.074766356,0,130.0,0.45045045045045046,Ataşehir_3,18804561.40350877
Ümraniye,90,2.0,20.0,8500000.0,1.0,3.0,10,Doğalgaz,Chatbot,1.0,19,42.857142857142854,2,4.51085950651685,1.0986122886681098,180.0,1800.0,15131140.350877194,0,90.0,0.297029702970297,Ümraniye_2,12664166.666666666
Kartal,95,2.0,4.0,9000000.0,1.0,3.0,10,Doğalgaz,Chatbot,1.0,11,45.238095238095234,0,4.564348191467836,1.0986122886681098,190.0,380.0,14139868.421052631,0,95.0,0.297029702970297,Kartal_2,10100000.0
Şişli,125,3.0,4.0,32000000.0,1.0,4.0,10,Doğalgaz,Chatbot,1.0,21,40.32258064516129,0,4.836281906951478,1.3862943611198906,375.0,500.0,31775387.323943663,0,125.0,0.39603960396039606,Şişli_3,26607954.545454547
Üsküdar,120,3.0,1.0,20500000.0,1.0,5.0,11,Doğalgaz,Chatbot,1.0,20,38.70967741935484,0,4.795790545596741,1.3862943611198906,360.0,120.0,22489044.943820223,0,120.0,0.45045045045045046,Üsküdar_3,21597820.512820512
Ataşehir,150,4.0,0.0,18000000.0,1.0,5.0,10,Doğalgaz,Chatbot,1.0,1,36.58536585365854,0,5.017279836814924,1.6094379124341003,600.0,0.0,20692056.074766356,0,150.0,0.49504950495049505,Ataşehir_4,29893125.0
Maltepe,90,2.0,2.0,7700000.0,1.0,2.0,10,Doğalgaz,Chatbot,1.0,12,42.857142857142854,0,4.51085950651685,1.0986122886681098,180.0,180.0,4097244.968911917,0,90.0,0.19801980198019803,Maltepe_2,2357289.13559322
Şişli,140,4.0,5.0,33000000.0,1.0,5.0,10,Doğalgaz,Chatbot,1.0,21,34.146341463414636,0,4.948759890378168,1.6094379124341003,560.0,700.0,31775387.323943663,0,140.0,0.49504950495049505,Şişli_4,33970073.52941176
Üsküdar,130,4.0,1.0,18500000.0,1.0,5.0,11,Doğalgaz,Chatbot,1.0,20,31.707317073170735,0,4.875197323201151,1.6094379124341003,520.0,130.0,22489044.943820223,0,130.0,0.45045045045045046,Üsküdar_4,26995000.0
Ataşehir,100,3.0,3.0,14000000.0,1.0,6.0,11,Doğalgaz,Chatbot,1.0,1,32.25806451612903,0,4.61512051684126,1.3862943611198906,300.0,300.0,20692056.074766356,0,100.0,0.5405405405405406,Ataşehir_3,18804561.40350877
Ümraniye,85,2.0,1.0,8900000.0,1.0,3.0,10,Doğalgaz,Chatbot,1.0,19,40.476190476190474,0,4.454347296253507,1.0986122886681098,170.0,85.0,15131140.350877194,0,85.0,0.297029702970297,Ümraniye_2,12664166.666666666
Kartal,100,3.0,5.0,9200000.0,1.0,4.0,10,Doğalgaz,Chatbot,1.0,11,32.25806451612903,0,4.61512051684126,1.3862943611198906,300.0,500.0,14139868.421052631,0,100.0,0.39603960396039606,Kartal_3,11513181.818181818
Şişli,115,3.0,2.0,28000000.0,1.0,5.0,12,Doğalgaz,Chatbot,1.0,21,37.096774193548384,0,4.7535901911063645,1.3862943611198906,345.0,230.0,31775387.323943663,0,115.0,0.4132231404958678,Şişli_3,26607954.545454547
Üsküdar,145,4.0,0.0,23000000.0,1.0,5.0,10,Doğalgaz,Chatbot,1.0,20,35.36585365853659,0,4.983606621708336,1.6094379124341003,580.0,0.0,22489044.943820223,0,145.0,0.49504950495049505,Üsküdar_4,26995000.0
Ataşehir,120,3.0,2.0,16500000.0,1.0,5.0,10,Doğalgaz,Chatbot,1.0,1,38.70967741935484,0,4.795790545596741,1.3862943611198906,360.0,240.0,20692056.074766356,0,120.0,0.49504950495049505,Ataşehir_3,18804561.40350877
Ümraniye,90,2.0,5.0,9200000.0,1.0,3.0,10,Doğalgaz,Chatbot,1.0,19,42.857142857142854,0,4.51085950651685,1.0986122886681098,180.0,450.0,15131140.350877194,0,90.0,0.297029702970297,Ümraniye_2,12664166.666666666
Şişli,125,3.0,4.0,28000000.0,1.0,5.0,11,Doğalgaz,Chatbot,1.0,21,40.32258064516129,0,4.836281906951478,1.3862943611198906,375.0,500.0,31775387.323943663,0,125.0,0.45045045045045046,Şişli_3,26607954.545454547
Üsküdar,130,4.0,3.0,21000000.0,1.0,5.0,10,Doğalgaz,Chatbot,1.0,20,31.707317073170735,0,4.875197323201151,1.6094379124341003,520.0,390.0,22489044.943820223,0,130.0,0.49504950495049505,Üsküdar_4,26995000.0
Ataşehir,120,3.0,2.0,15500000.0,1.0,6.0,11,Doğalgaz,Chatbot,1.0,1,38.70967741935484,0,4.795790545596741,1.3862943611198906,360.0,240.0,20692056.074766356,0,120.0,0.5405405405405406,Ataşehir_3,18804561.40350877
Kartal,100,3.0,3.0,9500000.0,1.0,5.0,10,Doğalgaz,Chatbot,1.0,11,32.25806451612903,0,4.61512051684126,1.3862943611198906,300.0,300.0,14139868.421052631,0,100.0,0.49504950495049505,Kartal_3,11513181.818181818
Şişli,135,4.0,2.0,32500000.0,1.0,6.0,12,Doğalgaz,Chatbot,1.0,21,32.926829268292686,0,4.912654885736052,1.6094379124341003,540.0,270.0,31775387.323943663,0,135.0,0.49586776859504134,Şişli_4,33970073.52941176
Üsküdar,140,4.0,1.0,21500000.0,1.0,4.0,10,Doğalgaz,Chatbot,1.0,20,34.146341463414636,0,4.948759890378168,1.6094379124341003,560.0,140.0,22489044.943820223,0,140.0,0.39603960396039606,Üsküdar_4,26995000.0
Ataşehir,110,3.0,2.0,15500000.0,1.0,5.0,11,Doğalgaz,Chatbot,1.0,1,35.483870967741936,0,4.709530201312334,1.3862943611198906,330.0,220.0,20692056.074766356,0,110.0,0.45045045045045046,Ataşehir_3,18804561.40350877
Maltepe,85,2.0,0.0,8000000.0,1.0,2.0,10,Doğalgaz,Chatbot,1.0,12,40.476190476190474,0,4.454347296253507,1.0986122886681098,170.0,0.0,4097244.968911917,0,85.0,0.19801980198019803,Maltepe_2,2357289.13559322
Şişli,145,4.0,3.0,36000000.0,1.0,5.0,12,Doğalgaz,Chatbot,1.0,21,35.36585365853659,0,4.983606621708336,1.6094379124341003,580.0,435.0,31775387.323943663,0,145.0,0.4132231404958678,Şişli_4,33970073.52941176
Üsküdar,110,3.0,4.0,20000000.0,1.0,6.0,12,Doğalgaz,Chatbot,1.0,20,35.483870967741936,0,4.709530201312334,1.3862943611198906,330.0,440.0,22489044.943820223,0,110.0,0.49586776859504134,Üsküdar_3,21597820.512820512
Ümraniye,90,2.0,30.0,9300000.0,1.0,3.0,10,Doğalgaz,Chatbot,1.0,19,42.857142857142854,3,4.51085950651685,1.0986122886681098,180.0,2700.0,15131140.350877194,0,90.0,0.297029702970297,Ümraniye_2,12664166.666666666
Kartal,100,3.0,2.0,9000000.0,1.0,5.0,10,Doğalgaz,Chatbot,1.0,11,32.25806451612903,0,4.61512051684126,1.3862943611198906,300.0,200.0,14139868.421052631,0,100.0,0.49504950495049505,Kartal_3,11513181.818181818
Şişli,135,4.0,5.0,33000000.0,1.0,6.0,10,Doğalgaz,Chatbot,1.0,21,32.926829268292686,0,4.912654885736052,1.6094379124341003,540.0,675.0,31775387.323943663,0,135.0,0.594059405940594,Şişli_4,33970073.52941176
Üsküdar,130,4.0,1.0,20500000.0,1.0,5.0,10,Doğalgaz,Chatbot,1.0,20,31.707317073170735,0,4.875197323201151,1.6094379124341003,520.0,130.0,22489044.943820223,0,130.0,0.49504950495049505,Üsküdar_4,26995000.0
Şişli,100,2.0,0.0,25000000.0,1.0,5.0,12,Doğalgaz,Chatbot,1.0,21,47.61904761904762,0,4.61512051684126,1.0986122886681098,200.0,0.0,31775387.323943663,0,100.0,0.4132231404958678,Şişli_2,17720000.0
Kadıköy,90,2.0,1.0,22500000.0,1.0,5.0,10,Doğalgaz,Chatbot,1.0,10,42.857142857142854,0,4.51085950651685,1.0986122886681098,180.0,90.0,12712120.921305181,0,90.0,0.49504950495049505,Kadıköy_2,17476521.739130434
Beşiktaş,120,3.0,0.0,45000000.0,1.0,6.0,14,Doğalgaz,Chatbot,1.0,8,38.70967741935484,0,4.795790545596741,1.3862943611198906,360.0,0.0,29936740.139211137,0,120.0,0.425531914893617,Beşiktaş_3,27756909.722222224
Sarıyer,150,4.0,1.0,50000000.0,1.0,7.0,15,Doğalgaz,Chatbot,1.0,15,36.58536585365854,0,5.017279836814924,1.6094379124341003,600.0,150.0,17196453.112033196,0,150.0,0.4635761589403974,Sarıyer_4,27259729.72972973
Şişli,110,3.0,2.0,27000000.0,1.0,4.0,10,Doğalgaz,Chatbot,1.0,21,35.483870967741936,0,4.709530201312334,1.3862943611198906,330.0,220.0,31775387.323943663,0,110.0,0.39603960396039606,Şişli_3,26607954.545454547
Kadıköy,100,3.0,1.0,24000000.0,1.0,5.0,11,Doğalgaz,Chatbot,1.0,10,32.25806451612903,0,4.61512051684126,1.3862943611198906,300.0,100.0,12712120.921305181,0,100.0,0.45045045045045046,Kadıköy_3,16696702.898550725
Beşiktaş,130,4.0,0.0,48000000.0,1.0,6.0,15,Doğalgaz,Chatbot,1.0,8,31.707317073170735,0,4.875197323201151,1.6094379124341003,520.0,0.0,29936740.139211137,0,130.0,0.3973509933774835,Beşiktaş_4,27622500.0
Sarıyer,120,3.0,0.0,42000000.0,1.0,5.0,10,Doğalgaz,Chatbot,1.0,15,38.70967741935484,0,4.795790545596741,1.3862943611198906,360.0,0.0,17196453.112033196,0,120.0,0.49504950495049505,Sarıyer_3,11066987.671232877
Ümraniye,90,2.0,10.0,11500000.0,1.0,4.0,10,Doğalgaz,Chatbot,1.0,19,42.857142857142854,1,4.51085950651685,1.0986122886681098,180.0,900.0,15131140.350877194,0,90.0,0.39603960396039606,Ümraniye_2,12664166.666666666
Kartal,80,2.0,5.0,9900000.0,1.0,3.0,8,Doğalgaz,Chatbot,1.0,11,38.095238095238095,0,4.394449154672439,1.0986122886681098,160.0,400.0,14139868.421052631,0,80.0,0.3703703703703704,Kartal_2,10100000.0
Şişli,135,4.0,2.0,29500000.0,1.0,6.0,12,Doğalgaz,Chatbot,1.0,21,32.926829268292686,0,4.912654885736052,1.6094379124341003,540.0,270.0,31775387.323943663,0,135.0,0.49586776859504134,Şişli_4,33970073.52941176
Kadıköy,115,3.0,3.0,25000000.0,1.0,4.0,10,Doğalgaz,Chatbot,1.0,10,37.096774193548384,0,4.7535901911063645,1.3862943611198906,345.0,345.0,12712120.921305181,0,115.0,0.39603960396039606,Kadıköy_3,16696702.898550725
Beşiktaş,125,4.0,1.0,46000000.0,1.0,5.0,14,Doğalgaz,Chatbot,1.0,8,30.487804878048784,0,4.836281906951478,1.6094379124341003,500.0,125.0,29936740.139211137,0,125.0,0.3546099290780142,Beşiktaş_4,27622500.0
Sarıyer,130,3.0,1.0,48000000.0,1.0,5.0,11,Doğalgaz,Chatbot,1.0,15,41.935483870967744,0,4.875197323201151,1.3862943611198906,390.0,130.0,17196453.112033196,0,130.0,0.45045045045045046,Sarıyer_3,11066987.671232877
Ümraniye,95,2.0,20.0,11600000.0,1.0,4.0,10,Doğalgaz,Chatbot,1.0,19,45.238095238095234,2,4.564348191467836,1.0986122886681098,190.0,1900.0,15131140.350877194,0,95.0,0.39603960396039606,Ümraniye_2,12664166.666666666
Şişli,140,4.0,4.0,30000000.0,1.0,5.0,10,Doğalgaz,Chatbot,1.0,21,34.146341463414636,0,4.948759890378168,1.6094379124341003,560.0,560.0,31775387.323943663,0,140.0,0.49504950495049505,Şişli_4,33970073.52941176
Kadıköy,120,3.0,5.0,26500000.0,1.0,6.0,10,Doğalgaz,Chatbot,1.0,10,38.70967741935484,0,4.795790545596741,1.3862943611198906,360.0,600.0,12712120.921305181,0,120.0,0.594059405940594,Kadıköy_3,16696702.898550725
Beşiktaş,150,5.0,0.0,50000000.0,1.0,6.0,15,Doğalgaz,Chatbot,1.0,8,29.411764705882355,0,5.017279836814924,1.791759469228055,750.0,0.0,29936740.139211137,0,150.0,0.3973509933774835,Beşiktaş_5,38385762.711864404
Sarıyer,140,4.0,3.0,47500000.0,1.0,5.0,12,Doğalgaz,Chatbot,1.0,15,34.146341463414636,0,4.948759890378168,1.6094379124341003,560.0,420.0,17196453.112033196,0,140.0,0.4132231404958678,Sarıyer_4,27259729.72972973
Ümraniye,100,3.0,12.0,12500000.0,1.0,3.0,9,Doğalgaz,Chatbot,1.0,19,32.25806451612903,2,4.61512051684126,1.3862943611198906,300.0,1200.0,15131140.350877194,0,100.0,0.32967032967032966,Ümraniye_3,17257142.85714286
Kartal,90,2.0,8.0,11500000.0,1.0,4.0,10,Doğalgaz,Chatbot,1.0,11,42.857142857142854,1,4.51085950651685,1.0986122886681098,180.0,720.0,14139868.421052631,0,90.0,0.39603960396039606,Kartal_2,10100000.0
Şişli,130,4.0,2.0,28000000.0,1.0,5.0,11,Doğalgaz,Chatbot,1.0,21,31.707317073170735,0,4.875197323201151,1.6094379124341003,520.0,260.0,31775387.323943663,0,130.0,0.45045045045045046,Şişli_4,33970073.52941176
Kadıköy,140,4.0,1.0,29000000.0,1.0,5.0,10,Doğalgaz,Chatbot,1.0,10,34.146341463414636,0,4.948759890378168,1.6094379124341003,560.0,140.0,12712120.921305181,0,140.0,0.49504950495049505,Kadıköy_4,10351004.016064256
Beşiktaş,135,3.0,2.0,48500000.0,1.0,6.0,15,Doğalgaz,Chatbot,1.0,8,43.54838709677419,0,4.912654885736052,1.3862943611198906,405.0,270.0,29936740.139211137,0,135.0,0.3973509933774835,Beşiktaş_3,27756909.722222224
Sarıyer,150,4.0,0.0,51000000.0,1.0,6.0,10,Doğalgaz,Chatbot,1.0,15,36.58536585365854,0,5.017279836814924,1.6094379124341003,600.0,0.0,17196453.112033196,0,150.0,0.594059405940594,Sarıyer_4,27259729.72972973
Kadıköy,110,3.0,3.0,24000000.0,1.0,4.0,9,Doğalgaz,Chatbot,1.0,10,35.483870967741936,0,4.709530201312334,1.3862943611198906,330.0,330.0,12712120.921305181,0,110.0,0.43956043956043955,Kadıköy_3,16696702.898550725
Ümraniye,85,2.0,18.0,11300000.0,1.0,3.0,8,Doğalgaz,Chatbot,1.0,19,40.476190476190474,2,4.454347296253507,1.0986122886681098,170.0,1530.0,15131140.350877194,0,85.0,0.3703703703703704,Ümraniye_2,12664166.666666666
Kartal,85,2.0,1.0,10000000.0,1.0,4.0,11,Doğalgaz,Chatbot,1.0,11,40.476190476190474,0,4.454347296253507,1.0986122886681098,170.0,85.0,14139868.421052631,0,85.0,0.3603603603603604,Kartal_2,10100000.0
Şişli,145,4.0,0.0,30000000.0,1.0,6.0,12,Doğalgaz,Chatbot,1.0,21,35.36585365853659,0,4.983606621708336,1.6094379124341003,580.0,0.0,31775387.323943663,0,145.0,0.49586776859504134,Şişli_4,33970073.52941176
Kadıköy,130,4.0,1.0,29500000.0,1.0,5.0,14,Doğalgaz,Chatbot,1.0,10,31.707317073170735,0,4.875197323201151,1.6094379124341003,520.0,130.0,12712120.921305181,0,130.0,0.3546099290780142,Kadıköy_4,10351004.016064256
Beşiktaş,140,4.0,3.0,49000000.0,1.0,7.0,15,Doğalgaz,Chatbot,1.0,8,34.146341463414636,0,4.948759890378168,1.6094379124341003,560.0,420.0,29936740.139211137,0,140.0,0.4635761589403974,Beşiktaş_4,27622500.0
Sarıyer,145,4.0,0.0,50000000.0,1.0,5.0,10,Doğalgaz,Chatbot,1.0,15,35.36585365853659,0,4.983606621708336,1.6094379124341003,580.0,0.0,17196453.112033196,0,145.0,0.49504950495049505,Sarıyer_4,27259729.72972973
Ümraniye,95,2.0,25.0,11900000.0,1.0,4.0,10,Doğalgaz,Chatbot,1.0,19,45.238095238095234,3,4.564348191467836,1.0986122886681098,190.0,2375.0,15131140.350877194,0,95.0,0.39603960396039606,Ümraniye_2,12664166.666666666
Kartal,90,2.0,6.0,11100000.0,1.0,5.0,9,Doğalgaz,Chatbot,1.0,11,42.857142857142854,1,4.51085950651685,1.0986122886681098,180.0,540.0,14139868.421052631,0,90.0,0.5494505494505495,Kartal_2,10100000.0
Şişli,135,3.0,9.0,29500000.0,1.0,5.0,12,Doğalgaz,Chatbot,1.0,21,43.54838709677419,1,4.912654885736052,1.3862943611198906,405.0,1215.0,31775387.323943663,0,135.0,0.4132231404958678,Şişli_3,26607954.545454547
Kadıköy,125,3.0,2.0,25000000.0,1.0,4.0,10,Doğalgaz,Chatbot,1.0,10,40.32258064516129,0,4.836281906951478,1.3862943611198906,375.0,250.0,12712120.921305181,0,125.0,0.39603960396039606,Kadıköy_3,16696702.898550725
Beşiktaş,145,4.0,1.0,48500000.0,1.0,6.0,11,Doğalgaz,Chatbot,1.0,8,35.36585365853659,0,4.983606621708336,1.6094379124341003,580.0,145.0,29936740.139211137,0,145.0,0.5405405405405406,Beşiktaş_4,27622500.0
Sarıyer,130,3.0,2.0,46000000.0,1.0,5.0,10,Doğalgaz,Chatbot,1.0,15,41.935483870967744,0,4.875197323201151,1.3862943611198906,390.0,260.0,17196453.112033196,0,130.0,0.49504950495049505,Sarıyer_3,11066987.671232877
Kartal,85,2.0,1.0,10400000.0,1.0,4.0,10,Doğalgaz,Chatbot,1.0,11,40.476190476190474,0,4.454347296253507,1.0986122886681098,170.0,85.0,14139868.421052631,0,85.0,0.39603960396039606,Kartal_2,10100000.0
Şişli,120,3.0,8.0,24000000.0,1.0,4.0,10,Doğalgaz,Chatbot,1.0,21,38.70967741935484,1,4.795790545596741,1.3862943611198906,360.0,960.0,31775387.323943663,0,120.0,0.39603960396039606,Şişli_3,26607954.545454547
Kadıköy,110,3.0,3.0,22500000.0,1.0,5.0,11,Doğalgaz,Chatbot,1.0,10,35.483870967741936,0,4.709530201312334,1.3862943611198906,330.0,330.0,12712120.921305181,0,110.0,0.45045045045045046,Kadıköy_3,16696702.898550725
Beşiktaş,150,5.0,0.0,50000000.0,1.0,6.0,14,Doğalgaz,Chatbot,1.0,8,29.411764705882355,0,5.017279836814924,1.791759469228055,750.0,0.0,29936740.139211137,0,150.0,0.425531914893617,Beşiktaş_5,38385762.711864404
Sarıyer,140,4.0,1.0,48000000.0,1.0,5.0,12,Doğalgaz,Chatbot,1.0,15,34.146341463414636,0,4.948759890378168,1.6094379124341003,560.0,140.0,17196453.112033196,0,140.0,0.4132231404958678,Sarıyer_4,27259729.72972973
Ümraniye,95,2.0,20.0,11200000.0,1.0,3.0,10,Doğalgaz,Chatbot,1.0,19,45.238095238095234,2,4.564348191467836,1.0986122886681098,190.0,1900.0,15131140.350877194,0,95.0,0.297029702970297,Ümraniye_2,12664166.666666666
Şişli,135,4.0,0.0,30500000.0,1.0,7.0,15,Doğalgaz,Chatbot,1.0,21,32.926829268292686,0,4.912654885736052,1.6094379124341003,540.0,0.0,31775387.323943663,0,135.0,0.4635761589403974,Şişli_4,33970073.52941176
Kadıköy,130,4.0,2.0,29000000.0,1.0,6.0,12,Doğalgaz,Chatbot,1.0,10,31.707317073170735,0,4.875197323201151,1.6094379124341003,520.0,260.0,12712120.921305181,0,130.0,0.49586776859504134,Kadıköy_4,10351004.016064256
Beşiktaş,145,4.0,1.0,49500000.0,1.0,5.0,15,Doğalgaz,Chatbot,1.0,8,35.36585365853659,0,4.983606621708336,1.6094379124341003,580.0,145.0,29936740.139211137,0,145.0,0.33112582781456956,Beşiktaş_4,27622500.0
Sarıyer,150,4.0,0.0,51000000.0,1.0,6.0,10,Doğalgaz,Chatbot,1.0,15,36.58536585365854,0,5.017279836814924,1.6094379124341003,600.0,0.0,17196453.112033196,0,150.0,0.594059405940594,Sarıyer_4,27259729.72972973
Ümraniye,100,3.0,12.0,12600000.0,1.0,4.0,10,Doğalgaz,Chatbot,1.0,19,32.25806451612903,2,4.61512051684126,1.3862943611198906,300.0,1200.0,15131140.350877194,0,100.0,0.39603960396039606,Ümraniye_3,17257142.85714286
Kartal,85,2.0,3.0,10500000.0,1.0,5.0,9,Doğalgaz,Chatbot,1.0,11,40.476190476190474,0,4.454347296253507,1.0986122886681098,170.0,255.0,14139868.421052631,0,85.0,0.5494505494505495,Kartal_2,10100000.0
Şişli,130,3.0,1.0,27500000.0,1.0,4.0,11,Doğalgaz,Chatbot,1.0,21,41.935483870967744,0,4.875197323201151,1.3862943611198906,390.0,130.0,31775387.323943663,0,130.0,0.3603603603603604,Şişli_3,26607954.545454547
Kadıköy,120,3.0,3.0,24000000.0,1.0,5.0,10,Doğalgaz,Chatbot,1.0,10,38.70967741935484,0,4.795790545596741,1.3862943611198906,360.0,360.0,12712120.921305181,0,120.0,0.49504950495049505,Kadıköy_3,16696702.898550725
Beşiktaş,100,3.0,0.0,37500000.0,1.0,5.0,10,Doğalgaz,Chatbot,1.0,8,32.25806451612903,0,4.61512051684126,1.3862943611198906,300.0,0.0,29936740.139211137,0,100.0,0.49504950495049505,Beşiktaş_3,27756909.722222224
Sarıyer,135,4.0,1.0,50000000.0,1.0,5.0,11,Doğalgaz,Chatbot,1.0,15,32.926829268292686,0,4.912654885736052,1.6094379124341003,540.0,135.0,17196453.112033196,0,135.0,0.45045045045045046,Sarıyer_4,27259729.72972973
Şişli,145,4.0,3.0,31000000.0,1.0,5.0,10,Doğalgaz,Chatbot,1.0,21,35.36585365853659,0,4.983606621708336,1.6094379124341003,580.0,435.0,31775387.323943663,0,145.0,0.49504950495049505,Şişli_4,33970073.52941176
Kadıköy,110,3.0,6.0,25000000.0,1.0,4.0,10,Doğalgaz,Chatbot,1.0,10,35.483870967741936,1,4.709530201312334,1.3862943611198906,330.0,660.0,12712120.921305181,0,110.0,0.39603960396039606,Kadıköy_3,16696702.898550725
Beşiktaş,120,3.0,0.0,42000000.0,1.0,6.0,12,Doğalgaz,Chatbot,1.0,8,38.70967741935484,0,4.795790545596741,1.3862943611198906,360.0,0.0,29936740.139211137,0,120.0,0.49586776859504134,Beşiktaş_3,27756909.722222224
Sarıyer,140,4.0,1.0,48000000.0,1.0,5.0,11,Doğalgaz,Chatbot,1.0,15,34.146341463414636,0,4.948759890378168,1.6094379124341003,560.0,140.0,17196453.112033196,0,140.0,0.45045045045045046,Sarıyer_4,27259729.72972973
Şişli,135,4.0,0.0,29500000.0,1.0,5.0,14,Doğalgaz,Chatbot,1.0,21,32.926829268292686,0,4.912654885736052,1.6094379124341003,540.0,0.0,31775387.323943663,0,135.0,0.3546099290780142,Şişli_4,33970073.52941176
Kadıköy,130,4.0,2.0,28500000.0,1.0,5.0,10,Doğalgaz,Chatbot,1.0,10,31.707317073170735,0,4.875197323201151,1.6094379124341003,520.0,260.0,12712120.921305181,0,130.0,0.49504950495049505,Kadıköy_4,10351004.016064256
Beşiktaş,125,4.0,1.0,48000000.0,1.0,6.0,13,Doğalgaz,Chatbot,1.0,8,30.487804878048784,0,4.836281906951478,1.6094379124341003,500.0,125.0,29936740.139211137,0,125.0,0.4580152671755725,Beşiktaş_4,27622500.0
Sarıyer,130,3.0,3.0,47000000.0,1.0,5.0,10,Doğalgaz,Chatbot,1.0,15,41.935483870967744,0,4.875197323201151,1.3862943611198906,390.0,390.0,17196453.112033196,0,130.0,0.49504950495049505,Sarıyer_3,11066987.671232877
Ümraniye,95,2.0,20.0,11900000.0,1.0,4.0,10,Doğalgaz,Chatbot,1.0,19,45.238095238095234,2,4.564348191467836,1.0986122886681098,190.0,1900.0,15131140.350877194,0,95.0,0.39603960396039606,Ümraniye_2,12664166.666666666
Kartal,85,2.0,3.0,10000000.0,1.0,3.0,9,Doğalgaz,Chatbot,1.0,11,40.476190476190474,0,4.454347296253507,1.0986122886681098,170.0,255.0,14139868.421052631,0,85.0,0.32967032967032966,Kartal_2,10100000.0
Şişli,145,4.0,2.0,30500000.0,1.0,5.0,11,Doğalgaz,Chatbot,1.0,21,35.36585365853659,0,4.983606621708336,1.6094379124341003,580.0,290.0,31775387.323943663,0,145.0,0.45045045045045046,Şişli_4,33970073.52941176
Kadıköy,120,3.0,4.0,25000000.0,1.0,5.0,10,Doğalgaz,Chatbot,1.0,10,38.70967741935484,0,4.795790545596741,1.3862943611198906,360.0,480.0,12712120.921305181,0,120.0,0.49504950495049505,Kadıköy_3,16696702.898550725
Beşiktaş,100,3.0,0.0,40000000.0,1.0,6.0,12,Doğalgaz,Chatbot,1.0,8,32.25806451612903,0,4.61512051684126,1.3862943611198906,300.0,0.0,29936740.139211137,0,100.0,0.49586776859504134,Beşiktaş_3,27756909.722222224
Sarıyer,140,4.0,1.0,48500000.0,1.0,4.0,10,Doğalgaz,Chatbot,1.0,15,34.146341463414636,0,4.948759890378168,1.6094379124341003,560.0,140.0,17196453.112033196,0,140.0,0.39603960396039606,Sarıyer_4,27259729.72972973
Kartal,90,2.0,5.0,9800000.0,1.0,3.0,10,Doğalgaz,Chatbot,1.0,11,42.857142857142854,0,4.51085950651685,1.0986122886681098,180.0,450.0,14139868.421052631,0,90.0,0.297029702970297,Kartal_2,10100000.0
Şişli,135,4.0,3.0,32000000.0,1.0,5.0,11,Doğalgaz,Chatbot,1.0,21,32.926829268292686,0,4.912654885736052,1.6094379124341003,540.0,405.0,31775387.323943663,0,135.0,0.45045045045045046,Şişli_4,33970073.52941176
Kadıköy,130,4.0,1.0,29000000.0,1.0,5.0,12,Doğalgaz,Chatbot,1.0,10,31.707317073170735,0,4.875197323201151,1.6094379124341003,520.0,130.0,12712120.921305181,0,130.0,0.4132231404958678,Kadıköy_4,10351004.016064256
Beşiktaş,150,5.0,1.0,50000000.0,1.0,5.0,10,Doğalgaz,Chatbot,1.0,8,29.411764705882355,0,5.017279836814924,1.791759469228055,750.0,150.0,29936740.139211137,0,150.0,0.49504950495049505,Beşiktaş_5,38385762.711864404
Sarıyer,140,4.0,0.0,47000000.0,1.0,6.0,11,Doğalgaz,Chatbot,1.0,15,34.146341463414636,0,4.948759890378168,1.6094379124341003,560.0,0.0,17196453.112033196,0,140.0,0.5405405405405406,Sarıyer_4,27259729.72972973
Kartal,80,2.0,6.0,9700000.0,1.0,4.0,10,Doğalgaz,Chatbot,1.0,11,38.095238095238095,1,4.394449154672439,1.0986122886681098,160.0,480.0,14139868.421052631,0,80.0,0.39603960396039606,Kartal_2,10100000.0
Şişli,125,3.0,2.0,27000000.0,1.0,5.0,12,Doğalgaz,Chatbot,1.0,21,40.32258064516129,0,4.836281906951478,1.3862943611198906,375.0,250.0,31775387.323943663,0,125.0,0.4132231404958678,Şişli_3,26607954.545454547
Kadıköy,110,3.0,3.0,23000000.0,1.0,5.0,10,Doğalgaz,Chatbot,1.0,10,35.483870967741936,0,4.709530201312334,1.3862943611198906,330.0,330.0,12712120.921305181,0,110.0,0.49504950495049505,Kadıköy_3,16696702.898550725
Beşiktaş,130,4.0,0.0,46000000.0,1.0,6.0,12,Doğalgaz,Chatbot,1.0,8,31.707317073170735,0,4.875197323201151,1.6094379124341003,520.0,0.0,29936740.139211137,0,130.0,0.49586776859504134,Beşiktaş_4,27622500.0
Sarıyer,145,4.0,1.0,49500000.0,1.0,5.0,11,Doğalgaz,Chatbot,1.0,15,35.36585365853659,0,4.983606621708336,1.6094379124341003,580.0,145.0,17196453.112033196,0,145.0,0.45045045045045046,Sarıyer_4,27259729.72972973
Ümraniye,90,2.0,20.0,12000000.0,1.0,4.0,10,Doğalgaz,Chatbot,1.0,19,42.857142857142854,2,4.51085950651685,1.0986122886681098,180.0,1800.0,15131140.350877194,0,90.0,0.39603960396039606,Ümraniye_2,12664166.666666666
Kartal,75,2.0,4.0,9400000.0,1.0,3.0,9,Doğalgaz,Chatbot,1.0,11,35.714285714285715,0,4.330733340286331,1.0986122886681098,150.0,300.0,14139868.421052631,0,75.0,0.32967032967032966,Kartal_2,10100000.0
Şişli,130,3.0,7.0,27500000.0,1.0,5.0,11,Doğalgaz,Chatbot,1.0,21,41.935483870967744,1,4.875197323201151,1.3862943611198906,390.0,910.0,31775387.323943663,0,130.0,0.45045045045045046,Şişli_3,26607954.545454547
Kadıköy,120,3.0,1.0,24000000.0,1.0,4.0,10,Doğalgaz,Chatbot,1.0,10,38.70967741935484,0,4.795790545596741,1.3862943611198906,360.0,120.0,12712120.921305181,0,120.0,0.39603960396039606,Kadıköy_3,16696702.898550725
Beşiktaş,140,4.0,2.0,48000000.0,1.0,5.0,10,Doğalgaz,Chatbot,1.0,8,34.146341463414636,0,4.948759890378168,1.6094379124341003,560.0,280.0,29936740.139211137,0,140.0,0.49504950495049505,Beşiktaş_4,27622500.0
Sarıyer,150,4.0,0.0,50000000.0,1.0,5.0,11,Doğalgaz,Chatbot,1.0,15,36.58536585365854,0,5.017279836814924,1.6094379124341003,600.0,0.0,17196453.112033196,0,150.0,0.45045045045045046,Sarıyer_4,27259729.72972973
Ümraniye,90,2.0,22.0,11200000.0,1.0,4.0,10,Doğalgaz,Chatbot,1.0,19,42.857142857142854,3,4.51085950651685,1.0986122886681098,180.0,1980.0,15131140.350877194,0,90.0,0.39603960396039606,Ümraniye_2,12664166.666666666
Kartal,85,2.0,3.0,10000000.0,1.0,3.0,9,Doğalgaz,Chatbot,1.0,11,40.476190476190474,0,4.454347296253507,1.0986122886681098,170.0,255.0,14139868.421052631,0,85.0,0.32967032967032966,Kartal_2,10100000.0
Şişli,145,4.0,1.0,31000000.0,1.0,5.0,10,Doğalgaz,Chatbot,1.0,21,35.36585365853659,0,4.983606621708336,1.6094379124341003,580.0,145.0,31775387.323943663,0,145.0,0.49504950495049505,Şişli_4,33970073.52941176
Kadıköy,130,4.0,4.0,29000000.0,1.0,6.0,12,Doğalgaz,Chatbot,1.0,10,31.707317073170735,0,4.875197323201151,1.6094379124341003,520.0,520.0,12712120.921305181,0,130.0,0.49586776859504134,Kadıköy_4,10351004.016064256
Beşiktaş,150,5.0,1.0,49500000.0,1.0,5.0,14,Doğalgaz,Chatbot,1.0,8,29.411764705882355,0,5.017279836814924,1.791759469228055,750.0,150.0,29936740.139211137,0,150.0,0.3546099290780142,Beşiktaş_5,38385762.711864404
Sarıyer,140,4.0,2.0,47500000.0,1.0,5.0,10,Doğalgaz,Chatbot,1.0,15,34.146341463414636,0,4.948759890378168,1.6094379124341003,560.0,280.0,17196453.112033196,0,140.0,0.49504950495049505,Sarıyer_4,27259729.72972973
Ümraniye,95,2.0,18.0,11300000.0,1.0,4.0,10,Doğalgaz,Chatbot,1.0,19,45.238095238095234,2,4.564348191467836,1.0986122886681098,190.0,1710.0,15131140.350877194,0,95.0,0.39603960396039606,Ümraniye_2,12664166.666666666
Şişli,130,3.0,5.0,27000000.0,1.0,5.0,10,Doğalgaz,Chatbot,1.0,21,41.935483870967744,0,4.875197323201151,1.3862943611198906,390.0,650.0,31775387.323943663,0,130.0,0.49504950495049505,Şişli_3,26607954.545454547
Kadıköy,110,3.0,3.0,23500000.0,1.0,5.0,10,Doğalgaz,Chatbot,1.0,10,35.483870967741936,0,4.709530201312334,1.3862943611198906,330.0,330.0,12712120.921305181,0,110.0,0.49504950495049505,Kadıköy_3,16696702.898550725
Kadıköy,90,2.0,0.0,21600000.0,1.0,5.0,10,Doğalgaz,Chatbot,1.0,10,42.857142857142854,0,4.51085950651685,1.0986122886681098,180.0,0.0,12712120.921305181,0,90.0,0.49504950495049505,Kadıköy_2,17476521.739130434
Kadıköy,100,3.0,5.0,23000000.0,1.0,6.0,12,Doğalgaz,Chatbot,1.0,10,32.25806451612903,0,4.61512051684126,1.3862943611198906,300.0,500.0,12712120.921305181,0,100.0,0.49586776859504134,Kadıköy_3,16696702.898550725
Beşiktaş,95,3.0,1.0,29500000.0,1.0,6.0,14,Doğalgaz,Chatbot,1.0,8,30.64516129032258,0,4.564348191467836,1.3862943611198906,285.0,95.0,29936740.139211137,0,95.0,0.425531914893617,Beşiktaş_3,27756909.722222224
Beşiktaş,120,4.0,0.0,31000000.0,1.0,7.0,15,Doğalgaz,Chatbot,1.0,8,29.26829268292683,0,4.795790545596741,1.6094379124341003,480.0,0.0,29936740.139211137,0,120.0,0.4635761589403974,Beşiktaş_4,27622500.0
Ümraniye,75,2.0,15.0,10500000.0,1.0,4.0,10,Doğalgaz,Chatbot,1.0,19,35.714285714285715,2,4.330733340286331,1.0986122886681098,150.0,1125.0,15131140.350877194,0,75.0,0.39603960396039606,Ümraniye_2,12664166.666666666
Kadıköy,95,2.0,3.0,22500000.0,1.0,5.0,10,Doğalgaz,Chatbot,1.0,10,45.238095238095234,0,4.564348191467836,1.0986122886681098,190.0,285.0,12712120.921305181,0,95.0,0.49504950495049505,Kadıköy_2,17476521.739130434
Kadıköy,90,3.0,0.0,22000000.0,1.0,6.0,11,Doğalgaz,Chatbot,1.0,10,29.032258064516128,0,4.51085950651685,1.3862943611198906,270.0,0.0,12712120.921305181,0,90.0,0.5405405405405406,Kadıköy_3,16696702.898550725
Beşiktaş,100,3.0,2.0,30000000.0,1.0,5.0,10,Doğalgaz,Chatbot,1.0,8,32.25806451612903,0,4.61512051684126,1.3862943611198906,300.0,200.0,29936740.139211137,0,100.0,0.49504950495049505,Beşiktaş_3,27756909.722222224
Beşiktaş,110,4.0,1.0,29000000.0,1.0,6.0,12,Doğalgaz,Chatbot,1.0,8,26.82926829268293,0,4.709530201312334,1.6094379124341003,440.0,110.0,29936740.139211137,0,110.0,0.49586776859504134,Beşiktaş_4,27622500.0
Ümraniye,90,2.0,20.0,11500000.0,1.0,4.0,10,Doğalgaz,Chatbot,1.0,19,42.857142857142854,2,4.51085950651685,1.0986122886681098,180.0,1800.0,15131140.350877194,0,90.0,0.39603960396039606,Ümraniye_2,12664166.666666666
Kadıköy,110,3.0,1.0,24000000.0,1.0,5.0,10,Doğalgaz,Chatbot,1.0,10,35.483870967741936,0,4.709530201312334,1.3862943611198906,330.0,110.0,12712120.921305181,0,110.0,0.49504950495049505,Kadıköy_3,16696702.898550725
Kadıköy,95,2.0,0.0,23000000.0,1.0,6.0,12,Doğalgaz,Chatbot,1.0,10,45.238095238095234,0,4.564348191467836,1.0986122886681098,190.0,0.0,12712120.921305181,0,95.0,0.49586776859504134,Kadıköy_2,17476521.739130434
Beşiktaş,125,4.0,0.0,32000000.0,1.0,5.0,14,Doğalgaz,Chatbot,1.0,8,30.487804878048784,0,4.836281906951478,1.6094379124341003,500.0,0.0,29936740.139211137,0,125.0,0.3546099290780142,Beşiktaş_4,27622500.0
Beşiktaş,120,3.0,3.0,30000000.0,1.0,4.0,10,Doğalgaz,Chatbot,1.0,8,38.70967741935484,0,4.795790545596741,1.3862943611198906,360.0,360.0,29936740.139211137,0,120.0,0.39603960396039606,Beşiktaş_3,27756909.722222224
Kadıköy,100,3.0,5.0,22500000.0,1.0,4.0,10,Doğalgaz,Chatbot,1.0,10,32.25806451612903,0,4.61512051684126,1.3862943611198906,300.0,500.0,12712120.921305181,0,100.0,0.39603960396039606,Kadıköy_3,16696702.898550725
Beşiktaş,125,4.0,1.0,31500000.0,1.0,5.0,14,Doğalgaz,Chatbot,1.0,8,30.487804878048784,0,4.836281906951478,1.6094379124341003,500.0,125.0,29936740.139211137,0,125.0,0.3546099290780142,Beşiktaş_4,27622500.0
Beşiktaş,115,3.0,0.0,29500000.0,1.0,6.0,11,Doğalgaz,Chatbot,1.0,8,37.096774193548384,0,4.7535901911063645,1.3862943611198906,345.0,0.0,29936740.139211137,0,115.0,0.5405405405405406,Beşiktaş_3,27756909.722222224
Ümraniye,90,2.0,15.0,10900000.0,1.0,4.0,10,Doğalgaz,Chatbot,1.0,19,42.857142857142854,2,4.51085950651685,1.0986122886681098,180.0,1350.0,15131140.350877194,0,90.0,0.39603960396039606,Ümraniye_2,12664166.666666666
Ümraniye,100,3.0,5.0,12000000.0,1.0,3.0,10,Doğalgaz,Chatbot,1.0,19,32.25806451612903,0,4.61512051684126,1.3862943611198906,300.0,500.0,15131140.350877194,0,100.0,0.297029702970297,Ümraniye_3,17257142.85714286
Kadıköy,80,2.0,1.0,21200000.0,1.0,5.0,11,Doğalgaz,Chatbot,1.0,10,38.095238095238095,0,4.394449154672439,1.0986122886681098,160.0,80.0,12712120.921305181,0,80.0,0.45045045045045046,Kadıköy_2,17476521.739130434
Kadıköy,105,3.0,3.0,23500000.0,1.0,5.0,10,Doğalgaz,Chatbot,1.0,10,33.87096774193548,0,4.663439094112067,1.3862943611198906,315.0,315.0,12712120.921305181,0,105.0,0.49504950495049505,Kadıköy_3,16696702.898550725
Beşiktaş,95,2.0,0.0,29000000.0,1.0,6.0,12,Doğalgaz,Chatbot,1.0,8,45.238095238095234,0,4.564348191467836,1.0986122886681098,190.0,0.0,29936740.139211137,0,95.0,0.49586776859504134,Beşiktaş_2,14200681.818181818
Beşiktaş,110,3.0,1.0,30500000.0,1.0,7.0,14,Doğalgaz,Chatbot,1.0,8,35.483870967741936,0,4.709530201312334,1.3862943611198906,330.0,110.0,29936740.139211137,0,110.0,0.49645390070921985,Beşiktaş_3,27756909.722222224
Kadıköy,90,3.0,2.0,23000000.0,1.0,4.0,10,Doğalgaz,Chatbot,1.0,10,29.032258064516128,0,4.51085950651685,1.3862943611198906,270.0,180.0,12712120.921305181,0,90.0,0.39603960396039606,Kadıköy_3,16696702.898550725
Kadıköy,80,2.0,0.0,22000000.0,1.0,6.0,12,Doğalgaz,Chatbot,1.0,10,38.095238095238095,0,4.394449154672439,1.0986122886681098,160.0,0.0,12712120.921305181,0,80.0,0.49586776859504134,Kadıköy_2,17476521.739130434
Beşiktaş,120,4.0,1.0,29500000.0,1.0,5.0,12,Doğalgaz,Chatbot,1.0,8,29.26829268292683,0,4.795790545596741,1.6094379124341003,480.0,120.0,29936740.139211137,0,120.0,0.4132231404958678,Beşiktaş_4,27622500.0
Beşiktaş,125,3.0,4.0,31000000.0,1.0,6.0,11,Doğalgaz,Chatbot,1.0,8,40.32258064516129,0,4.836281906951478,1.3862943611198906,375.0,500.0,29936740.139211137,0,125.0,0.5405405405405406,Beşiktaş_3,27756909.722222224
Kadıköy,95,3.0,3.0,22500000.0,1.0,4.0,10,Doğalgaz,Chatbot,1.0,10,30.64516129032258,0,4.564348191467836,1.3862943611198906,285.0,285.0,12712120.921305181,0,95.0,0.39603960396039606,Kadıköy_3,16696702.898550725
Kadıköy,110,3.0,5.0,24000000.0,1.0,5.0,10,Doğalgaz,Chatbot,1.0,10,35.483870967741936,0,4.709530201312334,1.3862943611198906,330.0,550.0,12712120.921305181,0,110.0,0.49504950495049505,Kadıköy_3,16696702.898550725
Beşiktaş,115,3.0,0.0,29000000.0,1.0,6.0,12,Doğalgaz,Chatbot,1.0,8,37.096774193548384,0,4.7535901911063645,1.3862943611198906,345.0,0.0,29936740.139211137,0,115.0,0.49586776859504134,Beşiktaş_3,27756909.722222224
Beşiktaş,120,4.0,1.0,31000000.0,1.0,7.0,14,Doğalgaz,Chatbot,1.0,8,29.26829268292683,0,4.795790545596741,1.6094379124341003,480.0,120.0,29936740.139211137,0,120.0,0.49645390070921985,Beşiktaş_4,27622500.0
Ümraniye,100,3.0,5.0,12000000.0,1.0,4.0,10,Doğalgaz,Chatbot,1.0,19,32.25806451612903,0,4.61512051684126,1.3862943611198906,300.0,500.0,15131140.350877194,0,100.0,0.39603960396039606,Ümraniye_3,17257142.85714286
Kadıköy,100,3.0,1.0,23500000.0,1.0,5.0,10,Doğalgaz,Chatbot,1.0,10,32.25806451612903,0,4.61512051684126,1.3862943611198906,300.0,100.0,12712120.921305181,0,100.0,0.49504950495049505,Kadıköy_3,16696702.898550725
Kadıköy,90,2.0,0.0,21500000.0,1.0,6.0,11,Doğalgaz,Chatbot,1.0,10,42.857142857142854,0,4.51085950651685,1.0986122886681098,180.0,0.0,12712120.921305181,0,90.0,0.5405405405405406,Kadıköy_2,17476521.739130434
Beşiktaş,110,3.0,2.0,30000000.0,1.0,5.0,12,Doğalgaz,Chatbot,1.0,8,35.483870967741936,0,4.709530201312334,1.3862943611198906,330.0,220.0,29936740.139211137,0,110.0,0.4132231404958678,Beşiktaş_3,27756909.722222224
Beşiktaş,125,4.0,0.0,31900000.0,1.0,6.0,15,Doğalgaz,Chatbot,1.0,8,30.487804878048784,0,4.836281906951478,1.6094379124341003,500.0,0.0,29936740.139211137,0,125.0,0.3973509933774835,Beşiktaş_4,27622500.0
Ümraniye,80,2.0,2.0,10700000.0,1.0,4.0,10,Doğalgaz,Chatbot,1.0,19,38.095238095238095,0,4.394449154672439,1.0986122886681098,160.0,160.0,15131140.350877194,0,80.0,0.39603960396039606,Ümraniye_2,12664166.666666666
Kadıköy,95,3.0,3.0,23000000.0,1.0,5.0,11,Doğalgaz,Chatbot,1.0,10,30.64516129032258,0,4.564348191467836,1.3862943611198906,285.0,285.0,12712120.921305181,0,95.0,0.45045045045045046,Kadıköy_3,16696702.898550725
Kadıköy,85,2.0,0.0,21000000.0,1.0,6.0,10,Doğalgaz,Chatbot,1.0,10,40.476190476190474,0,4.454347296253507,1.0986122886681098,170.0,0.0,12712120.921305181,0,85.0,0.594059405940594,Kadıköy_2,17476521.739130434
Beşiktaş,120,4.0,5.0,30000000.0,1.0,4.0,10,Doğalgaz,Chatbot,1.0,8,29.26829268292683,0,4.795790545596741,1.6094379124341003,480.0,600.0,29936740.139211137,0,120.0,0.39603960396039606,Beşiktaş_4,27622500.0
Beşiktaş,110,3.0,0.0,29000000.0,1.0,6.0,12,Doğalgaz,Chatbot,1.0,8,35.483870967741936,0,4.709530201312334,1.3862943611198906,330.0,0.0,29936740.139211137,0,110.0,0.49586776859504134,Beşiktaş_3,27756909.722222224
Kadıköy,100,3.0,5.0,23000000.0,1.0,4.0,10,Doğalgaz,Chatbot,1.0,10,32.25806451612903,0,4.61512051684126,1.3862943611198906,300.0,500.0,12712120.921305181,0,100.0,0.39603960396039606,Kadıköy_3,16696702.898550725
Kadıköy,80,2.0,1.0,21000000.0,1.0,6.0,11,Doğalgaz,Chatbot,1.0,10,38.095238095238095,0,4.394449154672439,1.0986122886681098,160.0,80.0,12712120.921305181,0,80.0,0.5405405405405406,Kadıköy_2,17476521.739130434
Beşiktaş,125,3.0,2.0,31000000.0,1.0,5.0,12,Doğalgaz,Chatbot,1.0,8,40.32258064516129,0,4.836281906951478,1.3862943611198906,375.0,250.0,29936740.139211137,0,125.0,0.4132231404958678,Beşiktaş_3,27756909.722222224
Beşiktaş,120,4.0,2.0,30500000.0,1.0,5.0,10,Doğalgaz,Chatbot,1.0,8,29.26829268292683,0,4.795790545596741,1.6094379124341003,480.0,240.0,29936740.139211137,0,120.0,0.49504950495049505,Beşiktaş_4,27622500.0
Kadıköy,100,3.0,3.0,23100000.0,1.0,4.0,10,Doğalgaz,Chatbot,1.0,10,32.25806451612903,0,4.61512051684126,1.3862943611198906,300.0,300.0,12712120.921305181,0,100.0,0.39603960396039606,Kadıköy_3,16696702.898550725
Kadıköy,90,2.0,0.0,21500000.0,1.0,5.0,12,Doğalgaz,Chatbot,1.0,10,42.857142857142854,0,4.51085950651685,1.0986122886681098,180.0,0.0,12712120.921305181,0,90.0,0.4132231404958678,Kadıköy_2,17476521.739130434
Beşiktaş,115,3.0,1.0,29000000.0,1.0,5.0,11,Doğalgaz,Chatbot,1.0,8,37.096774193548384,0,4.7535901911063645,1.3862943611198906,345.0,115.0,29936740.139211137,0,115.0,0.45045045045045046,Beşiktaş_3,27756909.722222224
Beşiktaş,120,4.0,0.0,31000000.0,1.0,6.0,15,Doğalgaz,Chatbot,1.0,8,29.26829268292683,0,4.795790545596741,1.6094379124341003,480.0,0.0,29936740.139211137,0,120.0,0.3973509933774835,Beşiktaş_4,27622500.0
Kadıköy,85,2.0,2.0,21000000.0,1.0,4.0,10,Doğalgaz,Chatbot,1.0,10,40.476190476190474,0,4.454347296253507,1.0986122886681098,170.0,170.0,12712120.921305181,0,85.0,0.39603960396039606,Kadıköy_2,17476521.739130434
Kadıköy,90,3.0,3.0,24000000.0,1.0,6.0,11,Doğalgaz,Chatbot,1.0,10,29.032258064516128,0,4.51085950651685,1.3862943611198906,270.0,270.0,12712120.921305181,0,90.0,0.5405405405405406,Kadıköy_3,16696702.898550725
Beşiktaş,135,4.0,0.0,31500000.0,1.0,5.0,12,Doğalgaz,Chatbot,1.0,8,32.926829268292686,0,4.912654885736052,1.6094379124341003,540.0,0.0,29936740.139211137,0,135.0,0.4132231404958678,Beşiktaş_4,27622500.0
Beşiktaş,120,3.0,0.0,29500000.0,1.0,4.0,10,Doğalgaz,Chatbot,1.0,8,38.70967741935484,0,4.795790545596741,1.3862943611198906,360.0,0.0,29936740.139211137,0,120.0,0.39603960396039606,Beşiktaş_3,27756909.722222224
Kadıköy,85,2.0,2.0,21300000.0,1.0,4.0,10,Doğalgaz,Chatbot,1.0,10,40.476190476190474,0,4.454347296253507,1.0986122886681098,170.0,170.0,12712120.921305181,0,85.0,0.39603960396039606,Kadıköy_2,17476521.739130434
Kadıköy,100,3.0,5.0,23000000.0,1.0,4.0,10,Doğalgaz,Chatbot,1.0,10,32.25806451612903,0,4.61512051684126,1.3862943611198906,300.0,500.0,12712120.921305181,0,100.0,0.39603960396039606,Kadıköy_3,16696702.898550725
Pendik,85,3.0,5.0,12750000.0,0.0,3.0,8,Dogalgaz,Chatbot,1.0,13,27.419354838709676,0,4.454347296253507,1.3862943611198906,255.0,425.0,4022337.7879858655,0,0.0,0.3703703703703704,Pendik_3,3735718.0939597315
Pendik,95,4.0,0.0,19152000.0,1.0,5.0,10,Dogalgaz,Chatbot,1.0,13,23.170731707317074,0,4.564348191467836,1.6094379124341003,380.0,0.0,4022337.7879858655,0,95.0,0.49504950495049505,Pendik_4,2105924.3333333335
Pendik,110,4.0,22.0,14052500.0,0.0,7.0,12,Dogalgaz,Chatbot,1.0,13,26.82926829268293,3,4.709530201312334,1.6094379124341003,440.0,2420.0,4022337.7879858655,0,0.0,0.578512396694215,Pendik_4,2105924.3333333335
Pendik,75,3.0,10.0,15120000.0,1.0,2.0,6,Dogalgaz,Chatbot,1.0,13,24.193548387096772,1,4.330733340286331,1.3862943611198906,225.0,750.0,4022337.7879858655,0,75.0,0.3278688524590164,Pendik_3,3735718.0939597315
Pendik,130,5.0,0.0,26208000.0,1.0,9.0,14,Dogalgaz,Chatbot,1.0,13,25.490196078431374,0,4.875197323201151,1.791759469228055,650.0,0.0,4022337.7879858655,0,130.0,0.6382978723404256,Pendik_5,10867600.0
Beşiktaş,120,4.0,2.0,63360000.0,1.0,8.0,12,Merkezi,Chatbot,0.5,8,29.26829268292683,0,4.795790545596741,1.6094379124341003,480.0,240.0,29936740.139211137,0,120.0,0.6611570247933884,Beşiktaş_4,27622500.0
Beşiktaş,140,5.0,4.0,73920000.0,1.0,10.0,14,Merkezi,Chatbot,0.5,8,27.450980392156865,0,4.948759890378168,1.791759469228055,700.0,560.0,29936740.139211137,0,140.0,0.7092198581560284,Beşiktaş_5,38385762.711864404
Beşiktaş,160,5.0,1.0,84480000.0,1.0,12.0,16,Merkezi,Chatbot,0.5,8,31.372549019607845,0,5.081404364984463,1.791759469228055,800.0,160.0,29936740.139211137,0,160.0,0.7453416149068323,Beşiktaş_5,38385762.711864404
Beşiktaş,100,3.0,3.0,48000000.0,1.0,7.0,10,Merkezi,Chatbot,0.5,8,32.25806451612903,0,4.61512051684126,1.3862943611198906,300.0,300.0,29936740.139211137,0,100.0,0.6930693069306931,Beşiktaş_3,27756909.722222224
Beşiktaş,180,6.0,5.0,95040000.0,1.0,15.0,18,Merkezi,Chatbot,0.5,8,29.508196721311478,0,5.198497031265826,1.9459101490553132,1080.0,900.0,29936740.139211137,0,180.0,0.8287292817679557,Beşiktaş_6,42748333.333333336
Beşiktaş,130,4.0,0.0,68640000.0,1.0,9.0,12,Merkezi,Chatbot,0.5,8,31.707317073170735,0,4.875197323201151,1.6094379124341003,520.0,0.0,29936740.139211137,0,130.0,0.7438016528925621,Beşiktaş_4,27622500.0
Beşiktaş,150,5.0,2.0,79200000.0,1.0,11.0,14,Merkezi,Chatbot,0.5,8,29.411764705882355,0,5.017279836814924,1.791759469228055,750.0,300.0,29936740.139211137,0,150.0,0.7801418439716312,Beşiktaş_5,38385762.711864404
Beşiktaş,170,5.0,4.0,89760000.0,1.0,13.0,16,Merkezi,Chatbot,0.5,8,33.333333333333336,0,5.14166355650266,1.791759469228055,850.0,680.0,29936740.139211137,0,170.0,0.8074534161490683,Beşiktaş_5,38385762.711864404
Beşiktaş,110,4.0,1.0,58080000.0,1.0,8.0,11,Merkezi,Chatbot,0.5,8,26.82926829268293,0,4.709530201312334,1.6094379124341003,440.0,110.0,29936740.139211137,0,110.0,0.7207207207207208,Beşiktaş_4,27622500.0
Beşiktaş,190,6.0,5.0,100320000.0,1.0,16.0,20,Merkezi,Chatbot,0.5,8,31.14754098360656,0,5.25227342804663,1.9459101490553132,1140.0,950.0,29936740.139211137,0,190.0,0.7960199004975124,Beşiktaş_6,42748333.333333336
Kadıköy,90,3.0,5.0,22500000.0,0.0,4.0,8,Dogalgaz,Chatbot,1.0,10,29.032258064516128,0,4.51085950651685,1.3862943611198906,270.0,450.0,12712120.921305181,0,0.0,0.4938271604938272,Kadıköy_3,16696702.898550725
Kadıköy,110,4.0,2.0,27500000.0,0.0,6.0,10,Dogalgaz,Chatbot,1.0,10,26.82926829268293,0,4.709530201312334,1.6094379124341003,440.0,220.0,12712120.921305181,0,0.0,0.594059405940594,Kadıköy_4,10351004.016064256
Kadıköy,130,4.0,8.0,32500000.0,0.0,7.0,12,Dogalgaz,Chatbot,1.0,10,31.707317073170735,1,4.875197323201151,1.6094379124341003,520.0,1040.0,12712120.921305181,0,0.0,0.578512396694215,Kadıköy_4,10351004.016064256
Kadıköy,150,5.0,10.0,41250000.0,0.0,9.0,14,Dogalgaz,Chatbot,1.0,10,29.411764705882355,1,5.017279836814924,1.791759469228055,750.0,1500.0,12712120.921305181,0,0.0,0.6382978723404256,Kadıköy_5,9932272.727272727
Kadıköy,100,3.0,0.0,30000000.0,0.0,5.0,9,Dogalgaz,Chatbot,1.0,10,32.25806451612903,0,4.61512051684126,1.3862943611198906,300.0,0.0,12712120.921305181,0,0.0,0.5494505494505495,Kadıköy_3,16696702.898550725
Kadıköy,120,4.0,4.0,30000000.0,0.0,7.0,11,Dogalgaz,Chatbot,1.0,10,29.26829268292683,0,4.795790545596741,1.6094379124341003,480.0,480.0,12712120.921305181,0,0.0,0.6306306306306306,Kadıköy_4,10351004.016064256
Kadıköy,140,5.0,6.0,38500000.0,0.0,8.0,13,Dogalgaz,Chatbot,1.0,10,27.450980392156865,1,4.948759890378168,1.791759469228055,700.0,840.0,12712120.921305181,0,0.0,0.6106870229007634,Kadıköy_5,9932272.727272727
Kadıköy,160,5.0,9.0,44000000.0,0.0,10.0,15,Dogalgaz,Chatbot,1.0,10,31.372549019607845,1,5.081404364984463,1.791759469228055,800.0,1440.0,12712120.921305181,0,0.0,0.6622516556291391,Kadıköy_5,9932272.727272727
Kadıköy,180,6.0,7.0,49500000.0,0.0,11.0,16,Dogalgaz,Chatbot,1.0,10,29.508196721311478,1,5.198497031265826,1.9459101490553132,1080.0,1260.0,12712120.921305181,0,0.0,0.6832298136645962,Kadıköy_6,11243000.0
Kadıköy,200,6.0,10.0,55000000.0,0.0,12.0,18,Dogalgaz,Chatbot,1.0,10,32.786885245901644,1,5.303304908059076,1.9459101490553132,1200.0,2000.0,12712120.921305181,0,0.0,0.6629834254143646,Kadıköy_6,11243000.0
Ümraniye,85,3.0,12.0,11900000.0,0.0,3.0,8,Dogalgaz,Chatbot,1.0,19,27.419354838709676,2,4.454347296253507,1.3862943611198906,255.0,1020.0,15131140.350877194,0,0.0,0.3703703703703704,Ümraniye_3,17257142.85714286
Ümraniye,95,3.0,8.0,13300000.0,0.0,4.0,9,Dogalgaz,Chatbot,1.0,19,30.64516129032258,1,4.564348191467836,1.3862943611198906,285.0,760.0,15131140.350877194,0,0.0,0.43956043956043955,Ümraniye_3,17257142.85714286
Ümraniye,105,4.0,5.0,14700000.0,0.0,5.0,10,Dogalgaz,Chatbot,1.0,19,25.60975609756098,0,4.663439094112067,1.6094379124341003,420.0,525.0,15131140.350877194,0,0.0,0.49504950495049505,Ümraniye_4,19050000.0
Ümraniye,115,4.0,3.0,16100000.0,0.0,6.0,11,Dogalgaz,Chatbot,1.0,19,28.04878048780488,0,4.7535901911063645,1.6094379124341003,460.0,345.0,15131140.350877194,0,0.0,0.5405405405405406,Ümraniye_4,19050000.0
Ümraniye,125,5.0,1.0,17500000.0,0.0,7.0,12,Dogalgaz,Chatbot,1.0,19,24.50980392156863,0,4.836281906951478,1.791759469228055,625.0,125.0,15131140.350877194,0,0.0,0.578512396694215,Ümraniye_5,18900000.0
Ümraniye,135,5.0,0.0,18900000.0,0.0,8.0,13,Dogalgaz,Chatbot,1.0,19,26.47058823529412,0,4.912654885736052,1.791759469228055,675.0,0.0,15131140.350877194,0,0.0,0.6106870229007634,Ümraniye_5,18900000.0
Ümraniye,145,5.0,10.0,20300000.0,0.0,9.0,14,Dogalgaz,Chatbot,1.0,19,28.43137254901961,1,4.983606621708336,1.791759469228055,725.0,1450.0,15131140.350877194,0,0.0,0.6382978723404256,Ümraniye_5,18900000.0
Ümraniye,155,6.0,6.0,21700000.0,0.0,10.0,15,Dogalgaz,Chatbot,1.0,19,25.40983606557377,1,5.049856007249537,1.9459101490553132,930.0,930.0,15131140.350877194,0,0.0,0.6622516556291391,Ümraniye_6,23100000.0
Ümraniye,165,6.0,4.0,23100000.0,0.0,11.0,16,Dogalgaz,Chatbot,1.0,19,27.049180327868854,0,5.111987788356544,1.9459101490553132,990.0,660.0,15131140.350877194,0,0.0,0.6832298136645962,Ümraniye_6,23100000.0
Ümraniye,175,6.0,2.0,24500000.0,0.0,12.0,17,Dogalgaz,Chatbot,1.0,19,28.688524590163937,0,5.170483995038151,1.9459101490553132,1050.0,350.0,15131140.350877194,0,0.0,0.7017543859649122,Ümraniye_6,23100000.0
Pendik,80,3.0,6.0,14880000.0,1.0,3.0,8,Dogalgaz,Chatbot,1.0,13,25.806451612903224,1,4.394449154672439,1.3862943611198906,240.0,480.0,4022337.7879858655,0,80.0,0.3703703703703704,Pendik_3,3735718.0939597315
Pendik,90,3.0,4.0,16740000.0,1.0,4.0,9,Dogalgaz,Chatbot,1.0,13,29.032258064516128,0,4.51085950651685,1.3862943611198906,270.0,360.0,4022337.7879858655,0,90.0,0.43956043956043955,Pendik_3,3735718.0939597315
Pendik,100,4.0,2.0,18600000.0,1.0,5.0,10,Dogalgaz,Chatbot,1.0,13,24.390243902439025,0,4.61512051684126,1.6094379124341003,400.0,200.0,4022337.7879858655,0,100.0,0.49504950495049505,Pendik_4,2105924.3333333335
Pendik,110,4.0,0.0,20460000.0,1.0,6.0,11,Dogalgaz,Chatbot,1.0,13,26.82926829268293,0,4.709530201312334,1.6094379124341003,440.0,0.0,4022337.7879858655,0,110.0,0.5405405405405406,Pendik_4,2105924.3333333335
Pendik,120,5.0,1.0,22320000.0,1.0,7.0,12,Dogalgaz,Chatbot,1.0,13,23.529411764705884,0,4.795790545596741,1.791759469228055,600.0,120.0,4022337.7879858655,0,120.0,0.578512396694215,Pendik_5,10867600.0
Pendik,130,5.0,3.0,24180000.0,1.0,8.0,13,Dogalgaz,Chatbot,1.0,13,25.490196078431374,0,4.875197323201151,1.791759469228055,650.0,390.0,4022337.7879858655,0,130.0,0.6106870229007634,Pendik_5,10867600.0
Pendik,140,5.0,5.0,26040000.0,1.0,9.0,14,Dogalgaz,Chatbot,1.0,13,27.450980392156865,0,4.948759890378168,1.791759469228055,700.0,700.0,4022337.7879858655,0,140.0,0.6382978723404256,Pendik_5,10867600.0
Pendik,150,6.0,7.0,27900000.0,1.0,10.0,15,Dogalgaz,Chatbot,1.0,13,24.59016393442623,1,5.017279836814924,1.9459101490553132,900.0,1050.0,4022337.7879858655,0,150.0,0.6622516556291391,Pendik_6,9181916.666666666
Pendik,160,6.0,9.0,29760000.0,1.0,11.0,16,Dogalgaz,Chatbot,1.0,13,26.229508196721312,1,5.081404364984463,1.9459101490553132,960.0,1440.0,4022337.7879858655,0,160.0,0.6832298136645962,Pendik_6,9181916.666666666
Pendik,170,6.0,10.0,31620000.0,1.0,12.0,17,Dogalgaz,Chatbot,1.0,13,27.868852459016395,1,5.14166355650266,1.9459101490553132,1020.0,1700.0,4022337.7879858655,0,170.0,0.7017543859649122,Pendik_6,9181916.666666666
Şişli,100,3.0,3.0,38500000.0,1.0,5.0,12,Dogalgaz,Chatbot,1.0,21,32.25806451612903,0,4.61512051684126,1.3862943611198906,300.0,300.0,31775387.323943663,0,100.0,0.4132231404958678,Şişli_3,26607954.545454547
Şişli,110,4.0,2.0,38115000.0,1.0,0.0,12,Dogalgaz,Chatbot,1.0,21,26.82926829268293,0,4.709530201312334,1.6094379124341003,440.0,220.0,31775387.323943663,1,110.0,0.0,Şişli_4,33970073.52941176
Şişli,120,4.0,1.0,37800000.0,1.0,14.0,15,Merkezi,Chatbot,0.5,21,29.26829268292683,0,4.795790545596741,1.6094379124341003,480.0,120.0,31775387.323943663,0,120.0,0.9271523178807948,Şişli_4,33970073.52941176
Şişli,130,5.0,4.0,47825000.0,1.0,7.0,14,Dogalgaz,Chatbot,1.0,21,25.490196078431374,0,4.875197323201151,1.791759469228055,650.0,520.0,31775387.323943663,0,130.0,0.49645390070921985,Şişli_5,49541666.666666664
Şişli,140,5.0,5.0,46550000.0,1.0,8.0,16,Merkezi,Chatbot,0.5,21,27.450980392156865,0,4.948759890378168,1.791759469228055,700.0,700.0,31775387.323943663,0,140.0,0.49689440993788814,Şişli_5,49541666.666666664
Şişli,150,6.0,3.0,57825000.0,1.0,9.0,18,Dogalgaz,Chatbot,1.0,21,24.59016393442623,0,5.017279836814924,1.9459101490553132,900.0,450.0,31775387.323943663,0,150.0,0.49723756906077343,Şişli_6,61943000.0
Şişli,160,6.0,2.0,53200000.0,1.0,10.0,20,Merkezi,Chatbot,0.5,21,26.229508196721312,0,5.081404364984463,1.9459101490553132,960.0,320.0,31775387.323943663,0,160.0,0.49751243781094523,Şişli_6,61943000.0
Şişli,170,6.0,4.0,65525000.0,1.0,11.0,22,Dogalgaz,Chatbot,1.0,21,27.868852459016395,0,5.14166355650266,1.9459101490553132,1020.0,680.0,31775387.323943663,0,170.0,0.4977375565610859,Şişli_6,61943000.0
Şişli,180,6.0,1.0,59940000.0,1.0,12.0,24,Merkezi,Chatbot,0.5,21,29.508196721311478,0,5.198497031265826,1.9459101490553132,1080.0,180.0,31775387.323943663,0,180.0,0.49792531120331945,Şişli_6,61943000.0
Şişli,190,6.0,3.0,73225000.0,1.0,13.0,26,Dogalgaz,Chatbot,1.0,21,31.14754098360656,0,5.25227342804663,1.9459101490553132,1140.0,570.0,31775387.323943663,0,190.0,0.49808429118773945,Şişli_6,61943000.0
Sarıyer,100,3.0,2.0,42000000.0,1.0,4.0,10,Dogalgaz,Chatbot,1.0,15,32.25806451612903,0,4.61512051684126,1.3862943611198906,300.0,200.0,17196453.112033196,0,100.0,0.39603960396039606,Sarıyer_3,11066987.671232877
Sarıyer,110,4.0,3.0,40315000.0,1.0,11.0,12,Merkezi,Chatbot,0.5,15,26.82926829268293,0,4.709530201312334,1.6094379124341003,440.0,330.0,17196453.112033196,0,110.0,0.9090909090909092,Sarıyer_4,27259729.72972973
Sarıyer,120,4.0,4.0,50400000.0,1.0,7.0,14,Dogalgaz,Chatbot,1.0,15,29.26829268292683,0,4.795790545596741,1.6094379124341003,480.0,480.0,17196453.112033196,0,120.0,0.49645390070921985,Sarıyer_4,27259729.72972973
Sarıyer,130,5.0,5.0,48685000.0,1.0,15.0,16,Merkezi,Chatbot,0.5,15,25.490196078431374,0,4.875197323201151,1.791759469228055,650.0,650.0,17196453.112033196,0,130.0,0.9316770186335402,Sarıyer_5,19499586.111111112
Sarıyer,140,5.0,2.0,58800000.0,1.0,9.0,18,Dogalgaz,Chatbot,1.0,15,27.450980392156865,0,4.948759890378168,1.791759469228055,700.0,280.0,17196453.112033196,0,140.0,0.49723756906077343,Sarıyer_5,19499586.111111112
Sarıyer,150,6.0,1.0,54625000.0,1.0,10.0,20,Merkezi,Chatbot,0.5,15,24.59016393442623,0,5.017279836814924,1.9459101490553132,900.0,150.0,17196453.112033196,0,150.0,0.49751243781094523,Sarıyer_6,32780909.09090909
Sarıyer,160,6.0,3.0,67200000.0,1.0,11.0,22,Dogalgaz,Chatbot,1.0,15,26.229508196721312,0,5.081404364984463,1.9459101490553132,960.0,480.0,17196453.112033196,0,160.0,0.4977375565610859,Sarıyer_6,32780909.09090909
Sarıyer,170,6.0,4.0,62045000.0,1.0,12.0,24,Merkezi,Chatbot,0.5,15,27.868852459016395,0,5.14166355650266,1.9459101490553132,1020.0,680.0,17196453.112033196,0,170.0,0.49792531120331945,Sarıyer_6,32780909.09090909
Sarıyer,180,6.0,2.0,75600000.0,1.0,13.0,26,Dogalgaz,Chatbot,1.0,15,29.508196721311478,0,5.198497031265826,1.9459101490553132,1080.0,360.0,17196453.112033196,0,180.0,0.49808429118773945,Sarıyer_6,32780909.09090909
Sarıyer,190,6.0,5.0,69445000.0,1.0,14.0,28,Merkezi,Chatbot,0.5,15,31.14754098360656,0,5.25227342804663,1.9459101490553132,1140.0,950.0,17196453.112033196,0,190.0,0.49822064056939497,Sarıyer_6,32780909.09090909
Ataşehir,90,3.0,6.0,17010000.0,1.0,4.0,10,Dogalgaz,Chatbot,1.0,1,29.032258064516128,1,4.51085950651685,1.3862943611198906,270.0,540.0,20692056.074766356,0,90.0,0.39603960396039606,Ataşehir_3,18804561.40350877
Ataşehir,100,4.0,4.0,15200000.0,1.0,11.0,12,Merkezi,Chatbot,0.5,1,24.390243902439025,0,4.61512051684126,1.6094379124341003,400.0,400.0,20692056.074766356,0,100.0,0.9090909090909092,Ataşehir_4,29893125.0
Ataşehir,110,4.0,3.0,20790000.0,1.0,7.0,14,Dogalgaz,Chatbot,1.0,1,26.82926829268293,0,4.709530201312334,1.6094379124341003,440.0,330.0,20692056.074766356,0,110.0,0.49645390070921985,Ataşehir_4,29893125.0
Ataşehir,120,5.0,2.0,18240000.0,1.0,8.0,16,Merkezi,Chatbot,0.5,1,23.529411764705884,0,4.795790545596741,1.791759469228055,600.0,240.0,20692056.074766356,0,120.0,0.49689440993788814,Ataşehir_5,21363333.333333332
Ataşehir,130,5.0,5.0,24570000.0,1.0,9.0,18,Dogalgaz,Chatbot,1.0,1,25.490196078431374,0,4.875197323201151,1.791759469228055,650.0,650.0,20692056.074766356,0,130.0,0.49723756906077343,Ataşehir_5,21363333.333333332
Ataşehir,140,5.0,6.0,21280000.0,1.0,10.0,20,Merkezi,Chatbot,0.5,1,27.450980392156865,1,4.948759890378168,1.791759469228055,700.0,840.0,20692056.074766356,0,140.0,0.49751243781094523,Ataşehir_5,21363333.333333332
Ataşehir,150,6.0,4.0,28350000.0,1.0,11.0,22,Dogalgaz,Chatbot,1.0,1,24.59016393442623,0,5.017279836814924,1.9459101490553132,900.0,600.0,20692056.074766356,0,150.0,0.4977375565610859,Ataşehir_6,28040000.0
Ataşehir,160,6.0,3.0,24320000.0,1.0,12.0,24,Merkezi,Chatbot,0.5,1,26.229508196721312,0,5.081404364984463,1.9459101490553132,960.0,480.0,20692056.074766356,0,160.0,0.49792531120331945,Ataşehir_6,28040000.0
Ataşehir,170,6.0,2.0,32130000.0,1.0,13.0,26,Dogalgaz,Chatbot,1.0,1,27.868852459016395,0,5.14166355650266,1.9459101490553132,1020.0,340.0,20692056.074766356,0,170.0,0.49808429118773945,Ataşehir_6,28040000.0
Ataşehir,180,6.0,1.0,27360000.0,1.0,14.0,28,Merkezi,Chatbot,0.5,1,29.508196721311478,0,5.198497031265826,1.9459101490553132,1080.0,180.0,20692056.074766356,0,180.0,0.49822064056939497,Ataşehir_6,28040000.0
Üsküdar,90,3.0,7.0,16065000.0,0.0,3.0,8,Dogalgaz,Chatbot,1.0,20,29.032258064516128,1,4.51085950651685,1.3862943611198906,270.0,630.0,22489044.943820223,0,0.0,0.3703703703703704,Üsküdar_3,21597820.512820512
Üsküdar,100,4.0,5.0,14250000.0,0.0,9.0,10,Merkezi,Chatbot,0.5,20,24.390243902439025,0,4.61512051684126,1.6094379124341003,400.0,500.0,22489044.943820223,0,0.0,0.8910891089108911,Üsküdar_4,26995000.0
Üsküdar,110,4.0,4.0,19635000.0,0.0,6.0,12,Dogalgaz,Chatbot,1.0,20,26.82926829268293,0,4.709530201312334,1.6094379124341003,440.0,440.0,22489044.943820223,0,0.0,0.49586776859504134,Üsküdar_4,26995000.0
Üsküdar,120,5.0,3.0,17100000.0,0.0,7.0,14,Merkezi,Chatbot,0.5,20,23.529411764705884,0,4.795790545596741,1.791759469228055,600.0,360.0,22489044.943820223,0,0.0,0.49645390070921985,Üsküdar_5,20085000.0
Üsküdar,130,5.0,6.0,23205000.0,0.0,8.0,16,Dogalgaz,Chatbot,1.0,20,25.490196078431374,1,4.875197323201151,1.791759469228055,650.0,780.0,22489044.943820223,0,0.0,0.49689440993788814,Üsküdar_5,20085000.0
Üsküdar,140,5.0,7.0,19950000.0,0.0,9.0,18,Merkezi,Chatbot,0.5,20,27.450980392156865,1,4.948759890378168,1.791759469228055,700.0,980.0,22489044.943820223,0,0.0,0.49723756906077343,Üsküdar_5,20085000.0
Üsküdar,150,6.0,5.0,26775000.0,0.0,10.0,20,Dogalgaz,Chatbot,1.0,20,24.59016393442623,0,5.017279836814924,1.9459101490553132,900.0,750.0,22489044.943820223,0,0.0,0.49751243781094523,Üsküdar_6,26392500.0
Üsküdar,160,6.0,4.0,22800000.0,0.0,11.0,22,Merkezi,Chatbot,0.5,20,26.229508196721312,0,5.081404364984463,1.9459101490553132,960.0,640.0,22489044.943820223,0,0.0,0.4977375565610859,Üsküdar_6,26392500.0
Üsküdar,170,6.0,3.0,30345000.0,0.0,12.0,24,Dogalgaz,Chatbot,1.0,20,27.868852459016395,0,5.14166355650266,1.9459101490553132,1020.0,510.0,22489044.943820223,0,0.0,0.49792531120331945,Üsküdar_6,26392500.0
Üsküdar,180,6.0,2.0,25650000.0,0.0,13.0,26,Merkezi,Chatbot,0.5,20,29.508196721311478,0,5.198497031265826,1.9459101490553132,1080.0,360.0,22489044.943820223,0,0.0,0.49808429118773945,Üsküdar_6,26392500.0
Kartal,90,3.0,8.0,13545000.0,1.0,3.0,8,Dogalgaz,Chatbot,1.0,11,29.032258064516128,1,4.51085950651685,1.3862943611198906,270.0,720.0,14139868.421052631,0,90.0,0.3703703703703704,Kartal_3,11513181.818181818
Kartal,100,4.0,6.0,12150000.0,1.0,9.0,10,Merkezi,Chatbot,0.5,11,24.390243902439025,1,4.61512051684126,1.6094379124341003,400.0,600.0,14139868.421052631,0,100.0,0.8910891089108911,Kartal_4,20472142.85714286
Kartal,110,4.0,5.0,16555000.0,1.0,6.0,12,Dogalgaz,Chatbot,1.0,11,26.82926829268293,0,4.709530201312334,1.6094379124341003,440.0,550.0,14139868.421052631,0,110.0,0.49586776859504134,Kartal_4,20472142.85714286
Kartal,120,5.0,4.0,13860000.0,1.0,7.0,14,Merkezi,Chatbot,0.5,11,23.529411764705884,0,4.795790545596741,1.791759469228055,600.0,480.0,14139868.421052631,0,120.0,0.49645390070921985,Kartal_5,16481666.666666666
Kartal,130,5.0,7.0,19565000.0,1.0,8.0,16,Dogalgaz,Chatbot,1.0,11,25.490196078431374,1,4.875197323201151,1.791759469228055,650.0,910.0,14139868.421052631,0,130.0,0.49689440993788814,Kartal_5,16481666.666666666
Kartal,140,5.0,8.0,16020000.0,1.0,9.0,18,Merkezi,Chatbot,0.5,11,27.450980392156865,1,4.948759890378168,1.791759469228055,700.0,1120.0,14139868.421052631,0,140.0,0.49723756906077343,Kartal_5,16481666.666666666
Kartal,150,6.0,6.0,22575000.0,1.0,10.0,20,Dogalgaz,Chatbot,1.0,11,24.59016393442623,1,5.017279836814924,1.9459101490553132,900.0,900.0,14139868.421052631,0,150.0,0.49751243781094523,Kartal_6,21655000.0
Kartal,160,6.0,5.0,18160000.0,1.0,11.0,22,Merkezi,Chatbot,0.5,11,26.229508196721312,0,5.081404364984463,1.9459101490553132,960.0,800.0,14139868.421052631,0,160.0,0.4977375565610859,Kartal_6,21655000.0
Kartal,170,6.0,4.0,25585000.0,1.0,12.0,24,Dogalgaz,Chatbot,1.0,11,27.868852459016395,0,5.14166355650266,1.9459101490553132,1020.0,680.0,14139868.421052631,0,170.0,0.49792531120331945,Kartal_6,21655000.0
Kartal,180,6.0,3.0,20300000.0,1.0,13.0,26,Merkezi,Chatbot,0.5,11,29.508196721311478,0,5.198497031265826,1.9459101490553132,1080.0,540.0,14139868.421052631,0,180.0,0.49808429118773945,Kartal_6,21655000.0
Maltepe,90,3.0,9.0,13162500.0,0.0,3.0,8,Dogalgaz,Chatbot,1.0,12,29.032258064516128,1,4.51085950651685,1.3862943611198906,270.0,810.0,4097244.968911917,0,0.0,0.3703703703703704,Maltepe_3,3813252.9011627906
Maltepe,100,4.0,7.0,11700000.0,0.0,9.0,10,Merkezi,Chatbot,0.5,12,24.390243902439025,1,4.61512051684126,1.6094379124341003,400.0,700.0,4097244.968911917,0,0.0,0.8910891089108911,Maltepe_4,5687843.023255814
Maltepe,110,4.0,6.0,16087500.0,0.0,6.0,12,Dogalgaz,Chatbot,1.0,12,26.82926829268293,1,4.709530201312334,1.6094379124341003,440.0,660.0,4097244.968911917,0,0.0,0.49586776859504134,Maltepe_4,5687843.023255814
Maltepe,120,5.0,5.0,13320000.0,0.0,7.0,14,Merkezi,Chatbot,0.5,12,23.529411764705884,0,4.795790545596741,1.791759469228055,600.0,600.0,4097244.968911917,0,0.0,0.49645390070921985,Maltepe_5,3470460.5263157897
Maltepe,130,5.0,8.0,19012500.0,0.0,8.0,16,Dogalgaz,Chatbot,1.0,12,25.490196078431374,1,4.875197323201151,1.791759469228055,650.0,1040.0,4097244.968911917,0,0.0,0.49689440993788814,Maltepe_5,3470460.5263157897
Maltepe,140,5.0,9.0,15390000.0,0.0,9.0,18,Merkezi,Chatbot,0.5,12,27.450980392156865,1,4.948759890378168,1.791759469228055,700.0,1260.0,4097244.968911917,0,0.0,0.49723756906077343,Maltepe_5,3470460.5263157897
Maltepe,150,6.0,7.0,21937500.0,0.0,10.0,20,Dogalgaz,Chatbot,1.0,12,24.59016393442623,1,5.017279836814924,1.9459101490553132,900.0,1050.0,4097244.968911917,0,0.0,0.49751243781094523,Maltepe_6,5247962.962962963
Maltepe,160,6.0,6.0,17520000.0,0.0,11.0,22,Merkezi,Chatbot,0.5,12,26.229508196721312,1,5.081404364984463,1.9459101490553132,960.0,960.0,4097244.968911917,0,0.0,0.4977375565610859,Maltepe_6,5247962.962962963
Maltepe,170,6.0,5.0,24862500.0,0.0,12.0,24,Dogalgaz,Chatbot,1.0,12,27.868852459016395,0,5.14166355650266,1.9459101490553132,1020.0,850.0,4097244.968911917,0,0.0,0.49792531120331945,Maltepe_6,5247962.962962963
Maltepe,180,6.0,4.0,19710000.0,0.0,13.0,26,Merkezi,Chatbot,0.5,12,29.508196721311478,0,5.198497031265826,1.9459101490553132,1080.0,720.0,4097244.968911917,0,0.0,0.49808429118773945,Maltepe_6,5247962.962962963
Arnavutköy,90,3.0,10.0,5197500.0,0.0,2.0,6,Dogalgaz,Chatbot,1.0,0,29.032258064516128,1,4.51085950651685,1.3862943611198906,270.0,900.0,6318359.375,0,0.0,0.3278688524590164,Arnavutköy_3,5973166.666666667
Arnavutköy,100,4.0,12.0,4500000.0,0.0,7.0,8,Merkezi,Chatbot,0.5,0,24.390243902439025,2,4.61512051684126,1.6094379124341003,400.0,1200.0,6318359.375,0,0.0,0.8641975308641976,Arnavutköy_4,5426250.0
Arnavutköy,110,4.0,8.0,6352500.0,0.0,5.0,10,Dogalgaz,Chatbot,1.0,0,26.82926829268293,1,4.709530201312334,1.6094379124341003,440.0,880.0,6318359.375,0,0.0,0.49504950495049505,Arnavutköy_4,5426250.0
Arnavutköy,120,5.0,6.0,5400000.0,0.0,6.0,12,Merkezi,Chatbot,0.5,0,23.529411764705884,1,4.795790545596741,1.791759469228055,600.0,720.0,6318359.375,0,0.0,0.49586776859504134,Arnavutköy_5,6402500.0
Arnavutköy,130,5.0,9.0,7507500.0,0.0,7.0,14,Dogalgaz,Chatbot,1.0,0,25.490196078431374,1,4.875197323201151,1.791759469228055,650.0,1170.0,6318359.375,0,0.0,0.49645390070921985,Arnavutköy_5,6402500.0
Arnavutköy,140,5.0,11.0,6300000.0,0.0,8.0,16,Merkezi,Chatbot,0.5,0,27.450980392156865,2,4.948759890378168,1.791759469228055,700.0,1540.0,6318359.375,0,0.0,0.49689440993788814,Arnavutköy_5,6402500.0
Arnavutköy,150,6.0,10.0,8662500.0,0.0,9.0,18,Dogalgaz,Chatbot,1.0,0,24.59016393442623,1,5.017279836814924,1.9459101490553132,900.0,1500.0,6318359.375,0,0.0,0.49723756906077343,Arnavutköy_6,8445000.0
Arnavutköy,160,6.0,8.0,7200000.0,0.0,10.0,20,Merkezi,Chatbot,0.5,0,26.229508196721312,1,5.081404364984463,1.9459101490553132,960.0,1280.0,6318359.375,0,0.0,0.49751243781094523,Arnavutköy_6,8445000.0
Arnavutköy,170,6.0,7.0,9817500.0,0.0,11.0,22,Dogalgaz,Chatbot,1.0,0,27.868852459016395,1,5.14166355650266,1.9459101490553132,1020.0,1190.0,6318359.375,0,0.0,0.4977375565610859,Arnavutköy_6,8445000.0
Arnavutköy,180,6.0,6.0,8100000.0,0.0,12.0,24,Merkezi,Chatbot,0.5,0,29.508196721311478,1,5.198497031265826,1.9459101490553132,1080.0,1080.0,6318359.375,0,0.0,0.49792531120331945,Arnavutköy_6,8445000.0
Silivri,90,3.0,11.0,4961250.0,1.0,2.0,6,Dogalgaz,Chatbot,1.0,16,29.032258064516128,2,4.51085950651685,1.3862943611198906,270.0,990.0,6126118.421052632,0,90.0,0.3278688524590164,Silivri_3,4961250.0
Silivri,100,4.0,13.0,4275000.0,1.0,7.0,8,Merkezi,Chatbot,0.5,16,24.390243902439025,2,4.61512051684126,1.6094379124341003,400.0,1300.0,6126118.421052632,0,100.0,0.8641975308641976,Silivri_4,5176875.0
Silivri,110,4.0,9.0,6078750.0,1.0,5.0,10,Dogalgaz,Chatbot,1.0,16,26.82926829268293,1,4.709530201312334,1.6094379124341003,440.0,990.0,6126118.421052632,0,110.0,0.49504950495049505,Silivri_4,5176875.0
Silivri,120,5.0,7.0,5130000.0,1.0,6.0,12,Merkezi,Chatbot,0.5,16,23.529411764705884,1,4.795790545596741,1.791759469228055,600.0,840.0,6126118.421052632,0,120.0,0.49586776859504134,Silivri_5,6088750.0
Silivri,130,5.0,10.0,7196250.0,1.0,7.0,14,Dogalgaz,Chatbot,1.0,16,25.490196078431374,1,4.875197323201151,1.791759469228055,650.0,1300.0,6126118.421052632,0,130.0,0.49645390070921985,Silivri_5,6088750.0
Silivri,140,5.0,12.0,5940000.0,1.0,8.0,16,Merkezi,Chatbot,0.5,16,27.450980392156865,2,4.948759890378168,1.791759469228055,700.0,1680.0,6126118.421052632,0,140.0,0.49689440993788814,Silivri_5,6088750.0
Silivri,150,6.0,11.0,8313750.0,1.0,9.0,18,Dogalgaz,Chatbot,1.0,16,24.59016393442623,2,5.017279836814924,1.9459101490553132,900.0,1650.0,6126118.421052632,0,150.0,0.49723756906077343,Silivri_6,7878750.0
Silivri,160,6.0,9.0,6480000.0,1.0,10.0,20,Merkezi,Chatbot,0.5,16,26.229508196721312,1,5.081404364984463,1.9459101490553132,960.0,1440.0,6126118.421052632,0,160.0,0.49751243781094523,Silivri_6,7878750.0
Silivri,170,6.0,8.0,9431250.0,1.0,11.0,22,Dogalgaz,Chatbot,1.0,16,27.868852459016395,1,5.14166355650266,1.9459101490553132,1020.0,1360.0,6126118.421052632,0,170.0,0.4977375565610859,Silivri_6,7878750.0
Silivri,180,6.0,7.0,7290000.0,1.0,12.0,24,Merkezi,Chatbot,0.5,16,29.508196721311478,1,5.198497031265826,1.9459101490553132,1080.0,1260.0,6126118.421052632,0,180.0,0.49792531120331945,Silivri_6,7878750.0
